Date,Category,Assets,Nonfinancial assets,Real estate,Consumer durables,Financial assets,Deposits,Money market fund shares,Debt securities,U.S. government and municipal securities,Corporate and foreign bonds,Loans (Assets),Other loans and advances (Assets),Mortgages,Corporate equities and mutual fund shares,Life insurance reserves,Annuities,DC pension entitlements,DB pension entitlements,Miscellaneous other equity,Miscellaneous assets,Liabilities,Loans (Liabilities),Home mortgages,Consumer credit,Depository institutions loans n.e.c.,Other loans and advances (Liabilities),Deferred and unpaid life insurance premiums,Net worth,Household count,Minimum Income Cutoff,Maximum Income Cutoff
1989:Q3,pct99to100,15,9.1,7.8,14,18.6,10.8,27,37.9,34.9,53,24.3,38.3,5.3,35.9,11.7,3.4,13.9,3.1,28.3,7.5,4.8,4.8,4.5,3.5,29.4,16.3,10.9,16.6,932085,244112,269339680
1989:Q3,pct80to99,44.3,42.5,44.1,36.9,45.4,41.4,47.6,38.1,42.1,17.7,43.6,28.3,64.2,44.3,48.4,61.4,60.1,44.7,48,42.6,47.1,47.1,52,31.9,37.1,55,48.8,43.9,17675318,52161,244112
1989:Q3,pct60to80,17.9,20.9,20.4,22.7,16.1,17.9,16,12.4,11.2,18.5,9,8.2,10.1,10.9,21.3,20.6,12,24.3,9.5,22.1,26.6,26.6,25.6,31.2,8.5,17.9,21.5,16.5,18601249,32302,52161
1989:Q3,pct40to60,12.6,14.2,14.5,13.2,11.6,15.3,5.5,7.6,7.3,9.2,8.4,4.5,13.6,5.8,9.4,12.2,5.7,18.1,8.3,14.7,13.5,13.5,11.7,20.3,16.1,3.2,9.5,12.5,18605233,20512,32291
1989:Q3,pct20to40,7.4,9.6,9.7,9.1,6.1,10.7,3.3,3.1,3.6,0.8,13.3,20.3,3.8,2,5.9,2,7.2,6.8,4.3,9.1,6,6,5.1,8.9,5.5,3.5,6,7.6,18612879,10366,20458
1989:Q3,pct00to20,2.8,3.6,3.5,4,2.3,3.8,0.6,0.8,0.8,0.7,1.5,0.4,3,1.1,3.3,0.3,1,3,1.6,4,2,2,1.1,4.2,3.4,4,3.4,2.9,18593339,0,10361
1989:Q4,pct99to100,15.1,9.2,7.8,14,18.6,10.8,27.6,38,35.1,51.7,25.1,37.9,6.5,35.4,11.4,3.5,14.1,3.2,28.7,7.5,5,4.9,4.7,3.4,28.8,18.2,12.1,16.7,934371,,
1989:Q4,pct80to99,44.2,42.5,44.1,36.7,45.3,41.4,47.6,38.4,42.2,19.6,42.6,29.6,61.5,44.6,48.3,60.8,60.1,44.6,47.5,42.3,46.8,46.8,51.8,31.8,37.2,53,48.4,43.9,17723083,,
1989:Q4,pct60to80,17.9,20.9,20.4,22.6,16.1,17.9,15.2,12.4,11.3,18,8.9,8.2,10,10.9,21,21.2,12.6,24.5,9.7,22.1,26.5,26.5,25.5,31,8.5,17.6,20.8,16.6,18647836,,
1989:Q4,pct40to60,12.5,14.2,14.4,13.3,11.6,15.4,5.6,7.4,7.1,8.9,9,5.1,14.6,5.9,9.9,12,5.6,17.7,8.4,14.8,13.5,13.5,11.7,20.3,16,3.7,9.4,12.4,18654257,,
1989:Q4,pct20to40,7.4,9.5,9.6,9.2,6.1,10.7,3.3,3.1,3.5,1,12.8,18.7,4.1,2.1,6.2,2.2,6.6,7,4.2,9.2,6.1,6.1,5.1,9.4,6,3.6,6.1,7.6,18660668,,
1989:Q4,pct00to20,2.8,3.8,3.7,4.2,2.3,3.8,0.6,0.8,0.7,0.8,1.6,0.5,3.3,1.1,3.3,0.3,1,3,1.6,4.1,2.1,2.1,1.2,4.2,3.4,4,3.3,2.9,18642024,,
1990:Q1,pct99to100,15,9.1,7.9,13.5,18.4,10.7,28.3,38,35.3,51.4,26.7,37.9,7.7,34.3,10.9,3.6,14.4,3.3,29,7.4,5.1,5.1,4.9,3.1,28.1,19.5,10.9,16.5,936661,,
1990:Q1,pct80to99,44.1,42.2,43.7,36.8,45.2,41.3,47.9,38.9,42.5,20.8,41.6,31.5,58.7,44.8,48.1,60.2,60.3,44.4,47,41.9,46.6,46.6,51.4,31.6,37.4,52.7,48.4,43.7,17770491,,
1990:Q1,pct60to80,18,20.9,20.4,22.6,16.3,17.9,14.3,12.3,11.3,17.4,9,8.5,9.8,11.1,20.9,21.7,12.8,24.6,9.9,22.1,26.3,26.3,25.5,30.5,8.5,16.7,21,16.7,18694579,,
1990:Q1,pct40to60,12.6,14.2,14.4,13.6,11.6,15.5,5.6,7,6.8,8.4,9.2,5.3,15.7,6.3,10.3,11.7,5.4,17.4,8.4,15,13.6,13.6,11.8,20.4,16,4.1,10,12.4,18703048,,
1990:Q1,pct20to40,7.5,9.6,9.7,9.3,6.2,10.7,3.3,3.1,3.5,1.1,11.8,16.1,4.5,2.4,6.5,2.4,6.2,7.2,4,9.4,6.1,6.1,5.1,9.6,6.6,3.5,6.4,7.7,18708356,,
1990:Q1,pct00to20,2.9,3.9,3.9,4.2,2.3,3.9,0.6,0.7,0.7,0.9,1.7,0.7,3.5,1.2,3.2,0.3,0.9,3,1.7,4.3,2.2,2.2,1.3,4.7,3.5,3.6,3.2,3,18690634,,
1990:Q2,pct99to100,15,9.2,8,13.5,18.5,10.6,28.6,38,35.6,50,26.6,37.1,9,33.8,10.6,3.6,14.7,3.4,29.4,7.4,5.3,5.3,5.1,3,27.5,21,10.6,16.6,938954,,
1990:Q2,pct80to99,44,42.3,43.9,36.5,45.1,41.2,47.5,39.1,42.3,22.9,41.2,32.5,56.1,45,48,59.6,60.5,44.3,46.5,41.8,46.4,46.4,51.1,31.4,37.6,51.3,48.3,43.7,17817579,,
1990:Q2,pct60to80,18,20.9,20.4,22.5,16.4,17.9,14,12.4,11.5,16.8,8.7,8.2,9.7,11,20.8,22.3,13.1,24.7,10.1,22.1,26.1,26.1,25.3,30.2,8.4,16.2,20.8,16.8,18741493,,
1990:Q2,pct40to60,12.5,14.1,14.2,13.6,11.6,15.6,5.9,6.8,6.5,8.1,10.2,6.4,16.7,6.4,10.8,11.5,5.2,17.1,8.5,14.9,13.6,13.6,11.9,20.5,15.8,4.6,10.4,12.3,18751642,,
1990:Q2,pct20to40,7.4,9.6,9.6,9.5,6.2,10.7,3.3,3,3.3,1.3,11.4,15.2,4.9,2.5,6.8,2.6,5.7,7.4,3.9,9.5,6.2,6.2,5.1,10,7.2,3.5,6.7,7.6,18755973,,
1990:Q2,pct00to20,3,4.1,4,4.4,2.3,3.9,0.7,0.8,0.8,1,1.8,0.6,3.7,1.2,3.1,0.4,0.9,3,1.7,4.3,2.3,2.3,1.5,4.8,3.5,3.4,3.1,3.1,18739196,,
1990:Q3,pct99to100,14.7,9.1,8.1,12.9,18,10.5,29.2,38,35.9,49.1,26.8,36.3,10.2,31.5,10.2,3.7,15.1,3.5,29.7,7.3,5.5,5.4,5.2,2.9,26.9,23.5,10.2,16.2,941252,,
1990:Q3,pct80to99,43.8,41.9,43.4,36.7,44.9,41.2,47.7,39.2,41.9,24.6,40.9,33.7,53.4,45.4,47.9,59.2,60.8,44.2,46,41.6,46.1,46.1,50.9,31.3,37.8,47.7,48.2,43.4,17864388,,
1990:Q3,pct60to80,18.2,20.9,20.4,22.5,16.6,17.9,13.2,12.5,11.8,16.2,8.6,8,9.5,11.6,20.6,22.7,13.1,24.8,10.3,22.1,26,26,25.3,30,8.4,16.3,20.7,17,18788591,,
1990:Q3,pct40to60,12.7,14.1,14.2,14,11.8,15.7,5.9,6.5,6.2,7.6,11.2,7.3,17.8,7.2,11.2,11.3,4.8,16.9,8.6,15,13.7,13.7,11.9,20.5,15.7,5.1,10.9,12.5,18800074,,
1990:Q3,pct20to40,7.6,9.7,9.7,9.5,6.3,10.7,3.3,2.9,3.2,1.5,10.8,14,5.2,2.9,7.1,2.7,5.3,7.6,3.7,9.6,6.4,6.4,5.1,10.4,7.7,3.8,6.9,7.8,18803548,,
1990:Q3,pct00to20,3.1,4.2,4.2,4.4,2.4,4,0.7,1,0.9,1,1.8,0.6,3.9,1.3,3,0.4,0.8,3,1.8,4.4,2.4,2.4,1.5,4.9,3.4,3.6,3.1,3.2,18787733,,
1990:Q4,pct99to100,14.9,9.2,8.2,12.6,18.3,10.6,29.6,37.9,36.2,45.7,27.5,36,11.4,31.7,9.8,3.8,15.3,3.6,30.1,7.3,5.6,5.5,5.3,2.8,26.1,24.7,11,16.5,943556,,
1990:Q4,pct80to99,43.6,41.6,43,36.8,44.8,41.2,47.6,39.2,41.6,28.2,40.6,35.2,50.8,45.6,47.7,58.8,60.7,44,45.5,41.4,45.9,45.9,50.8,31.1,38,47.4,47.9,43.2,17910958,,
1990:Q4,pct60to80,18.2,20.9,20.4,22.5,16.6,17.9,12.6,12.7,12.1,15.7,8.6,8.1,9.3,11.4,20.5,23.1,13.8,24.9,10.5,22.1,25.9,25.9,25.3,29.7,8.4,15.5,20.2,17,18835889,,
1990:Q4,pct40to60,12.6,14.3,14.3,14.2,11.7,15.8,6.1,6.3,6,7.5,11.6,7.8,18.8,7.1,11.7,11,4.7,16.6,8.6,15.1,13.7,13.7,11.9,20.5,15.6,5.5,10.9,12.4,18848380,,
1990:Q4,pct20to40,7.5,9.7,9.8,9.5,6.2,10.6,3.3,2.8,3.1,1.8,9.8,12,5.5,3,7.3,2.9,4.7,7.8,3.6,9.7,6.4,6.4,5.1,10.8,8.4,3.7,7,7.7,18851111,,
1990:Q4,pct00to20,3.1,4.4,4.4,4.4,2.4,4,0.7,1.1,1.1,1.1,1.9,0.8,4.1,1.3,2.9,0.4,0.7,3,1.8,4.5,2.5,2.5,1.6,5.1,3.5,3.3,3,3.2,18836269,,
1991:Q1,pct99to100,15.2,9.2,8.2,12.5,18.6,10.5,30.2,37.7,36.2,43.8,27.5,35.1,12.8,32.2,9.4,3.8,15.3,3.7,30.3,7.3,5.7,5.6,5.4,2.5,25,26.2,10.4,16.7,945867,,
1991:Q1,pct80to99,43.6,41.5,42.9,36.6,44.8,41.1,48.1,40.3,42.6,30.8,40.6,36.5,48.5,45.7,47.6,58.4,60.5,43.9,45,41.3,45.9,45.9,50.6,31,38.3,46.2,47.8,43.3,17957327,,
1991:Q1,pct60to80,18.1,20.9,20.4,22.4,16.6,17.9,11.7,12.4,11.7,15,8.3,7.9,9.2,11,20.4,23.5,14.6,25,10.7,22.1,25.7,25.7,25.3,29.2,8.3,14.9,20.2,16.9,18883401,,
1991:Q1,pct40to60,12.5,14.2,14.2,14.3,11.5,15.9,6,5.9,5.6,7.1,12.6,8.9,19.7,6.8,12.1,10.8,4.8,16.4,8.6,15.1,13.6,13.7,11.9,20.6,15.5,5.9,11.4,12.3,18896595,,
1991:Q1,pct20to40,7.4,9.7,9.7,9.7,6.2,10.6,3.4,2.9,3.1,2,9.1,10.8,5.7,2.9,7.6,3,4.1,8,3.5,9.7,6.4,6.4,5.1,11,9.3,3.7,7.3,7.6,18898690,,
1991:Q1,pct00to20,3.1,4.5,4.5,4.5,2.3,4,0.6,0.8,0.7,1.2,1.9,0.7,4.2,1.3,2.9,0.4,0.6,3.1,1.8,4.6,2.6,2.6,1.6,5.7,3.6,3.1,2.9,3.2,18884830,,
1991:Q2,pct99to100,15.1,9.2,8.3,12.2,18.4,10.2,30.6,37.5,36.5,41.8,27,33.8,14.1,31.4,9.1,3.9,15.6,3.8,30.6,7.3,5.8,5.8,5.6,2.4,24.3,27.7,9.5,16.6,948186,,
1991:Q2,pct80to99,43.5,41.4,42.8,36.6,44.7,40.9,47.7,40.7,42.4,33.4,40.5,37.7,45.9,46,47.5,58,60.6,43.8,44.5,41.1,45.7,45.7,50.4,30.8,38.6,44.9,47.8,43.1,18003536,,
1991:Q2,pct60to80,18.2,20.9,20.4,22.4,16.7,18,11.4,12.4,11.9,14.4,8,7.5,9,11.1,20.3,23.9,15,25.1,10.9,22.2,25.5,25.6,25.2,28.9,8.3,14.4,20.2,17,18931142,,
1991:Q2,pct40to60,12.5,14.2,14.1,14.5,11.5,16.1,6.2,5.6,5.4,6.8,14,10.5,20.7,7,12.5,10.6,4.6,16.1,8.7,15.1,13.7,13.7,11.9,20.7,15.3,6.4,12,12.3,18944754,,
1991:Q2,pct20to40,7.5,9.7,9.7,9.8,6.2,10.7,3.4,2.8,3,2.2,8.5,9.9,5.9,3.1,7.8,3.2,3.7,8.2,3.4,9.8,6.5,6.5,5.1,11.3,10,3.7,7.6,7.6,18946316,,
1991:Q2,pct00to20,3.2,4.6,4.6,4.6,2.4,4.1,0.7,0.9,0.8,1.3,1.9,0.7,4.4,1.3,2.8,0.4,0.6,3.1,1.9,4.6,2.7,2.7,1.7,5.9,3.5,2.9,2.8,3.3,18933439,,
1991:Q3,pct99to100,15.1,9.1,8.4,11.6,18.6,10,30.9,37.7,36.8,41.7,27.1,33,15.4,31.3,8.7,4,15.7,3.8,30.9,7.2,6,6,5.8,2.3,23.2,27.7,8.6,16.6,950514,,
1991:Q3,pct80to99,43.3,41.1,42.3,36.7,44.6,40.7,47.5,40.8,42.1,34.9,40.7,39.2,43.6,46.2,47.4,57.6,60.5,43.6,44,41,45.7,45.7,50.2,30.6,38.9,46.9,47.7,43,18049624,,
1991:Q3,pct60to80,18.3,20.9,20.4,22.4,16.8,18.1,11,12.4,12.2,13.5,7.8,7.3,8.8,11,20.2,24.2,15.6,25.2,11.2,22.2,25.2,25.2,24.9,28.5,8.3,13.2,20.3,17.2,18979127,,
1991:Q3,pct40to60,12.5,14.3,14.1,14.9,11.5,16.2,6.4,5.3,5.1,6.1,15,11.6,21.7,7,12.9,10.4,4.6,15.9,8.7,15.1,13.7,13.7,12,20.8,15.2,6.6,12.6,12.3,18992894,,
1991:Q3,pct20to40,7.5,9.9,9.9,9.8,6.2,10.8,3.4,2.8,2.8,2.4,7.5,8.3,6,3.2,8.1,3.3,3.2,8.3,3.2,9.8,6.6,6.6,5.2,11.8,11,3.4,8,7.6,18994016,,
1991:Q3,pct00to20,3.2,4.8,4.8,4.5,2.4,4.2,0.7,1.1,1,1.4,1.9,0.7,4.4,1.3,2.7,0.4,0.5,3.1,1.9,4.7,2.8,2.8,1.9,6,3.5,2.3,2.8,3.3,18982121,,
1991:Q4,pct99to100,15.5,9.1,8.5,11.3,19,9.9,31.4,37.7,37,40.5,27.9,32.8,17,32.3,8.3,4,15.8,3.9,31.2,7.2,6.2,6.2,6,2.2,21.9,27.5,8,17,952851,,
1991:Q4,pct80to99,43.3,40.9,42.1,36.7,44.6,40.7,47.4,41.3,42.1,37.2,41.2,40.9,41.7,46.2,47.3,57.3,60.4,43.5,43.4,40.8,45.6,45.6,50,30.4,39.2,48.8,47.6,42.9,18095631,,
1991:Q4,pct60to80,18.2,20.9,20.4,22.4,16.7,18.1,10.6,12.4,12.3,12.6,7.8,7.5,8.6,10.6,20.1,24.6,16.2,25.3,11.5,22.2,25,25,24.8,28.3,8.2,12.2,20.3,17.1,19027370,,
1991:Q4,pct40to60,12.4,14.3,14.1,15.1,11.3,16.3,6.6,4.9,4.8,5.5,15.3,11.9,22.5,6.6,13.3,10.2,4.6,15.7,8.8,15.1,13.8,13.8,12,20.8,15,6.7,13.1,12.1,19041049,,
1991:Q4,pct20to40,7.4,9.9,9.9,9.9,6,10.8,3.4,2.7,2.7,2.6,6,6,5.8,3.1,8.4,3.4,2.7,8.5,3.1,9.9,6.7,6.7,5.2,12.2,12.1,3.1,8.3,7.5,19041822,,
1991:Q4,pct00to20,3.3,4.9,5,4.6,2.4,4.2,0.8,1.1,1,1.6,1.9,0.8,4.3,1.3,2.6,0.5,0.4,3.1,2,4.7,2.9,2.9,2,6,3.6,1.7,2.7,3.3,19030901,,
1992:Q1,pct99to100,15.3,9.1,8.5,11.3,18.8,9.1,31.8,37.5,37.3,38.4,26.7,30.5,18.7,31.4,8,4.1,16.1,4,31.5,7.2,6.4,6.4,6.3,2.1,20.4,29.5,7.5,16.8,955200,,
1992:Q1,pct80to99,43.2,40.8,42,36.6,44.5,40.2,47.5,41.7,42,40.2,41.5,42.4,39.7,46.4,47.2,56.9,60.6,43.5,42.9,40.7,45.3,45.3,49.7,30.1,39.6,46.3,47.5,42.8,18141596,,
1992:Q1,pct60to80,18.3,20.8,20.4,22.3,16.9,18.5,10,12.4,12.5,11.8,7.2,6.6,8.4,10.7,20,24.9,16.5,25.4,11.7,22.2,24.6,24.6,24.5,27.7,8.1,12,20.2,17.3,19075887,,
1992:Q1,pct40to60,12.4,14.3,14,15.2,11.3,16.7,6.6,4.6,4.5,5,17.5,14.7,23.4,6.9,13.7,10,4.3,15.4,8.8,15.1,13.9,13.9,12.1,21.1,14.8,7.2,13.6,12.1,19089255,,
1992:Q1,pct20to40,7.4,9.9,9.9,10,6.1,11.1,3.4,2.7,2.6,2.9,5.4,5.3,5.6,3.3,8.6,3.6,2.2,8.6,3,10,6.8,6.8,5.2,12.6,13.3,3.3,8.6,7.5,19089761,,
1992:Q1,pct00to20,3.4,5,5.1,4.7,2.4,4.5,0.8,1.2,1,1.7,1.8,0.6,4.2,1.3,2.6,0.5,0.3,3.1,2.1,4.8,3,3,2.1,6.4,3.7,1.7,2.6,3.4,19079802,,
1992:Q2,pct99to100,15.1,9.1,8.6,11,18.5,8.9,32.2,37.3,37.5,36.7,26.4,29.1,20.4,30.7,7.6,4.2,16.3,3.8,31.8,7.2,6.6,6.6,6.5,2,18.8,29.9,7.1,16.5,957560,,
1992:Q2,pct80to99,43.2,40.7,41.9,36.4,44.6,40,47.1,42.7,42.6,43.1,42.2,44.2,37.7,46.7,47,56.6,60.6,43.8,42.3,40.5,45.2,45.2,49.5,29.8,40,47,47.4,42.9,18187559,,
1992:Q2,pct60to80,18.3,20.8,20.4,22.2,17,18.6,9.6,12.1,12.4,10.9,6.9,6.3,8.2,10.7,19.9,25.2,16.8,25.1,12,22.2,24.3,24.3,24.3,27.3,8.1,11.2,20.1,17.4,19124691,,
1992:Q2,pct40to60,12.4,14.2,13.9,15.4,11.4,16.9,6.8,4.2,4.2,4.4,18.8,16.3,24.3,7.1,14,9.9,4.2,15.3,8.9,15.2,13.9,13.9,12.2,21.3,14.6,7.4,14.1,12.2,19137548,,
1992:Q2,pct20to40,7.5,9.9,9.9,10.2,6.1,11.2,3.4,2.7,2.6,3.2,4.1,3.5,5.4,3.5,8.9,3.7,1.8,8.8,2.9,10.1,6.9,6.9,5.3,13.2,14.7,3.1,8.9,7.6,19137863,,
1992:Q2,pct00to20,3.4,5.2,5.3,4.8,2.5,4.6,0.8,1,0.8,1.8,1.7,0.6,4.1,1.4,2.5,0.5,0.3,3.2,2.1,4.9,3.1,3.1,2.3,6.5,3.8,1.4,2.5,3.5,19128851,,
1992:Q3,pct99to100,15.1,9,8.6,10.3,18.4,8.7,32.6,37.4,37.8,35.9,25.7,27.2,22.1,30.6,7.4,4.2,16.4,3.6,32.2,7.1,6.7,6.7,6.6,1.9,17.2,31.2,6.8,16.4,959934,225991,213796720
1992:Q3,pct80to99,43.1,40.2,41.2,36.7,44.6,39.9,46.8,43,42.4,45.7,43,46.3,35.5,46.8,46.9,56.3,60.6,44.2,41.7,40.3,45,45,49.3,29.6,40.5,45.9,47.2,42.8,18233559,54012,225991
1992:Q3,pct60to80,18.3,20.9,20.5,22.3,16.9,18.6,9.3,12.1,12.6,9.6,6.4,5.7,8,10.7,19.8,25.5,17.3,24.8,12.3,22.2,24.2,24.2,24.2,27,8,10.8,19.9,17.4,19173797,34261,54012
1992:Q3,pct40to60,12.5,14.4,14,15.8,11.4,17,7.1,3.8,3.9,3.5,20.6,18.6,25.2,7.1,14.4,9.7,4.1,15.2,8.9,15.2,14,14,12.2,21.3,14.4,7.8,14.5,12.3,19185963,20498,34261
1992:Q3,pct20to40,7.5,10.2,10.2,10.2,6.1,11.2,3.4,2.6,2.5,3.4,2.8,1.7,5.2,3.5,9.1,3.8,1.4,8.9,2.7,10.1,7,6.9,5.3,13.6,16.2,3.1,9.1,7.6,19186158,10872,20498
1992:Q3,pct00to20,3.5,5.3,5.5,4.7,2.5,4.6,0.9,1.1,0.9,2,1.6,0.5,3.9,1.4,2.4,0.5,0.2,3.3,2.2,5,3.2,3.2,2.3,6.6,3.8,1.2,2.5,3.6,19178070,0,10864
1992:Q4,pct99to100,15.4,9.1,8.7,10.3,18.9,9.2,32,38.1,38.2,38.1,28,30.4,22.3,31.7,8.1,4.2,16.3,3.5,32,7.2,6.7,6.7,6.6,1.9,17.3,31.2,7.3,16.8,962322,,
1992:Q4,pct80to99,43,40.1,41.1,36.7,44.6,39.7,46.5,42.5,42.1,44,41.8,44.5,35.6,46.4,46.1,56.4,59.9,44.4,41.7,40,44.7,44.7,49,30,39.7,44.8,46.5,42.7,18279644,,
1992:Q4,pct60to80,18.3,20.9,20.5,22.4,16.8,18.5,9.5,11.6,12.2,9,6.8,6,8.7,10.5,20.2,25.3,17.2,24.7,12.3,22.3,24.3,24.3,24.4,26.9,8.8,11.1,20.3,17.3,19223226,,
1992:Q4,pct40to60,12.3,14.4,14,15.8,11.2,16.8,7.1,3.9,3.9,3.7,19.3,17.1,24.3,6.6,14.1,10,4.6,15.3,8.7,15.2,14,14,12.3,21.2,15,7.6,14.3,12.1,19234543,,
1992:Q4,pct20to40,7.5,10.1,10.1,10.1,6,11.2,3.8,2.8,2.7,3.4,2.6,1.5,5.2,3.4,9.1,3.6,1.7,8.9,2.9,10.2,7.1,7.1,5.4,13.5,15.3,4,9.1,7.5,19234681,,
1992:Q4,pct00to20,3.5,5.3,5.5,4.7,2.5,4.6,1.1,1.1,0.9,1.9,1.5,0.5,3.9,1.3,2.5,0.5,0.4,3.3,2.4,5,3.2,3.2,2.4,6.6,3.9,1.4,2.5,3.6,19227491,,
1993:Q1,pct99to100,15.6,9.2,8.7,11.2,19,9.3,31.5,38.3,38.5,37.4,30.6,33.8,22.4,31.9,8.7,4.1,16,3.4,31.9,7.3,6.6,6.6,6.5,1.7,17.4,30.2,7.8,17,964728,,
1993:Q1,pct80to99,43,40.3,41.5,36.1,44.5,39.2,46.6,42.5,42.1,43.9,40.9,43,35.6,46.3,45.3,56.6,59.1,44.5,41.8,39.7,44.7,44.7,48.8,30.2,39,45.8,45.8,42.7,18325885,,
1993:Q1,pct60to80,18.2,21,20.6,22.3,16.7,18.7,9.5,11.2,11.7,9,7.5,6.7,9.5,10.6,20.6,25,17.2,24.5,12.2,22.4,24.2,24.2,24.5,26.4,9.5,11,20.6,17.3,19273017,,
1993:Q1,pct40to60,12.2,14.2,13.9,15.2,11.1,16.7,7.1,4.1,4,4.5,17.3,15,23.4,6.5,13.8,10.3,5.1,15.4,8.5,15.2,14,14,12.3,21.4,15.7,7.2,14,11.9,19283359,,
1993:Q1,pct20to40,7.4,9.9,9.9,10.3,6.1,11.4,4.1,3,2.9,3.4,2.2,1,5.2,3.4,9,3.4,2,8.9,3,10.2,7.1,7.1,5.6,13.2,14.4,4.5,9.1,7.5,19283494,,
1993:Q1,pct00to20,3.5,5.3,5.4,4.9,2.6,4.7,1.2,1,0.8,1.7,1.6,0.6,3.9,1.3,2.6,0.5,0.5,3.3,2.7,5.1,3.3,3.3,2.4,7.1,4,1.2,2.6,3.6,19277162,,
1993:Q2,pct99to100,15.6,9.2,8.7,11.1,19.1,9.6,30.9,38.6,38.8,38.2,32.7,36.3,22.6,31.9,9.4,4.1,15.9,3.2,31.8,7.4,6.6,6.5,6.5,1.5,17.7,30.3,8.4,17.1,967155,,
1993:Q2,pct80to99,42.9,40.2,41.3,36.1,44.4,38.9,46.4,42.6,42.4,43,40.2,41.8,35.6,46.1,44.5,56.7,58.6,44.6,41.8,39.5,44.5,44.5,48.5,30.6,38.2,44.7,45.1,42.7,18372364,,
1993:Q2,pct60to80,18.2,21.1,20.7,22.5,16.7,18.7,9.7,10.6,11.1,8.7,8,7.2,10.3,10.8,21,24.8,17.1,24.4,12.1,22.5,24.3,24.4,24.7,26.2,10.3,11.3,21,17.3,19323214,,
1993:Q2,pct40to60,12.2,14.2,13.8,15.3,11.1,16.6,7.1,4.2,4,5,15.8,13.3,22.4,6.5,13.6,10.5,5.4,15.6,8.3,15.2,14,14,12.4,21.3,16.3,7.1,13.8,11.9,19332491,,
1993:Q2,pct20to40,7.5,10,9.9,10.2,6.1,11.4,4.5,3.2,3.1,3.5,1.8,0.6,5.2,3.5,9,3.3,2.3,8.9,3.1,10.3,7.2,7.2,5.7,13,13.4,5.3,9.1,7.5,19332668,,
1993:Q2,pct00to20,3.6,5.3,5.5,4.9,2.6,4.8,1.4,0.8,0.6,1.6,1.6,0.7,3.9,1.3,2.6,0.6,0.7,3.3,2.9,5.1,3.4,3.4,2.4,7.3,4,1.4,2.6,3.6,19327141,,
1993:Q3,pct99to100,15.7,9.2,8.7,10.9,19.3,10,30.4,38.9,39.1,38.4,33.8,37.8,22.8,32.2,10,4.1,15.8,3.1,31.7,7.5,6.4,6.4,6.4,1.4,17.9,28.9,8.9,17.2,969607,,
1993:Q3,pct80to99,42.8,40,41.1,36.2,44.3,38.7,46.3,42.6,42.7,42.4,39.4,40.8,35.7,45.9,43.7,56.8,58.1,44.7,41.8,39.2,44.5,44.5,48.2,31,37.5,46.5,44.4,42.6,18419161,,
1993:Q3,pct60to80,18.2,21.2,20.7,22.6,16.6,18.6,9.8,10,10.5,8.6,8.2,7.1,11.1,10.8,21.3,24.6,17,24.3,12,22.6,24.5,24.5,24.9,26.1,11.1,11.1,21.4,17.2,19373862,,
1993:Q3,pct40to60,12.1,14.1,13.8,15.3,11,16.4,7.1,4.4,4,5.6,15.2,13,21.4,6.3,13.3,10.8,5.7,15.7,8.1,15.2,14,14,12.4,21.2,17,6.7,13.6,11.8,19382017,,
1993:Q3,pct20to40,7.5,10.1,10.1,10.1,6.2,11.5,4.9,3.4,3.4,3.5,1.8,0.6,5.2,3.5,9,3.2,2.6,8.9,3.2,10.3,7.3,7.3,5.8,12.8,12.5,5.7,9,7.6,19382270,,
1993:Q3,pct00to20,3.6,5.4,5.5,4.8,2.6,4.8,1.5,0.7,0.4,1.5,1.5,0.6,3.9,1.3,2.7,0.6,0.8,3.3,3.2,5.1,3.4,3.4,2.4,7.4,4.1,1.1,2.7,3.6,19377483,,
1993:Q4,pct99to100,15.9,9.2,8.7,10.9,19.5,10.4,29.9,38.8,39.5,37.1,35.1,39.3,22.9,32.4,10.7,4.1,15.7,3,31.6,7.6,6.3,6.3,6.3,1.5,18.1,28.1,9.4,17.5,972087,,
1993:Q4,pct80to99,42.7,39.9,41,36.1,44.2,38.4,46.4,42.4,42.3,42.7,38.8,39.9,35.7,45.8,42.9,57,57.6,44.8,41.9,39,44.3,44.3,47.9,31.3,36.7,47.4,43.7,42.5,18466355,,
1993:Q4,pct60to80,18.2,21.3,20.8,22.7,16.5,18.6,9.9,9.8,10.2,8.8,8.5,7.3,12,10.9,21.7,24.3,16.8,24.1,11.9,22.7,24.6,24.6,25.1,26.2,11.8,11,21.7,17.1,19425006,,
1993:Q4,pct40to60,12,14.1,13.7,15.2,10.9,16.2,7,4.7,4.1,6.5,14.4,12.3,20.3,6.2,13.1,11,6,15.8,7.9,15.2,14,14,12.4,21,17.6,6.4,13.4,11.7,19432016,,
1993:Q4,pct20to40,7.6,10.1,10.1,10.1,6.2,11.6,5.2,3.5,3.5,3.5,1.7,0.6,5.2,3.5,8.9,3,2.9,9,3.3,10.4,7.4,7.4,5.9,12.8,11.5,6.1,9,7.6,19432371,,
1993:Q4,pct00to20,3.6,5.4,5.6,4.9,2.7,4.8,1.6,0.7,0.4,1.4,1.5,0.6,3.9,1.3,2.7,0.6,1,3.3,3.4,5.2,3.4,3.4,2.4,7.1,4.2,1,2.7,3.7,19428243,,
1994:Q1,pct99to100,15.9,9.3,8.7,11.4,19.4,10.7,29.4,39.5,40,38.1,36.3,40.7,23.1,31.8,11.2,4.1,15.7,2.9,31.5,7.7,6.3,6.2,6.2,1.3,18.2,28,10,17.4,974600,,
1994:Q1,pct80to99,42.7,40.1,41.3,35.8,44.1,38,46.6,41.3,41.2,41.7,38.3,39.1,35.7,45.7,42.2,57.1,57.2,44.9,41.9,38.7,44.2,44.2,47.7,31.7,36,46.6,43,42.4,18514026,,
1994:Q1,pct60to80,18.2,21.3,20.9,22.7,16.6,18.7,9.9,9.8,10.3,8.5,8.8,7.4,12.9,11.2,22,24.1,16.6,24,11.8,22.8,24.7,24.7,25.3,25.9,12.6,11.3,22.1,17.2,19476691,,
1994:Q1,pct40to60,11.9,13.9,13.6,14.9,10.9,16.1,6.9,4.9,4.2,6.9,13.6,11.7,19.2,6.3,12.9,11.2,6.2,15.9,7.7,15.2,13.9,13.9,12.4,21,18.3,6.2,13.1,11.6,19482566,,
1994:Q1,pct20to40,7.6,10.1,10,10.2,6.3,11.7,5.5,3.6,3.6,3.5,1.7,0.5,5.2,3.7,8.9,2.9,3.1,9,3.4,10.4,7.5,7.4,6,12.6,10.6,6.8,9,7.6,19483038,,
1994:Q1,pct00to20,3.7,5.4,5.5,5,2.8,4.9,1.7,0.9,0.7,1.4,1.4,0.6,3.9,1.3,2.8,0.6,1.1,3.3,3.7,5.2,3.4,3.4,2.4,7.5,4.3,1.1,2.8,3.7,19479478,,
1994:Q2,pct99to100,15.8,9.3,8.7,11.4,19.4,10.9,28.8,40.2,40.6,39,37.1,41.7,23.3,31.4,11.7,4.1,15.6,2.8,31.5,7.8,6.2,6.2,6.2,1.3,18.2,28,10.6,17.4,977148,,
1994:Q2,pct80to99,42.5,40.1,41.3,35.7,43.9,37.6,46.5,40.1,39.8,40.8,37.7,38.4,35.8,45.6,41.4,57.2,56.8,45,41.9,38.5,43.9,43.9,47.4,32,35.2,45.9,42.3,42.3,18562255,,
1994:Q2,pct60to80,18.3,21.4,21,22.8,16.6,18.8,10,9.8,10.4,8.1,9,7.4,13.9,11.5,22.4,23.9,16.5,23.9,11.7,22.9,24.8,24.8,25.4,26,13.3,11.4,22.4,17.2,19528960,,
1994:Q2,pct40to60,11.9,13.7,13.4,14.8,10.9,16,6.9,5.1,4.3,7.2,13.1,11.5,18,6.4,12.6,11.4,6.5,16,7.6,15.1,14,14,12.4,20.9,19,6,12.9,11.6,19533748,,
1994:Q2,pct20to40,7.7,10.1,10.1,10.2,6.4,11.8,5.9,3.7,3.7,3.5,1.7,0.5,5.2,3.9,8.9,2.8,3.3,9,3.4,10.4,7.6,7.6,6.1,12.5,9.8,7.4,8.9,7.7,19534341,,
1994:Q2,pct00to20,3.8,5.5,5.6,5.1,2.9,5,1.9,1.2,1.1,1.3,1.4,0.5,3.9,1.3,2.8,0.7,1.2,3.3,3.9,5.2,3.4,3.4,2.4,7.3,4.5,1.2,2.9,3.8,19531244,,
1994:Q3,pct99to100,15.9,9.2,8.6,11.2,19.5,11.3,28.3,40.9,41,40.7,38,42.7,23.5,31.4,12.5,4.1,15.4,2.7,31.5,7.9,6.2,6.1,6.2,1.3,18.4,28.2,11.1,17.5,979734,,
1994:Q3,pct80to99,42.4,39.8,40.9,35.8,43.8,37.3,46.6,39.4,39.4,39.5,37.2,37.7,35.8,45.5,40.9,57.3,56.4,45.1,41.9,38.3,43.7,43.7,47.1,32.2,34.5,44.7,41.7,42.2,18611121,,
1994:Q3,pct60to80,18.3,21.5,21.1,22.9,16.5,18.7,10.1,9.5,10.2,7.7,9.2,7.4,14.9,11.6,22.6,23.7,16.5,23.7,11.6,23,25,25,25.6,26,14.1,11.7,22.7,17.2,19581860,,
1994:Q3,pct40to60,11.9,13.8,13.4,14.9,10.9,15.8,6.8,5.2,4.3,7.5,12.5,11.2,16.8,6.4,12.4,11.6,6.8,16.1,7.4,15.1,14,14,12.5,20.7,19.7,5.9,12.7,11.5,19585639,,
1994:Q3,pct20to40,7.7,10.2,10.2,10.1,6.4,11.9,6.2,3.8,3.9,3.5,1.7,0.5,5.2,3.9,8.8,2.7,3.5,9,3.5,10.5,7.7,7.7,6.2,12.5,8.8,8.2,8.9,7.7,19586350,,
1994:Q3,pct00to20,3.8,5.5,5.6,5,2.9,5,2,1.2,1.2,1.2,1.3,0.5,3.9,1.3,2.9,0.7,1.3,3.3,4.1,5.3,3.4,3.4,2.4,7.1,4.6,1.3,2.9,3.9,19583595,,
1994:Q4,pct99to100,16,9.2,8.6,11.2,19.6,11.7,27.9,41.4,41.8,40.4,38.9,43.6,23.7,31,13,4.1,15.5,2.6,31.4,8,6.1,6.1,6.1,1.5,18.3,27,11.7,17.7,982364,,
1994:Q4,pct80to99,42.1,39.6,40.6,35.8,43.5,37,46.8,37.9,37.4,39.2,36.8,37.1,35.9,45.4,40.2,57.5,56.1,45.1,42,38,43.5,43.5,46.9,32.5,33.7,46.4,41,41.9,18660705,,
1994:Q4,pct60to80,18.3,21.6,21.3,23,16.5,18.7,10,9.8,10.6,7.6,9.4,7.4,15.9,11.8,23,23.4,16.2,23.6,11.4,23.1,25.1,25.1,25.7,26.2,14.8,11.5,23.1,17.2,19635434,,
1994:Q4,pct40to60,11.9,13.8,13.5,14.9,10.8,15.6,6.7,5.5,4.4,8.1,11.9,10.9,15.4,6.4,12.2,11.7,6.9,16.2,7.2,15.1,14.1,14.1,12.5,20.5,20.4,5.6,12.4,11.5,19638319,,
1994:Q4,pct20to40,7.8,10.2,10.3,10.1,6.5,11.9,6.5,3.8,3.9,3.5,1.6,0.5,5.1,4.1,8.8,2.5,3.8,9.1,3.6,10.5,7.9,7.9,6.3,12.6,8,8.4,8.8,7.8,19639133,,
1994:Q4,pct00to20,3.9,5.5,5.7,5,3,5,2.1,1.6,1.8,1.1,1.3,0.5,3.9,1.3,2.9,0.7,1.5,3.3,4.4,5.3,3.4,3.4,2.5,6.6,4.8,1.1,3,4,19636589,,
1995:Q1,pct99to100,16.2,9.2,8.6,11.3,19.8,12.3,27.6,41.9,42,41.7,39.7,44.5,23.9,31.5,13.6,4.1,15.3,2.5,31.3,8,6,6,6.1,1.3,18.4,27.5,12.3,17.8,985040,,
1995:Q1,pct80to99,42.1,39.4,40.5,35.7,43.5,36.9,47.1,38,37.9,38.2,36.4,36.6,35.9,45.2,39.6,57.6,55.7,45.2,42,37.7,43.3,43.3,46.7,32.8,33,44.4,40.3,41.9,18711087,,
1995:Q1,pct60to80,18.2,21.8,21.4,23,16.4,18.6,10,9.2,10,7.2,9.7,7.5,17,11.8,23.2,23.3,16.4,23.5,11.4,23.1,25.2,25.2,25.8,26,15.6,11.9,23.4,17.1,19689727,,
1995:Q1,pct40to60,11.8,13.8,13.5,14.8,10.7,15.4,6.5,5.6,4.5,8.4,11.3,10.5,14.1,6.2,11.9,11.9,7.2,16.3,7,15.2,14.1,14.1,12.5,20.5,21.1,5.5,12.2,11.4,19691867,,
1995:Q1,pct20to40,7.8,10.3,10.3,10.1,6.5,11.9,6.7,4,4.2,3.5,1.6,0.5,5.1,4,8.7,2.4,3.9,9.1,3.7,10.6,8,8,6.4,12.5,7.1,9.3,8.8,7.8,19692759,,
1995:Q1,pct00to20,3.9,5.5,5.7,5.1,3,5,2.1,1.4,1.6,1,1.3,0.5,3.9,1.3,3,0.7,1.5,3.3,4.7,5.4,3.4,3.4,2.5,6.9,4.9,1.3,3,4,19690280,,
1995:Q2,pct99to100,16.4,9.2,8.6,11,20.1,12.9,27.3,43.1,42.3,45,40.5,45.3,24.1,32,14.2,4,15.2,2.5,31.2,8.1,6,5.9,6,1.3,18.4,27.4,13,18.1,987766,,
1995:Q2,pct80to99,41.9,39,39.8,35.9,43.4,36.8,47.4,37.2,37.8,35.8,36.1,36.1,36,45.1,39.1,57.6,55.4,45,42,37.5,43.1,43.1,46.4,33,32.2,43.8,39.6,41.7,18762347,,
1995:Q2,pct60to80,18.3,21.9,21.6,23.2,16.4,18.4,9.9,8.6,9.6,6.3,9.9,7.5,18.2,11.7,23.4,23.1,16.4,23.9,11.3,23.2,25.4,25.4,26.1,26.1,16.3,12.1,23.6,17.1,19744784,,
1995:Q2,pct40to60,11.7,13.9,13.6,15,10.6,15.1,6.4,5.7,4.5,8.4,10.8,10.2,12.7,6,11.7,12.1,7.5,16.3,6.8,15.2,14.1,14.1,12.5,20.4,21.8,5.3,11.9,11.4,19746360,,
1995:Q2,pct20to40,7.8,10.4,10.6,10,6.5,11.9,6.9,4.1,4.4,3.5,1.5,0.5,5.1,3.9,8.6,2.3,4,9,3.8,10.7,8.1,8.1,6.5,12.4,6.3,9.9,8.7,7.8,19747298,,
1995:Q2,pct00to20,3.9,5.6,5.8,5,3,4.9,2.2,1.3,1.5,0.9,1.2,0.4,3.9,1.3,3.1,0.7,1.6,3.3,4.9,5.4,3.4,3.4,2.5,6.8,5.1,1.4,3.1,4,19744724,,
1995:Q3,pct99to100,16.7,9.1,8.6,10.8,20.4,13.3,26.9,43.4,42.6,45.2,41.1,46,24.4,32.5,14.7,4,15,2.6,31.2,8.2,5.9,5.9,5.9,1.4,18.3,26.2,13.6,18.4,990545,251934,427079552
1995:Q3,pct80to99,41.6,38.3,39,36.1,43.3,36.4,47.5,36.9,37.6,35.4,35.7,35.6,36,44.9,38.5,57.7,55,44.7,42,37.3,43,43,46.2,33.3,31.5,45.7,39,41.4,18814565,59911,251934
1995:Q3,pct60to80,18.3,22.1,21.7,23.3,16.4,18.4,9.9,8.3,9.2,6.2,10.2,7.5,19.4,11.6,23.6,23,16.6,24.3,11.1,23.3,25.5,25.5,26.2,26.2,17,11.8,23.9,17.1,19800649,37073,59911
1995:Q3,pct40to60,11.7,14.2,14,15.1,10.4,14.9,6.3,5.9,4.5,8.9,10.2,10,11.2,5.8,11.5,12.3,7.7,16.2,6.6,15.1,14.1,14.1,12.6,20.2,22.5,5.1,11.7,11.3,19801879,22825,37064
1995:Q3,pct20to40,7.8,10.6,10.7,9.9,6.4,11.9,7.1,4.2,4.5,3.5,1.5,0.5,5.1,3.8,8.6,2.2,4.1,9,3.9,10.7,8.2,8.2,6.6,12.4,5.5,10,8.7,7.8,19802818,12289,22812
1995:Q3,pct00to20,3.9,5.6,5.9,4.9,3,5,2.2,1.3,1.4,0.8,1.2,0.4,3.9,1.3,3.1,0.8,1.6,3.3,5.2,5.4,3.4,3.4,2.5,6.6,5.3,1.2,3.1,4,19799978,0,12289
1995:Q4,pct99to100,16.8,9.2,8.8,10.7,20.6,13.2,27.3,42.1,42.6,41,41.7,46.5,23.9,32.9,13.9,4,14.6,2.6,31,8.1,5.9,5.9,5.9,1.5,17.5,27.8,13.2,18.6,993378,,
1995:Q4,pct80to99,41.8,38.5,39.2,36.2,43.4,36.6,46.6,37.5,37.5,37.7,35.5,35.4,35.8,45.1,39.5,57,55.2,44.4,42.4,37.4,42.8,42.8,46.2,32.9,33.2,43.7,39.8,41.6,18867787,,
1995:Q4,pct60to80,18.3,22,21.7,23.2,16.4,18.3,10.4,8.7,9.2,7.7,9.9,7.3,19.7,11.4,23.6,23.9,17.1,24.7,11,23.3,25.7,25.7,26.3,26.7,16.9,12.6,23.7,17,19857343,,
1995:Q4,pct40to60,11.6,14.2,14,15.1,10.3,14.8,6.2,6.1,4.7,8.8,10.1,9.7,11.4,5.7,11.6,12.1,7.8,16.1,6.6,15.2,14.1,14.1,12.6,20.2,21.3,4.8,11.6,11.1,19858465,,
1995:Q4,pct20to40,7.7,10.5,10.6,9.9,6.4,12.1,7.1,4.3,4.5,3.7,1.5,0.4,5.4,3.7,8.4,2.3,3.9,9,4,10.6,8.2,8.2,6.6,12.4,5.8,9.6,8.4,7.7,19859356,,
1995:Q4,pct00to20,3.8,5.6,5.8,4.9,3,5.1,2.3,1.4,1.5,1.1,1.4,0.7,3.8,1.2,3.1,0.7,1.5,3.3,4.9,5.4,3.3,3.3,2.4,6.3,5.3,1.5,3.1,3.9,19856071,,
1996:Q1,pct99to100,16.8,9.2,8.8,10.6,20.5,13.2,27.9,41.7,42.5,40.3,42.1,46.9,23.3,32.9,13.1,3.9,14.2,2.7,30.9,8.1,5.9,5.9,5.8,1.4,18.4,26.7,12.8,18.6,996260,,
1996:Q1,pct80to99,41.9,38.7,39.4,36.2,43.6,37,46.1,38,38,38,35.1,35,35.6,45.2,40.3,56.3,55.3,44.1,42.8,37.6,43,43,46.2,32.7,34.7,47.5,40.7,41.8,18921924,,
1996:Q1,pct60to80,18.3,22,21.7,23.1,16.5,18,10.6,8.6,8.8,8.2,9.6,7,20,11.3,23.6,24.9,17.5,25,10.9,23.2,25.8,25.8,26.4,26.8,17.5,12.2,23.6,17.1,19914784,,
1996:Q1,pct40to60,11.5,14.1,13.8,15.1,10.1,14.6,6.1,6,4.8,8.3,10.1,9.7,11.6,5.6,11.7,11.9,7.8,15.9,6.6,15.1,14.1,14.1,12.6,20.4,19.9,4.5,11.6,11,19916018,,
1996:Q1,pct20to40,7.7,10.4,10.6,10,6.4,12.1,7,4.4,4.6,3.9,1.5,0.4,5.8,3.7,8.3,2.3,3.8,9,4.1,10.5,8,8,6.5,12.2,5.1,8,8.2,7.7,19916814,,
1996:Q1,pct00to20,3.8,5.5,5.7,5,2.9,5.1,2.2,1.3,1.2,1.3,1.5,1,3.6,1.2,3,0.6,1.4,3.3,4.7,5.4,3.3,3.3,2.3,6.6,4.4,1.1,3.1,3.9,19912928,,
1996:Q2,pct99to100,16.8,9.2,8.8,10.3,20.6,13,28.1,41.3,42.7,38.8,42.3,47.3,22.8,33,12.4,3.9,13.9,2.8,30.8,8,5.9,5.9,5.9,1.4,17.6,27.7,12.5,18.6,999181,,
1996:Q2,pct80to99,42,38.7,39.4,36.5,43.6,37,44.8,37.7,37.1,38.7,34.5,34.3,35.5,45.4,41.2,55.7,55.5,43.8,43.2,37.8,42.8,42.8,46.2,32.4,36.2,46.6,41.5,41.8,18976856,,
1996:Q2,pct60to80,18.3,22,21.7,23,16.6,18,11.3,9,9.1,8.9,9.2,6.3,20.4,11.2,23.6,25.7,17.8,25.4,10.8,23.2,25.9,25.9,26.5,27.1,17.4,12.7,23.4,17.1,19972868,,
1996:Q2,pct40to60,11.4,14.1,13.8,15.3,10,14.5,6.2,6,5,7.9,10.5,10.1,11.8,5.5,11.8,11.7,7.9,15.7,6.6,15.1,14.2,14.2,12.7,20.4,18.9,4.2,11.6,10.9,19974399,,
1996:Q2,pct20to40,7.7,10.5,10.6,10,6.4,12.3,7.1,4.4,4.5,4,1.8,0.7,6.1,3.7,8.1,2.3,3.6,9,4.2,10.5,7.9,7.9,6.5,12.2,5.4,7.4,8,7.7,19975063,,
1996:Q2,pct00to20,3.8,5.5,5.7,4.9,2.9,5.3,2.4,1.5,1.5,1.6,1.7,1.2,3.4,1.2,3,0.6,1.3,3.3,4.5,5.4,3.3,3.3,2.3,6.5,4.4,1.2,3,3.8,19970449,,
1996:Q3,pct99to100,16.8,9.2,8.9,10.1,20.5,12.8,28.4,42,42.8,40.3,42.6,47.7,22.2,32.7,11.8,3.9,13.6,2.9,30.6,7.9,6,6,5.9,1.4,17.4,28.8,12.1,18.6,1002131,,
1996:Q3,pct80to99,42,38.8,39.4,36.6,43.5,37.2,43.9,36.9,36.5,37.7,34,33.6,35.3,45.5,42.2,55.1,55.6,43.5,43.6,38,42.6,42.6,46.1,32.1,37.6,45.6,42.3,41.9,19032458,,
1996:Q3,pct60to80,18.4,22,21.7,23,16.7,17.8,11.8,9.1,9.2,8.9,8.7,5.7,20.8,11.3,23.4,26.6,18.2,25.8,10.7,23.2,26,26,26.5,27.4,17.6,13.3,23.2,17.1,20031490,,
1996:Q3,pct40to60,11.4,14.2,13.8,15.4,10,14.3,6.2,5.9,5.2,7.2,10.8,10.5,12.1,5.5,11.8,11.5,7.9,15.5,6.6,15.1,14.2,14.2,12.7,20.5,17.9,4,11.6,10.9,20033470,,
1996:Q3,pct20to40,7.7,10.4,10.6,10,6.4,12.4,7.2,4.4,4.5,4.2,2,0.9,6.4,3.8,7.9,2.4,3.5,9,4.2,10.4,7.9,7.9,6.5,12.1,5.4,6.9,7.8,7.7,20033972,,
1996:Q3,pct00to20,3.7,5.5,5.7,4.9,2.9,5.4,2.5,1.7,1.7,1.8,1.8,1.5,3.2,1.2,3,0.5,1.3,3.3,4.3,5.3,3.3,3.3,2.3,6.4,4.1,1.4,3,3.8,20028533,,
1996:Q4,pct99to100,16.9,9.2,8.9,10.2,20.6,12.7,28.8,42.2,42.9,40.7,43.5,48.4,21.6,32.9,11.2,4,13.1,2.9,30.6,7.9,6,6,5.9,1.5,18,29.1,11.7,18.8,1005101,,
1996:Q4,pct80to99,42.1,38.9,39.6,36.6,43.6,37.3,43.2,36.4,35.9,37.3,33.9,33.6,35.1,45.6,43.1,54.4,55.7,43.2,43.9,38.1,42.5,42.5,46.1,31.9,39,46.3,43.1,42,19088609,,
1996:Q4,pct60to80,18.4,21.9,21.7,22.8,16.7,17.7,12.2,9.3,9.4,9.2,8.6,5.8,21.2,11.2,23.2,27.5,18.9,26.2,10.6,23.2,26.1,26.1,26.5,27.7,18,13.5,23.1,17.1,20090544,,
1996:Q4,pct40to60,11.3,14.2,13.9,15.3,9.8,14.2,6.2,5.8,5.4,6.6,10.2,9.7,12.3,5.4,11.8,11.3,8,15.4,6.6,15.1,14.3,14.3,12.8,20.5,16.7,3.8,11.5,10.7,20093093,,
1996:Q4,pct20to40,7.6,10.3,10.4,10.1,6.4,12.6,7.1,4.4,4.5,4.3,1.7,0.6,6.8,3.7,7.7,2.4,3.2,9.1,4.3,10.4,7.8,7.8,6.4,12.1,4.9,6.1,7.6,7.6,20093413,,
1996:Q4,pct00to20,3.7,5.4,5.6,5,2.8,5.5,2.5,1.9,1.9,2,2.1,1.9,3,1.1,3,0.5,1.1,3.3,4,5.3,3.2,3.2,2.3,6.3,3.4,1.4,3,3.8,20087079,,
1997:Q1,pct99to100,16.9,9.2,9,10.1,20.5,12.5,29.3,43.7,42.7,45.8,43.8,48.9,21,32.7,10.6,4,12.8,3,30.6,7.8,6.1,6,5.9,1.4,17.2,29.5,11.1,18.7,1008083,,
1997:Q1,pct80to99,42.1,39,39.7,36.6,43.6,37.4,42.7,35.9,36.8,34,33.1,32.7,34.9,45.8,43.9,53.8,55.8,42.9,44.3,38.3,42.6,42.6,46.1,31.6,40.2,46.5,43.9,42,19145188,,
1997:Q1,pct60to80,18.5,21.9,21.7,22.7,16.8,17.6,12.4,8.8,8.9,8.4,8,4.9,21.6,11.2,23.2,28.3,19.1,26.5,10.4,23.1,26.1,26.1,26.5,27.7,17.9,13.7,23,17.2,20149926,,
1997:Q1,pct40to60,11.2,14.2,13.9,15.3,9.8,14.1,6.1,5.4,5.5,5.2,10.7,10.3,12.5,5.4,11.9,11.1,8.1,15.2,6.6,15.2,14.3,14.3,12.8,20.7,15.9,3.5,11.6,10.7,20153130,,
1997:Q1,pct20to40,7.7,10.3,10.3,10.2,6.4,12.8,7,4.5,4.6,4.4,2.1,1,7.1,3.8,7.5,2.4,3.1,9.1,4.3,10.3,7.7,7.7,6.4,11.9,5.3,5.4,7.5,7.6,20153254,,
1997:Q1,pct00to20,3.6,5.4,5.5,5.1,2.8,5.6,2.5,1.8,1.6,2.2,2.3,2.2,2.7,1.1,2.9,0.4,1,3.3,3.8,5.3,3.3,3.3,2.2,6.6,3.5,1.4,3,3.7,20145987,,
1997:Q2,pct99to100,17.3,9.2,9,9.9,21,12.4,29.5,43.3,42.7,44.4,44.4,49.5,20.3,33.7,10.1,3.8,12.5,3.1,30.6,7.7,6.1,6.1,5.9,1.4,16.8,29.4,10.4,19.1,1011067,,
1997:Q2,pct80to99,42.2,38.9,39.5,36.9,43.8,37.5,41.3,36.1,36.7,34.7,32.7,32.3,34.7,45.7,44.8,53.2,55.8,42.6,44.6,38.4,42.6,42.6,46.1,31.4,41.4,47.7,44.7,42.2,19202070,,
1997:Q2,pct60to80,18.4,22,21.8,22.7,16.7,17.5,13.2,8.9,8.8,9.1,7.6,4.5,22.1,10.8,23,29.1,19.8,26.9,10.3,23.1,26.2,26.2,26.6,27.9,17.9,13.8,22.9,17.1,20209529,,
1997:Q2,pct40to60,11,14.2,13.9,15.4,9.5,14,6.2,5.4,5.6,4.9,10.7,10.2,12.9,5.1,11.9,11,8.2,15.1,6.7,15.2,14.3,14.3,12.9,20.8,15,3.3,11.7,10.5,20213443,,
1997:Q2,pct20to40,7.5,10.3,10.3,10.1,6.2,12.9,7.2,4.6,4.6,4.5,2.1,1,7.6,3.5,7.3,2.5,2.9,9.1,4.3,10.3,7.6,7.6,6.4,11.9,5.4,4.6,7.3,7.5,20213366,,
1997:Q2,pct00to20,3.5,5.4,5.5,5,2.7,5.7,2.6,1.8,1.5,2.4,2.6,2.6,2.5,1.1,2.9,0.4,0.9,3.3,3.6,5.3,3.2,3.2,2.2,6.6,3.3,1.3,2.9,3.6,20205155,,
1997:Q3,pct99to100,17.5,9.2,9.1,9.6,21.2,12.3,29.8,42.7,42.7,42.8,44.9,50.1,19.5,34,9.7,3.8,12.2,3.2,30.6,7.7,6.1,6.1,5.9,1.4,18.2,28.8,9.8,19.3,1014044,,
1997:Q3,pct80to99,42.3,38.9,39.4,37.1,43.9,37.7,40.6,36.4,36.8,35.6,32,31.5,34.3,45.8,45.6,52.7,55.9,42.4,44.9,38.5,42.6,42.6,46,31.2,42.7,49.9,45.5,42.3,19259135,,
1997:Q3,pct60to80,18.4,22,21.8,22.6,16.7,17.4,13.5,9,8.7,9.7,7,3.8,22.5,10.7,22.8,29.7,20.2,27.2,10.2,23.1,26.2,26.2,26.6,28.1,18.6,13.5,22.9,17.1,20269249,,
1997:Q3,pct40to60,10.9,14.3,13.9,15.6,9.4,13.9,6.2,5.4,5.7,4.7,11,10.5,13.2,5,11.9,10.9,8.3,14.9,6.7,15.2,14.3,14.4,12.9,20.9,13.8,3.1,11.7,10.4,20273894,,
1997:Q3,pct20to40,7.4,10.3,10.3,10.1,6.2,13,7.2,4.6,4.6,4.6,2.4,1.2,8.1,3.4,7,2.5,2.7,9.1,4.3,10.3,7.5,7.5,6.3,11.8,4.4,3.7,7.1,7.4,20273620,,
1997:Q3,pct00to20,3.5,5.4,5.5,5,2.6,5.8,2.7,1.8,1.5,2.6,2.8,3,2.3,1.1,2.9,0.4,0.8,3.3,3.3,5.3,3.2,3.2,2.2,6.6,2.3,1,2.9,3.5,20264483,,
1997:Q4,pct99to100,17.6,9.2,9.1,9.8,21.3,12.3,30.2,43.3,42.9,44.2,45.6,50.8,18.7,34,9,3.8,11.9,3.3,30.7,7.6,6.2,6.2,5.9,1.5,17.1,29.5,9.3,19.4,1017005,,
1997:Q4,pct80to99,42.4,39.1,39.7,37,43.8,37.9,40,35.5,35.9,34.6,31.5,31,34.1,45.9,46.3,52.2,56,42.1,45.1,38.7,42.5,42.4,46,31,43.7,49.4,46.3,42.3,19316260,,
1997:Q4,pct60to80,18.4,22,21.8,22.5,16.8,17.2,13.9,9.2,9,9.7,6.6,3.4,23,10.7,22.8,30.5,20.4,27.6,10,23.1,26.2,26.2,26.5,28.3,18.3,13.9,22.8,17.1,20328981,,
1997:Q4,pct40to60,10.8,14.3,13.9,15.5,9.3,13.7,6.1,5.3,5.9,3.9,10.8,10.3,13.5,5,12,10.7,8.3,14.7,6.8,15.2,14.4,14.4,13,20.9,13.3,2.9,11.8,10.3,20334346,,
1997:Q4,pct20to40,7.4,10.1,10.1,10.2,6.1,13,7.1,4.6,4.5,4.7,2.3,1.1,8.6,3.4,6.9,2.5,2.6,9.1,4.3,10.2,7.5,7.5,6.3,11.9,5,3.2,7,7.3,20333885,,
1997:Q4,pct00to20,3.5,5.3,5.4,5.1,2.6,5.8,2.7,2.1,1.8,2.8,3.2,3.4,2.1,1.1,2.9,0.3,0.7,3.3,3.1,5.3,3.2,3.2,2.2,6.4,2.6,1.1,2.9,3.5,20323871,,
1998:Q1,pct99to100,18,9.2,9.1,9.6,21.8,12.1,30.6,42.3,42.8,41.5,46.4,51.5,17.9,34.8,8.5,3.7,11.6,3.3,30.6,7.5,6.2,6.2,6,1.4,16.8,29.6,8.4,19.8,1019941,,
1998:Q1,pct80to99,42.6,39.1,39.7,37.1,44,37.9,40,36.3,36.4,36.2,31.2,30.7,33.9,45.8,47.1,51.7,56,41.9,45.4,38.8,42.5,42.5,46,30.7,44.7,50,47.1,42.6,19373323,,
1998:Q1,pct60to80,18.3,22,21.9,22.4,16.7,17.2,13.9,9.3,8.6,10.6,6.3,3.1,23.6,10.4,22.7,31.1,20.9,27.9,9.9,23,26.2,26.2,26.5,28.3,18.4,14,22.8,17,20388619,,
1998:Q1,pct40to60,10.6,14.3,13.9,15.5,9.1,13.7,6,5.4,6,4,10.4,9.8,13.8,4.7,12.1,10.7,8.4,14.6,6.8,15.2,14.4,14.5,13.1,21.2,12.5,2.7,11.9,10,20394659,,
1998:Q1,pct20to40,7.2,10.1,10,10.3,6,13.2,7,4.7,4.6,4.8,2.2,1,9,3.2,6.8,2.5,2.5,9.1,4.3,10.1,7.4,7.4,6.3,11.7,5.1,2.6,6.9,7.2,20394031,,
1998:Q1,pct00to20,3.4,5.3,5.4,5.1,2.5,5.9,2.6,2,1.6,2.9,3.5,3.8,1.8,1,2.9,0.3,0.6,3.3,2.9,5.3,3.2,3.2,2.2,6.7,2.4,1.1,2.9,3.4,20383217,,
1998:Q2,pct99to100,18,9.2,9.1,9.4,21.8,11.9,30.8,41.2,42.9,38,47.1,52.2,17.1,34.7,8,3.6,11.4,3.5,30.6,7.5,6.3,6.2,5.9,1.5,17.1,29.6,8.3,19.8,1022843,,
1998:Q2,pct80to99,42.7,39.2,39.8,37.2,44.1,38,39.1,36.5,35.6,38.2,30.6,30.1,33.6,45.9,47.8,51.3,56.2,42.2,45.7,39,42.5,42.4,45.9,30.5,45.8,50.8,47.9,42.7,19430201,,
1998:Q2,pct60to80,18.3,22,21.9,22.3,16.7,17.1,14.3,9.8,8.9,11.5,5.7,2.6,24.2,10.4,22.7,31.7,21.1,27.9,9.8,23,26.3,26.3,26.5,28.5,18.7,14.1,22.6,17,20448058,,
1998:Q2,pct40to60,10.6,14.2,13.8,15.6,9,13.6,6,5.6,6.2,4.4,10.4,9.7,14.2,4.7,12.1,10.6,8.4,14.4,6.8,15.2,14.5,14.5,13.1,21.2,11.7,2.5,11.8,10,20454697,,
1998:Q2,pct20to40,7.2,10,9.9,10.3,5.9,13.4,7,4.7,4.5,4.9,2.2,1,9.5,3.2,6.6,2.6,2.4,9,4.3,10,7.4,7.4,6.3,11.7,4.8,2,6.6,7.1,20453928,,
1998:Q2,pct00to20,3.3,5.3,5.4,5.1,2.5,6.1,2.7,2.3,1.9,3,3.9,4.3,1.4,1,2.8,0.2,0.6,3.2,2.7,5.2,3.2,3.2,2.2,6.6,2,1,2.8,3.4,20442421,,
1998:Q3,pct99to100,17.5,9.1,9.2,8.8,21.3,11.7,31.2,41.9,43.3,39.1,48,52.9,16.1,33.6,7.2,3.6,11.2,3.6,30.6,7.4,6.3,6.3,6,1.5,16.9,30.7,6.4,19.3,1025701,355533,2159244800
1998:Q3,pct80to99,42.5,39,39.3,37.7,44.1,38,39.4,35.2,34,37.5,30.6,30.1,33.3,46.2,48.5,50.7,56.5,42.4,46,39.2,42.3,42.3,45.9,30.4,46.7,49.5,48.9,42.5,19486773,68213,355297
1998:Q3,pct60to80,18.5,22.1,22,22.4,16.9,17.1,14.2,10.1,9.4,11.5,5.7,2.7,24.8,10.7,22.7,32.5,21,27.9,9.7,23,26.4,26.4,26.5,28.7,18.7,14.6,23,17.2,20507194,42569,68213
1998:Q3,pct40to60,10.8,14.4,14,16,9.1,13.5,5.9,5.6,6.4,3.7,9.6,8.9,14.5,5,12.2,10.4,8.3,14.2,6.8,15.2,14.5,14.5,13.2,21.2,11,2.4,12.3,10.2,20514322,26353,42569
1998:Q3,pct20to40,7.3,10.1,10,10.2,6.1,13.5,6.8,4.6,4.4,5,1.9,0.7,10.1,3.5,6.6,2.6,2.3,8.9,4.4,10,7.3,7.3,6.2,11.7,4.9,1.6,6.6,7.3,20513446,13867,26353
1998:Q3,pct00to20,3.4,5.3,5.5,5,2.6,6.2,2.5,2.7,2.4,3.2,4.2,4.7,1.1,1,2.8,0.2,0.7,3.1,2.6,5.2,3.2,3.2,2.2,6.5,1.9,1.2,2.8,3.5,20501383,0,13854
1998:Q4,pct99to100,18,9.3,9.3,9.4,21.8,12.2,31.6,42.5,42.6,42,47.6,52.5,16.9,34.2,7.8,3.5,11.4,3.5,30.6,7.6,6.3,6.3,6,1.7,16.7,30.8,3.7,19.9,1028513,,
1998:Q4,pct80to99,43,39.3,39.8,37.4,44.6,38.3,40.4,35.1,34.9,35.6,30.8,30.2,34.1,46.4,47.8,51.7,56,43,46.4,39.4,42.4,42.4,46.1,30.3,45.6,50.1,48.7,43,19542996,,
1998:Q4,pct60to80,18.2,21.9,21.9,22.2,16.6,17.1,13.5,10.1,9.8,10.9,5.6,2.7,23.9,10.4,22.8,31.5,21.4,27.5,9.6,23.1,26.2,26.2,26.4,28.6,18.3,13.7,24.3,16.9,20566002,,
1998:Q4,pct40to60,10.5,14.2,13.9,15.6,8.9,13.5,5.8,5.3,6.2,3.4,10,9.4,13.8,4.8,12.2,10.5,8.4,14.2,6.6,15,14.5,14.5,13.2,21.1,11.1,2.4,13.4,9.9,20573484,,
1998:Q4,pct20to40,7.1,10,9.9,10.4,5.8,13.1,6.4,4.4,4.2,4.9,2.2,1,9.9,3.2,6.5,2.6,2.3,8.8,4.4,9.9,7.4,7.4,6.2,11.9,5.5,1.8,7,7,20572544,,
1998:Q4,pct00to20,3.3,5.2,5.3,5.1,2.4,6,2.3,2.6,2.3,3.1,3.8,4.2,1.4,1.1,2.8,0.2,0.5,3.1,2.5,5.1,3.2,3.2,2.2,6.5,2.9,1.3,2.8,3.3,20560081,,
1999:Q1,pct99to100,17.7,9.4,9.4,9.4,21.4,12.1,32,40.9,41.9,39.1,47.3,52.1,17.6,33.6,8,3.4,11.5,3.4,30.5,7.7,6.4,6.4,6,1.8,17.2,30.6,6.8,19.6,1031303,,
1999:Q1,pct80to99,43.2,39.2,39.7,37.5,45,38.1,41.3,36.8,36.5,37.5,31,30.3,34.8,46.7,47.1,52.6,55.8,43.5,47,39.6,42.7,42.6,46.3,30.2,44.6,51.1,47.7,43.3,19599153,,
1999:Q1,pct60to80,18.2,21.9,21.9,22.2,16.6,17.3,12.8,10.3,9.8,11.4,5.7,2.8,23,10.5,23.2,30.8,21.4,27.2,9.5,23.1,25.9,25.9,26.2,28.2,18.1,12.6,23.5,17,20624791,,
1999:Q1,pct40to60,10.5,14.3,13.9,15.5,8.9,13.5,5.7,5.4,5.9,4.4,10.2,9.8,13.1,4.9,12.3,10.5,8.4,14.3,6.2,14.8,14.5,14.5,13.2,21,11,2.5,12.5,9.9,20632498,,
1999:Q1,pct20to40,7,10,9.9,10.4,5.7,12.9,6.1,4.3,4.1,4.8,2.5,1.3,9.8,3.1,6.6,2.6,2.4,8.7,4.4,9.8,7.3,7.3,6.2,11.9,5.7,1.9,6.7,7,20631524,,
1999:Q1,pct00to20,3.2,5.2,5.2,5,2.4,6,2.1,2.2,2,2.8,3.4,3.6,1.7,1.1,2.8,0.2,0.4,3,2.4,5,3.2,3.2,2.2,6.8,3.4,1.2,2.8,3.2,20618820,,
1999:Q2,pct99to100,17.9,9.5,9.4,9.8,21.6,12.1,32.2,40.8,41.2,39.9,46.9,51.7,18.3,33.6,8.4,3.3,11.7,3.3,30.7,7.8,6.4,6.4,6,2,17.3,28.8,7,19.7,1034103,,
1999:Q2,pct80to99,43.6,39.5,40.1,37.3,45.4,38,41,37.5,37.7,37,31.3,30.6,35.5,47,46.5,53.5,55.6,44,47.3,39.8,43,43,46.5,30.2,43.6,54.8,47.2,43.7,19655606,,
1999:Q2,pct60to80,18.1,21.9,21.8,22.1,16.4,17.6,12.8,10.3,9.9,11.2,5.7,3,22.2,10.4,23.4,30,21.5,26.8,9.3,23.2,25.6,25.6,26.1,28,17.7,11.1,23.7,16.9,20683949,,
1999:Q2,pct40to60,10.4,14.1,13.8,15.3,8.8,13.6,5.8,5.3,5.6,4.5,10.4,10.1,12.4,4.9,12.4,10.6,8.4,14.3,6.1,14.6,14.4,14.4,13.2,20.9,11,2.6,12.6,9.8,20691764,,
1999:Q2,pct20to40,6.9,10,9.9,10.5,5.6,12.8,6,4.2,3.9,4.7,2.7,1.5,9.6,3,6.6,2.5,2.4,8.5,4.4,9.8,7.3,7.3,6.2,12,6.1,1.8,6.8,6.8,20690780,,
1999:Q2,pct00to20,3.1,5.1,5.1,5,2.3,6,2.2,2,1.7,2.6,3,3.1,2,1.2,2.7,0.2,0.4,3,2.2,4.9,3.2,3.2,2.1,6.8,4.2,0.9,2.7,3.1,20677983,,
1999:Q3,pct99to100,17.6,9.5,9.4,9.7,21.2,12.2,32.5,40.5,40.7,40,46.7,51.3,18.9,32.7,8.4,3.2,11.9,3.3,31.1,7.9,6.4,6.4,6,2.2,18.1,28.7,7.2,19.4,1036943,,
1999:Q3,pct80to99,43.7,39.5,40.1,37.4,45.6,38,41.5,38,38.5,37,31.9,31.2,36.1,47.4,45.8,54.2,55.5,44.5,47.5,39.9,43.1,43.1,46.7,30.1,42.7,55.6,46.6,43.8,19712718,,
1999:Q3,pct60to80,18.1,21.8,21.7,22.1,16.4,17.7,12.4,10.4,10.1,11.1,6.1,3.6,21.4,10.7,23.8,29.3,21.4,26.5,9.2,23.2,25.4,25.5,25.9,27.9,17.6,10.2,24,16.9,20743864,,
1999:Q3,pct40to60,10.5,14.1,13.8,15.2,8.9,13.7,5.8,5.2,5.4,4.8,10,9.7,11.8,5.1,12.6,10.5,8.3,14.4,6,14.4,14.4,14.4,13.2,20.8,10.8,2.7,12.7,9.9,20751687,,
1999:Q3,pct20to40,7,10,9.9,10.5,5.6,12.5,5.7,4,3.8,4.6,2.6,1.4,9.4,3,6.8,2.5,2.4,8.5,4.2,9.7,7.4,7.4,6.1,12.2,6.1,2,6.9,6.9,20750702,,
1999:Q3,pct00to20,3.1,5.1,5.1,5,2.3,5.9,2,1.9,1.6,2.5,2.6,2.7,2.3,1.2,2.7,0.2,0.4,2.9,2.1,4.8,3.2,3.2,2.2,6.8,4.6,0.9,2.7,3.1,20737955,,
1999:Q4,pct99to100,18.2,9.6,9.5,10.1,21.9,12.5,32.7,42.5,40.4,49.9,46.7,50.9,19.6,33.5,9.3,3,12,3.2,31.1,7.8,6.5,6.5,6.1,2.5,18.5,25.9,8.9,20.1,1039854,,
1999:Q4,pct80to99,44,39.6,40.2,37.3,45.9,38.1,42.6,36.7,38.3,30.8,32.9,32.2,36.8,47.3,45.4,55.1,55.3,45,47.9,38.9,43.6,43.6,46.8,30,41.7,60.7,45.9,44.1,19770851,,
1999:Q4,pct60to80,17.8,21.7,21.7,22,16.1,17.8,11.7,10.3,10.7,9.2,6.8,4.6,20.7,10.4,23.6,28.5,21.6,26.1,9.1,22.9,25,25,25.6,27.7,17.4,8.6,23.7,16.6,20804928,,
1999:Q4,pct40to60,10.3,14,13.7,15,8.7,13.7,5.7,4.8,5.2,3,9.2,8.8,11.2,4.8,12.5,10.7,8.4,14.4,5.8,15.1,14.4,14.4,13.2,20.8,10.7,2.8,12.2,9.6,20812668,,
1999:Q4,pct20to40,6.7,10,9.8,10.6,5.3,12.2,5.4,3.7,3.5,4.5,2.1,1,9.2,2.7,6.6,2.5,2.4,8.3,4.2,10.3,7.4,7.4,6.1,12.5,6.4,1.7,6.7,6.6,20811684,,
1999:Q4,pct00to20,3,5,5,5,2.2,5.8,1.8,2,1.8,2.5,2.4,2.3,2.5,1.2,2.7,0.2,0.3,2.8,2,5.1,3.2,3.2,2.2,6.6,5.3,0.3,2.7,3,20799119,,
2000:Q1,pct99to100,18.2,9.7,9.6,10.2,21.9,12.7,32.9,42.2,39.8,51.9,46.6,50.6,20.4,33.5,9.5,2.9,12.1,3.2,31,7.9,6.6,6.6,6.2,2.7,18.6,24,7.3,20,1042867,,
2000:Q1,pct80to99,44.3,39.9,40.5,37.3,46.3,38.2,43.2,37.7,39.6,29.5,33.2,32.5,37.8,47.5,44.8,55.8,55.2,45.5,48.4,39,44,44,47,29.8,40.8,64.3,45.5,44.4,19830368,,
2000:Q1,pct60to80,17.7,21.7,21.6,22,16,17.9,11.3,10.2,10.6,8.8,6.9,4.9,20,10.3,23.8,27.8,21.7,25.8,9,22.9,24.5,24.5,25.2,27.4,17.1,7.4,24.6,16.6,20867527,,
2000:Q1,pct40to60,10.2,13.8,13.5,14.9,8.6,13.7,5.6,4.6,5,2.9,9.1,8.9,10.4,4.8,12.6,10.7,8.4,14.5,5.5,14.9,14.4,14.4,13.2,20.8,10.7,2.9,12.9,9.5,20875109,,
2000:Q1,pct20to40,6.6,10,9.9,10.6,5.2,11.9,5.2,3.6,3.4,4.4,2.1,1.1,8.8,2.6,6.6,2.5,2.5,8.2,4.2,10.2,7.4,7.4,6.1,12.6,6.8,1.5,7,6.5,20874116,,
2000:Q1,pct00to20,3,5,5,5,2.1,5.7,1.7,1.7,1.5,2.4,2,1.9,2.6,1.2,2.7,0.3,0.3,2.8,1.9,5,3.2,3.2,2.3,6.7,6,0,2.6,2.9,20861860,,
2000:Q2,pct99to100,17.8,9.8,9.7,10.3,21.4,12.7,33.2,41.5,39.4,49.2,46.3,50.3,21.1,32.6,9.5,2.9,12.2,3.1,31.3,8,6.6,6.6,6.2,2.9,19.2,25.2,7.8,19.6,1046014,,
2000:Q2,pct80to99,44.5,40.1,40.9,37.3,46.5,38.1,42.9,38.4,40.5,31.3,33.3,32.4,38.9,47.9,44.2,56.5,55.1,46,48.5,39,43.9,43.9,47.1,29.7,39.8,63,44.9,44.6,19891631,,
2000:Q2,pct60to80,17.8,21.6,21.5,21.9,16,18.1,11.3,10.4,10.7,9.2,6.7,4.7,19.4,10.5,24.2,27.2,21.6,25.5,8.8,22.9,24.4,24.4,25,27.2,16.9,6.9,24.8,16.7,20932052,,
2000:Q2,pct40to60,10.3,13.6,13.3,14.8,8.8,13.8,5.7,4.6,4.8,3.7,9.6,9.6,9.6,5,12.7,10.7,8.3,14.5,5.4,14.9,14.4,14.4,13.3,20.7,10.6,3,12.9,9.6,20939414,,
2000:Q2,pct20to40,6.7,10,9.8,10.7,5.2,11.7,5.1,3.5,3.3,4.3,2.5,1.5,8.4,2.7,6.8,2.5,2.5,8.2,4.1,10.2,7.5,7.5,6.1,12.9,6.9,1.8,7,6.5,20938391,,
2000:Q2,pct00to20,3,4.9,4.9,5,2.1,5.7,1.7,1.5,1.3,2.2,1.6,1.5,2.6,1.3,2.6,0.3,0.3,2.7,1.8,4.9,3.2,3.2,2.3,6.5,6.5,0.2,2.6,2.9,20926560,,
2000:Q3,pct99to100,17.6,9.8,9.7,10.2,21.2,12.8,33.3,41,39,47.7,46.3,50.1,21.9,32.1,9.7,2.8,12.3,3,31.6,8.1,6.7,6.7,6.2,3.2,20,24.9,7.5,19.4,1049324,,
2000:Q3,pct80to99,44.7,40.2,40.9,37.4,46.7,38,43.3,39.1,41.1,32.2,33.7,32.8,39.9,48.2,43.6,57.2,55,46.4,48.7,39.1,43.9,43.9,47.2,29.7,38.9,63.9,44.4,44.8,19955002,,
2000:Q3,pct60to80,17.8,21.6,21.5,21.9,16,18.3,11,10.5,10.8,9.5,6.9,5,18.8,10.6,24.5,26.5,21.6,25.2,8.7,22.9,24.2,24.2,24.8,27.2,16.8,6.2,25.3,16.7,20998892,,
2000:Q3,pct40to60,10.3,13.5,13.2,14.8,8.8,13.8,5.7,4.6,4.7,4.3,9.4,9.4,8.8,5.1,12.8,10.8,8.3,14.6,5.4,14.8,14.4,14.4,13.3,20.6,10.4,3,13.2,9.6,21005985,,
2000:Q3,pct20to40,6.7,10,9.8,10.7,5.1,11.5,5,3.4,3.2,4.3,2.4,1.5,8,2.7,6.8,2.5,2.5,8.1,3.9,10.2,7.6,7.6,6.1,13.1,6.9,1.9,7.1,6.5,21004900,,
2000:Q3,pct00to20,2.9,4.9,4.9,4.9,2.1,5.7,1.6,1.4,1.2,2.1,1.4,1.2,2.6,1.3,2.6,0.3,0.2,2.7,1.7,4.9,3.2,3.2,2.3,6.3,6.9,0.1,2.6,2.9,20993606,,
2000:Q4,pct99to100,17.1,9.9,9.7,10.6,20.6,13.1,33.5,40.3,38.8,45,46.4,49.8,22.7,30.6,9.7,2.7,12.5,3,31.8,8.2,6.8,6.8,6.2,3.4,19.9,27.9,9.2,18.8,1052829,,
2000:Q4,pct80to99,44.9,40.6,41.5,37.2,46.9,38.2,44,39.1,40.7,33.9,34.5,33.6,40.9,48.8,43,58,54.9,46.9,48.9,39.3,43.6,43.6,47.4,29.6,38,59.6,43.7,45.1,20020845,,
2000:Q4,pct60to80,17.9,21.5,21.4,21.8,16.2,18.3,10.6,11,11.4,10,7.5,5.9,18.3,11,24.9,25.9,21.5,24.9,8.6,23,24.3,24.3,24.7,27.2,16.4,5.9,24.9,16.8,21068435,,
2000:Q4,pct40to60,10.4,13.3,12.9,14.6,9,13.8,5.6,4.7,4.6,5,8.5,8.5,8,5.4,12.9,10.7,8.3,14.6,5.2,14.6,14.5,14.5,13.3,20.4,10.5,3.1,12.7,9.7,21075225,,
2000:Q4,pct20to40,6.7,9.9,9.7,10.8,5.2,11.1,4.8,3.3,3,4.2,1.9,1.1,7.6,2.8,7,2.4,2.6,8,3.9,10.2,7.7,7.7,6.1,13.3,7.4,2.6,7,6.6,21074035,,
2000:Q4,pct00to20,3,4.8,4.8,5,2.1,5.5,1.5,1.6,1.5,1.9,1.2,1,2.7,1.4,2.5,0.3,0.3,2.7,1.6,4.8,3.2,3.2,2.3,6,7.8,0.8,2.5,2.9,21063379,,
2001:Q1,pct99to100,16.5,10,9.8,10.8,19.9,13.6,33.6,39,38.2,40.7,46.1,49.6,23.2,29.2,9.9,2.7,12.7,2.9,31.8,8.3,6.8,6.8,6.3,3.6,21.1,30.3,7.5,18.1,1056560,,
2001:Q1,pct80to99,45.1,41.1,42,37.1,47.2,38.6,44.9,40.5,42.4,36.6,34.5,33.5,41.4,49.3,42.4,58.7,54.9,47.3,49.2,39.4,43.5,43.5,47.6,29.6,37.1,56.6,43.3,45.4,20089522,,
2001:Q1,pct60to80,18,21.4,21.3,21.8,16.2,18.1,10.1,10.9,11,10.7,7.3,5.8,17.7,11.3,25.2,25.3,21.4,24.6,8.5,23,24.2,24.2,24.5,26.9,16.5,5.3,25.9,17,21141071,,
2001:Q1,pct40to60,10.5,13,12.6,14.4,9.2,13.7,5.4,4.9,4.4,6,8.9,9.1,7.5,5.7,13,10.6,8.1,14.7,5,14.5,14.5,14.5,13.3,20.4,10.2,3.2,13.5,9.8,21147535,,
2001:Q1,pct20to40,6.9,9.8,9.6,10.8,5.3,10.6,4.6,3.4,3,4.2,2.2,1.4,7.5,2.9,7,2.4,2.7,7.9,3.9,10.1,7.8,7.8,6.1,13.4,7.2,3.2,7.3,6.7,21146189,,
2001:Q1,pct00to20,3,4.8,4.7,5,2.1,5.3,1.4,1.2,1,1.8,0.9,0.6,2.9,1.5,2.5,0.3,0.3,2.6,1.6,4.7,3.2,3.2,2.3,6.2,8,1.4,2.5,3,21136266,,
2001:Q2,pct99to100,16.7,10.1,9.9,10.9,20.1,13.7,33.7,38.6,37.8,39.9,46,49.3,23.7,29.5,10.3,2.6,12.8,2.7,32,8.3,6.8,6.8,6.2,3.7,21.9,29.9,6.9,18.3,1060547,,
2001:Q2,pct80to99,45.3,41.2,42.1,37.2,47.4,38.6,44.8,41.1,43.3,37.1,34.8,33.7,41.9,49.4,42.1,59.4,54.7,47.4,49.4,39.3,43.7,43.7,47.7,29.6,36.1,57.7,42.7,45.5,20161395,,
2001:Q2,pct60to80,17.9,21.3,21.3,21.7,16.2,18.3,10.1,10.9,10.9,10.8,7.4,5.9,17.1,11.2,25.2,24.7,21.4,24.6,8.4,23,24.1,24.1,24.5,26.8,16.4,4.4,26.6,16.9,21217189,,
2001:Q2,pct40to60,10.4,12.9,12.5,14.4,9.2,13.8,5.5,5,4.2,6.3,8.9,9.2,7,5.7,13,10.7,8.2,14.8,4.9,14.5,14.5,14.5,13.3,20.2,10,3.3,13.9,9.8,21223319,,
2001:Q2,pct20to40,6.8,9.8,9.6,10.9,5.2,10.4,4.5,3.4,3,4.1,2.3,1.5,7.3,2.8,7,2.4,2.7,7.9,3.8,10.2,7.7,7.7,6,13.5,7.2,3.3,7.5,6.6,21221752,,
2001:Q2,pct00to20,2.9,4.7,4.7,5,2,5.2,1.4,1.1,0.7,1.7,0.7,0.3,3.1,1.5,2.5,0.3,0.3,2.6,1.5,4.7,3.3,3.3,2.3,6.3,8.4,1.3,2.5,2.9,21212648,,
2001:Q3,pct99to100,16.1,10.1,9.9,10.9,19.4,13.9,33.8,38.4,37.8,39.9,46.3,49.3,24.1,27.5,10,2.6,13,2.6,32,8.3,6.9,6.9,6.3,3.9,21.6,25.9,8.6,17.8,1064823,514258,2096877184
2001:Q3,pct80to99,45.2,41.1,42,37.3,47.4,38.7,45.1,40.8,42.4,37.2,35.7,34.8,42.4,50.2,41.3,60.1,54.7,47.6,49.6,39.1,44.1,44.2,47.7,29.4,35.2,64.3,42.1,45.4,20236827,82281,514258
2001:Q3,pct60to80,18.2,21.4,21.3,21.7,16.4,18.4,9.8,11.4,11.7,10.8,8.2,7,16.5,11.7,25.8,24,21.2,24.6,8.3,22.9,23.7,23.7,24.3,26.6,15.9,3.4,26.1,17.2,21297178,51426,82281
2001:Q3,pct40to60,10.6,12.8,12.5,14.4,9.4,13.8,5.5,4.9,4.2,6.4,7.6,7.8,6.5,6.1,13.2,10.6,8,14.9,4.8,14.6,14.4,14.4,13.4,20.2,10.1,3.3,13.4,9.9,21302979,30855,51426
2001:Q3,pct20to40,6.9,9.8,9.6,10.9,5.3,10.1,4.4,3.1,2.7,4.1,1.5,0.7,7.2,3,7.2,2.4,2.7,7.8,3.8,10.3,7.7,7.7,6,13.7,7.8,2.6,7.3,6.8,21301117,16816,30855
2001:Q3,pct00to20,3,4.7,4.6,4.9,2.1,5.1,1.3,1.3,1.2,1.6,0.7,0.4,3.3,1.6,2.4,0.3,0.3,2.5,1.4,4.7,3.2,3.2,2.4,6.2,9.3,0.4,2.5,3,21292911,0,16816
2001:Q4,pct99to100,16.5,10.4,10.2,11.2,19.8,14,32.5,38.9,38.4,39.9,45.4,48.5,24.2,29.3,11,2.6,12.9,2.6,32.1,8.5,6.7,6.7,6.3,3.6,24.2,29.6,8.5,18.2,1069403,,
2001:Q4,pct80to99,45,41.1,42.1,36.9,47.1,38.6,46.2,40.9,42.7,37.3,35.2,34.2,41.9,49.2,41.6,59.2,55.3,47,48.9,39,43.6,43.6,47.6,29.7,35.2,58.3,42.3,45.3,20316033,,
2001:Q4,pct60to80,18.2,21.3,21.2,21.8,16.5,18.8,10,11.1,11.2,11,8.3,7.1,16.3,11.3,24.8,24.9,21,25.4,8.7,22.9,24.1,24.1,24.5,26.8,17.2,3.6,25.8,17.2,21381266,,
2001:Q4,pct40to60,10.5,12.8,12.4,14.4,9.3,13.4,5.7,4.9,4.2,6.4,8.4,8.5,7.2,5.9,12.9,10.6,7.9,14.9,4.8,14.6,14.6,14.6,13.4,20.1,9.1,3.8,13.4,9.8,21386753,,
2001:Q4,pct20to40,6.8,9.7,9.5,10.7,5.2,10.2,4.3,3.1,2.7,3.9,2.1,1.3,7.3,2.8,6.9,2.4,2.6,7.7,3.9,10.2,7.8,7.8,6,13.6,6.6,3.3,7.2,6.6,21384519,,
2001:Q4,pct00to20,3,4.6,4.6,5,2,5,1.3,1,0.8,1.5,0.7,0.4,3.1,1.6,2.7,0.3,0.3,2.4,1.6,4.8,3.2,3.2,2.3,6.2,7.7,1.5,2.7,2.9,21377276,,
2002:Q1,pct99to100,16.6,10.6,10.4,11.5,19.9,14.1,31.3,39.6,39.1,40.6,44.6,47.7,24.1,30,11.9,2.6,12.7,2.5,32.3,8.7,6.8,6.8,6.5,3.5,25.6,29.4,9.4,18.3,1074253,,
2002:Q1,pct80to99,44.8,41.1,42.2,36.5,46.8,38.6,46.7,40.6,42.4,37,34.9,33.9,41.2,48.6,41.9,58.4,55.9,46.5,48,38.8,43.4,43.4,47.3,29.6,35.2,57.8,42.5,45,20398639,,
2002:Q1,pct60to80,18.4,21.2,21.1,21.9,16.8,19.1,10.4,11,11,11,8.6,7.5,16.1,11.3,24,25.8,20.8,26.1,9,22.8,23.9,23.9,24.3,26.6,18.1,3.6,25,17.4,21469035,,
2002:Q1,pct40to60,10.6,12.9,12.5,14.5,9.3,13,6,4.9,4.2,6.2,8.7,8.8,8,5.9,12.6,10.6,7.8,15,4.8,14.6,14.7,14.7,13.5,20.3,8.4,4.2,13.2,9.8,21474224,,
2002:Q1,pct20to40,6.7,9.5,9.3,10.6,5.2,10.3,4.2,3,2.6,3.7,2.3,1.6,7.6,2.7,6.6,2.3,2.5,7.6,4,10.2,7.9,7.9,6.2,13.6,6.1,3.2,7,6.5,21471563,,
2002:Q1,pct00to20,3,4.6,4.5,5,2,4.8,1.4,0.9,0.5,1.5,0.9,0.5,3,1.6,3,0.3,0.3,2.3,1.8,4.9,3.3,3.3,2.3,6.3,6.7,1.8,2.9,2.9,21465317,,
2002:Q2,pct99to100,16.4,10.9,10.7,11.9,19.6,14,30.1,39,39.9,37.6,43.5,46.7,24.1,29.9,12.6,2.7,12.7,2.5,32.5,8.8,6.8,6.8,6.6,3.3,27.5,30.9,9.4,18.2,1079320,,
2002:Q2,pct80to99,44.4,41.1,42.2,36.1,46.3,38.3,47.1,40.8,41.9,39,34.4,33.4,40.8,48.2,42,57.6,56.7,45.9,47.1,38.6,43.1,43.1,47,29.6,35.1,54.9,42.7,44.6,20484122,,
2002:Q2,pct60to80,18.7,21.2,21,22,17.3,19.7,10.8,11.2,11,11.7,8.9,7.7,15.9,11.4,23.3,26.7,20.3,26.8,9.3,22.8,23.9,23.9,24.2,26.6,19.1,3.6,24.6,17.7,21559907,,
2002:Q2,pct40to60,10.7,13,12.6,14.5,9.4,12.7,6.4,5.2,4.3,6.7,9.4,9.5,8.6,6.1,12.4,10.5,7.5,15.1,4.9,14.7,14.9,14.9,13.7,20.4,7.6,4.8,13.2,10,21564808,,
2002:Q2,pct20to40,6.8,9.3,9.1,10.4,5.3,10.5,4.1,2.9,2.6,3.6,2.9,2.1,7.7,2.7,6.4,2.3,2.5,7.5,4.1,10.2,7.9,8,6.2,13.7,5.3,3.4,6.9,6.5,21561697,,
2002:Q2,pct00to20,3,4.6,4.5,5.1,2.1,4.8,1.5,0.8,0.5,1.4,0.9,0.6,2.9,1.6,3.2,0.3,0.4,2.2,2,5,3.3,3.3,2.4,6.3,5.5,2.4,3.2,3,21556446,,
2002:Q3,pct99to100,16,11.1,10.9,11.9,19.1,14.1,28.9,38.4,40.5,35.8,42.6,45.7,24.1,29.1,13.2,2.7,12.7,2.5,32.7,8.9,6.8,6.8,6.7,3.1,28.5,31.9,11,17.8,1084557,,
2002:Q3,pct80to99,43.9,40.8,41.9,36,45.8,38.4,47.6,41.1,41.8,40.2,34.1,33.1,40.2,47.9,42.1,56.7,57.6,45.4,46.2,38.3,42.9,42.9,46.7,29.7,35.1,52.6,42.9,44.1,20571962,,
2002:Q3,pct60to80,19.1,21.1,20.9,22.1,17.9,20,11.2,11.3,10.7,12.1,9.4,8.4,15.7,11.8,22.8,27.6,19.7,27.5,9.6,22.7,24,24,24.2,26.7,19.7,3.6,23.5,18.2,21653303,,
2002:Q3,pct40to60,11,13.2,12.8,14.8,9.7,12.4,6.7,5.5,4.3,7,9.6,9.7,9.3,6.6,12.2,10.4,7.1,15.1,5,14.8,15,15.1,13.8,20.5,7.1,5.4,12.6,10.2,21657925,,
2002:Q3,pct20to40,6.9,9.2,9,10.2,5.4,10.5,4,2.9,2.5,3.4,3.1,2.4,7.9,2.9,6.3,2.3,2.4,7.4,4.2,10.2,8,8,6.3,13.7,4.9,3.5,6.5,6.7,21654371,,
2002:Q3,pct00to20,3.1,4.6,4.5,5,2.2,4.7,1.6,0.7,0.2,1.4,1.1,0.8,2.8,1.7,3.4,0.3,0.4,2.1,2.2,5.1,3.4,3.4,2.4,6.3,4.7,3,3.4,3,21650074,,
2002:Q4,pct99to100,16.2,11.3,11.1,12,19.2,14.1,27.9,36.9,41,32.9,41.5,44.5,24,30.4,13.8,2.7,12.6,2.4,32.7,9,6.7,6.7,6.7,2.9,29.8,31.7,11.2,18,1089913,,
2002:Q4,pct80to99,43.6,40.6,41.6,35.8,45.5,38.2,48.5,41.9,41.7,42.1,33.7,32.7,39.6,47,42.1,55.8,58.2,44.9,45.5,38,42.7,42.7,46.4,29.8,35.1,52.1,43.1,43.8,20661637,,
2002:Q4,pct60to80,19.3,21.1,20.9,22.3,18.1,20.4,11.3,11.6,10.5,12.7,9.9,8.9,15.5,11.6,22.2,28.5,19.5,28.2,10,22.6,24,24,24.2,26.7,20.4,3.6,23.1,18.4,21748643,,
2002:Q4,pct40to60,11,13.3,12.9,15,9.6,12,6.8,5.9,4.3,7.5,10,10,10,6.5,12,10.4,7,15.2,4.9,14.9,15.2,15.2,13.9,20.5,6.6,5.9,12.6,10.2,21752992,,
2002:Q4,pct20to40,6.8,9.1,9,10,5.4,10.7,3.9,2.9,2.5,3.4,3.5,2.7,8.1,2.8,6.2,2.3,2.3,7.3,4.5,10.2,8,8,6.4,13.7,4.4,3.4,6.4,6.6,21749033,,
2002:Q4,pct00to20,3.1,4.5,4.5,5,2.2,4.6,1.6,0.7,0,1.4,1.3,1,2.7,1.7,3.6,0.3,0.4,2,2.5,5.2,3.4,3.4,2.4,6.3,3.8,3.3,3.6,3,21745614,,
2003:Q1,pct99to100,16.2,11.5,11.3,12.4,19.1,14.3,26.7,37.9,41.5,34.2,40.7,43.5,24.1,30.9,14.5,2.7,12.5,2.4,32.9,9.2,6.7,6.7,6.8,2.6,30.4,30.2,13.8,18,1095337,,
2003:Q1,pct80to99,43.3,40.6,41.7,35.4,45,38.4,48.9,41.4,41.4,41.4,33.7,32.7,39.2,46.3,42.3,54.9,58.8,44.3,44.6,37.8,42.7,42.7,46.2,29.8,35.1,53.8,43.2,43.4,20752624,,
2003:Q1,pct60to80,19.5,21.1,20.9,22.3,18.5,20.5,11.7,11.5,10.3,12.6,10.7,9.9,15.4,11.7,21.6,29.4,19.2,28.9,10.3,22.6,23.9,24,24.2,26.6,20.9,3.5,21.6,18.6,21845351,,
2003:Q1,pct40to60,11.1,13.3,13,15,9.7,11.7,7.2,5.8,4.3,7.2,9.9,9.8,10.6,6.7,11.8,10.4,6.8,15.3,5,15,15.2,15.2,13.9,20.7,6.2,6.3,11.7,10.3,21849426,,
2003:Q1,pct20to40,6.8,9,8.8,9.9,5.4,10.6,3.8,2.8,2.4,3.2,3.5,2.7,8.2,2.8,6,2.3,2.2,7.2,4.5,10.2,8,8,6.4,13.6,4.2,3,5.9,6.6,21845131,,
2003:Q1,pct00to20,3.1,4.5,4.4,5,2.2,4.4,1.7,0.7,0,1.3,1.5,1.3,2.6,1.7,3.8,0.3,0.5,1.9,2.6,5.2,3.4,3.4,2.4,6.6,3.3,3.3,3.8,3,21842475,,
2003:Q2,pct99to100,16.8,11.7,11.5,12.6,19.9,14.3,25.6,38.3,41.9,34.9,40.9,43.4,24,33,15.4,2.7,12.3,2.4,33.2,9.3,6.7,6.6,6.9,2.5,30.8,23.9,14.6,18.8,1100780,,
2003:Q2,pct80to99,43.1,40.4,41.5,35.1,44.7,38.3,49.3,41.2,41.3,41.1,34.6,34,38.7,45.3,42.6,54.1,59.1,43.8,43.8,37.7,43.2,43.2,46,29.9,35,63.6,43.3,43.1,20844402,,
2003:Q2,pct60to80,19.5,21.1,20.8,22.4,18.5,20.8,12.1,11.4,10.1,12.6,11.9,11.4,15.2,11.2,20.8,30.2,19.3,29.6,10.6,22.6,23.8,23.8,24.2,26.6,21.2,3.2,21,18.6,21942846,,
2003:Q2,pct40to60,11,13.4,13.1,15.1,9.5,11.4,7.5,5.7,4.4,7.1,8.1,7.6,11.2,6.3,11.5,10.5,6.8,15.4,5.1,15,15.2,15.2,14.1,20.7,5.9,5.9,11.4,10.2,21946647,,
2003:Q2,pct20to40,6.6,8.8,8.6,9.7,5.2,10.7,3.7,2.7,2.4,3,2.5,1.6,8.4,2.5,5.7,2.3,2.2,7.1,4.5,10.2,7.9,7.9,6.5,13.6,4.1,1.7,5.7,6.3,21942114,,
2003:Q2,pct00to20,3.1,4.5,4.4,5,2.2,4.3,1.8,0.7,0,1.3,2,1.9,2.5,1.6,4.1,0.3,0.4,1.8,2.8,5.3,3.3,3.3,2.4,6.7,2.9,1.7,4,3,21940071,,
2003:Q3,pct99to100,17.1,11.9,11.7,12.6,20.3,14.2,24.4,40.2,42.6,37.2,40,42.3,24.2,34.4,16.1,2.7,12.2,2.3,33.5,9.4,6.7,6.7,7,2.3,31.8,25,14.8,19.2,1106192,,
2003:Q3,pct80to99,42.7,40.2,41.3,35,44.2,38.1,49.8,40.2,40.5,39.8,34.5,33.8,38.6,44.5,42.8,53.3,59.6,43.3,42.9,37.4,42.8,42.8,45.7,29.9,35,61,43.5,42.7,20936449,,
2003:Q3,pct60to80,19.6,21.1,20.8,22.6,18.6,21.3,12.5,11.1,10.2,12.3,12.6,12.2,15.1,11,20.1,31,19.1,30.2,10.8,22.5,23.8,23.8,24.1,26.6,21.8,3.3,20.5,18.7,22040549,,
2003:Q3,pct40to60,11,13.6,13.2,15.3,9.4,11.2,7.8,5.4,4.4,6.6,8.2,7.7,11.6,6.2,11.3,10.5,6.6,15.4,5.2,15.1,15.4,15.4,14.2,20.8,5.5,6.6,11.4,10.1,22044070,,
2003:Q3,pct20to40,6.5,8.7,8.6,9.5,5.2,10.9,3.6,2.5,2.3,2.8,2.6,1.7,8.3,2.4,5.5,2.3,2.1,7,4.6,10.2,7.9,7.9,6.5,13.7,3.6,1.8,5.6,6.2,22039431,,
2003:Q3,pct00to20,3.1,4.5,4.4,5,2.2,4.3,1.9,0.6,0,1.3,2.2,2.2,2.2,1.6,4.3,0.3,0.4,1.7,3,5.4,3.4,3.4,2.5,6.6,2.2,2.4,4.2,3,22037813,,
2003:Q4,pct99to100,17.7,12,11.9,12.7,21,14.2,23.2,40,43.2,36,38.8,41,24.3,36,16.8,2.6,12.1,2.3,33.7,9.5,6.8,6.8,7,2.2,30,27.5,14.8,19.8,1111523,,
2003:Q4,pct80to99,42.5,40,41.1,34.8,43.9,38,50.2,40.2,39.8,40.6,34.2,33.6,38.2,43.7,42.9,52.6,59.8,42.8,42.1,37.2,42.4,42.4,45.5,30,35,56,43.7,42.5,21028244,,
2003:Q4,pct60to80,19.6,21.1,20.8,22.7,18.7,21.6,12.9,11.3,10.3,12.6,13.3,13.1,14.9,10.6,19.4,31.7,19.1,30.9,11.1,22.4,23.9,23.9,24.2,26.7,21.3,3.3,20.1,18.7,22137883,,
2003:Q4,pct40to60,10.9,13.7,13.3,15.5,9.3,10.9,8.2,5.5,4.5,6.8,8.4,7.8,12.2,6,11.1,10.6,6.6,15.5,5.3,15.2,15.5,15.5,14.3,20.9,6,7.5,11.4,10,22141115,,
2003:Q4,pct20to40,6.4,8.6,8.5,9.3,5,11,3.6,2.4,2.2,2.8,2.9,2,8.4,2.2,5.3,2.2,2,6.9,4.7,10.2,8,8,6.6,13.7,4.8,2.1,5.5,6.1,22136530,,
2003:Q4,pct00to20,3,4.5,4.4,5,2.2,4.2,2,0.6,0,1.2,2.4,2.5,2,1.5,4.5,0.3,0.4,1.6,3.1,5.5,3.4,3.4,2.5,6.6,2.9,3.5,4.5,2.9,22135112,,
2004:Q1,pct99to100,18.3,12.2,12.1,12.9,21.9,14.4,22,42.2,45.1,35.4,38,40,24.2,37.2,17.3,2.6,12,2.3,34,9.6,6.8,6.8,7.1,2,30.6,26.5,14.9,20.5,1116724,,
2004:Q1,pct80to99,42.1,40,41.1,34.5,43.3,38.1,50.7,36.6,34.8,41.1,34.2,33.7,37.6,42.9,43,51.8,60.3,42.4,41.4,37.1,42.4,42.4,45.3,30,35,57,43.9,42,21119265,,
2004:Q1,pct60to80,19.6,21.1,20.8,22.7,18.7,21.8,13.3,12.5,12.4,12.8,14.2,14.1,14.7,10.4,18.9,32.4,18.9,31.5,11.3,22.4,23.8,23.8,24.1,26.6,21.7,3.3,19.7,18.8,22234268,,
2004:Q1,pct40to60,10.8,13.6,13.3,15.6,9.1,10.7,8.5,5.4,4.8,6.9,8.1,7.4,12.8,5.9,10.9,10.6,6.5,15.5,5.4,15.2,15.5,15.5,14.3,21,5.7,7.9,11.4,9.9,22237199,,
2004:Q1,pct20to40,6.2,8.5,8.3,9.2,4.9,11,3.5,1.9,1.6,2.7,2.8,1.9,8.6,2.1,5.1,2.2,1.9,6.8,4.7,10.2,8,8,6.6,13.7,4.5,1.8,5.3,5.9,22232860,,
2004:Q1,pct00to20,3,4.5,4.4,5,2.2,4.1,2.1,1.3,1.4,1.2,2.7,2.9,2,1.5,4.7,0.3,0.4,1.5,3.3,5.5,3.5,3.5,2.5,6.8,2.5,3.5,4.7,2.9,22231380,,
2004:Q2,pct99to100,18.5,12.4,12.3,12.8,22.1,14.4,20.8,42.6,45.3,36.3,37.2,39.2,24.1,38.1,17.9,2.6,11.9,2.4,34.4,9.7,6.8,6.8,7.2,1.8,31.1,25,16.3,20.7,1121743,,
2004:Q2,pct80to99,41.7,39.7,40.8,34.5,43,38,51.1,37.1,35.5,40.6,34.3,33.9,37,42.1,43.1,51.1,60.8,42.2,40.7,37,42.4,42.4,45.1,30,35,58.7,44,41.6,21208990,,
2004:Q2,pct60to80,19.7,21.1,20.8,22.9,18.8,22.1,13.7,12.1,11.9,12.7,15.1,15.2,14.6,10.3,18.4,33.1,18.7,31.7,11.4,22.4,23.8,23.8,24.1,26.5,22.1,3.2,18.8,18.9,22329126,,
2004:Q2,pct40to60,10.9,13.8,13.4,15.8,9.2,10.4,8.8,5.3,4.7,6.7,7.6,6.8,13.5,5.9,10.7,10.6,6.4,15.5,5.6,15.2,15.6,15.6,14.4,21.1,5.4,8.2,10.9,10,22331741,,
2004:Q2,pct20to40,6.2,8.4,8.3,9,4.8,11.1,3.4,1.9,1.7,2.5,2.6,1.7,8.9,2,5,2.2,1.9,6.7,4.6,10.1,7.9,7.9,6.6,13.7,4.3,1.5,5.1,5.8,22327869,,
2004:Q2,pct00to20,3,4.5,4.4,5,2.2,4,2.2,1,0.9,1.2,3.1,3.2,2,1.5,4.9,0.3,0.4,1.5,3.3,5.6,3.5,3.5,2.5,6.9,2.1,3.4,4.9,3,22326029,,
2004:Q3,pct99to100,18.7,12.5,12.4,13.1,22.4,14.3,19.6,42.8,45.9,35.6,35.8,37.6,24,39.1,18.5,2.6,11.8,2.6,34.8,9.8,6.7,6.7,7.2,1.7,32.7,24.8,17,21,1126531,488098,1877892736
2004:Q3,pct80to99,41.4,39.5,40.5,34.2,42.5,37.9,51.6,36.6,34.7,41.1,34,33.6,36.5,41.3,43.2,50.4,61.3,41.9,40,36.8,42.3,42.3,44.9,30.1,35,58.3,44.2,41.2,21296897,89322,487893
2004:Q3,pct60to80,19.8,21.1,20.8,22.9,18.9,22.4,14.1,12.3,12,12.9,16,16.2,14.4,10.2,17.8,33.8,18.4,31.9,11.5,22.4,23.8,23.8,24.1,26.6,22.7,3.1,18.2,19,22421878,53593,89322
2004:Q3,pct40to60,11,14,13.7,15.9,9.2,10.2,9.2,5.4,4.8,6.8,7.9,6.9,14.1,6,10.5,10.6,6.2,15.5,5.9,15.3,15.7,15.7,14.5,21.1,4.8,8.7,10.7,10.1,22424157,33881,53593
2004:Q3,pct20to40,6.1,8.3,8.1,8.9,4.8,11.2,3.3,1.8,1.6,2.4,3,2,9.1,1.9,4.8,2.2,1.8,6.6,4.5,10.1,8,8,6.7,13.7,3.6,1.3,4.9,5.7,22421006,18924,33881
2004:Q3,pct00to20,3.1,4.5,4.4,5,2.2,4,2.3,1,1,1.1,3.4,3.6,1.9,1.5,5.1,0.3,0.4,1.4,3.4,5.6,3.5,3.5,2.5,6.8,1.2,3.7,5,3,22418471,0,18888
2004:Q4,pct99to100,19,12.4,12.3,12.8,23,14.8,19.6,44.6,46.4,38.2,38.6,40.8,23.9,39.5,18.6,2.6,12,2.8,34.7,9.6,6.6,6.6,7.1,1.7,31.9,23.7,17.4,21.4,1131047,,
2004:Q4,pct80to99,41.6,40,41.1,34.3,42.6,38.1,51.3,34.5,33.1,39.5,33.7,33.3,35.9,41.2,43.1,51.1,60.4,42.5,40.6,36.6,42.6,42.6,45.1,30.2,35,61.1,44,41.5,21382489,,
2004:Q4,pct60to80,19.5,21.1,20.7,23,18.5,21.9,14.4,12.5,12.5,12.5,15.2,15.5,13.7,10.2,17.7,32.7,18.8,31.1,11.2,22.4,24.1,24.1,24.3,27,22.3,3.7,18,18.6,22511981,,
2004:Q4,pct40to60,10.8,13.7,13.3,15.9,9,10.3,9.2,5.2,4.9,6.3,6.9,5.8,14.7,5.7,10.5,10.9,6.4,15.4,5.7,15.4,15.5,15.5,14.4,20.9,5.2,7.7,10.6,9.9,22513903,,
2004:Q4,pct20to40,6,8.2,8.1,9,4.7,11,3.3,1.7,1.5,2.4,2.4,1.4,9.4,1.9,5.1,2.3,1.9,6.6,4.2,10.2,7.8,7.8,6.5,13.6,4,1.1,5.2,5.6,22511742,,
2004:Q4,pct00to20,3.1,4.6,4.5,5,2.2,4,2.3,1.5,1.6,1.2,3.2,3.3,2.4,1.5,4.9,0.3,0.4,1.5,3.6,5.7,3.4,3.4,2.6,6.6,1.6,2.7,4.9,3.1,22508157,,
2005:Q1,pct99to100,19,12.3,12.2,12.7,23,15.1,19.4,44.2,46.2,37.4,40.3,42.8,23.8,39.7,18.6,2.7,12.3,2.9,34.6,9.4,6.5,6.4,6.9,1.5,31.7,25,17.4,21.4,1135283,,
2005:Q1,pct80to99,41.8,40.3,41.4,34.3,42.7,38.3,50.8,35.3,33.9,39.9,32.4,31.9,35.4,40.9,42.8,51.6,60,43,41.2,36.5,42.8,42.8,45.2,30.4,35.1,59.4,43.8,41.6,21465362,,
2005:Q1,pct60to80,19.3,21,20.7,22.9,18.2,21.4,14.9,12.1,11.9,12.5,14.5,14.7,13,10.3,17.7,31.8,18.9,30.4,11,22.5,24.4,24.5,24.7,27.3,22.1,4.4,18,18.3,22599034,,
2005:Q1,pct40to60,10.7,13.5,13.1,15.9,9,10.3,9.3,5.3,4.9,6.4,7.2,6,15.3,5.6,10.6,11.1,6.5,15.4,5.6,15.4,15.3,15.3,14.3,20.6,5.3,7.2,10.6,9.9,22600584,,
2005:Q1,pct20to40,6,8.1,7.9,9.1,4.7,10.7,3.4,2,1.8,2.6,2.7,1.6,9.8,2,5.4,2.4,1.9,6.7,3.9,10.3,7.6,7.6,6.4,13.2,4.1,1.2,5.5,5.7,22599633,,
2005:Q1,pct00to20,3.2,4.7,4.6,5,2.3,4.1,2.3,1.3,1.3,1.2,3,3,2.8,1.5,4.8,0.3,0.4,1.5,3.7,5.8,3.4,3.4,2.5,6.9,1.7,2.7,4.7,3.1,22594708,,
2005:Q2,pct99to100,19.1,12.2,12.1,12.8,23.4,15.4,19.2,44.1,46.4,36.5,42.3,45.1,23.7,39.9,18.7,2.7,12.5,3.1,34.6,9.3,6.4,6.4,6.7,1.5,30.4,26.2,18.1,21.6,1139239,,
2005:Q2,pct80to99,42,40.7,41.8,34.2,42.8,38.4,50.4,35,33.4,40.3,31.3,30.8,34.9,40.8,42.6,52.2,59.5,43.5,41.7,36.4,42.9,42.8,45.4,30.5,35.2,58.1,43.6,41.8,21545138,,
2005:Q2,pct60to80,19.1,21,20.6,22.9,17.9,21.1,15.3,12.1,11.9,12.7,13.7,13.9,12.2,10.3,17.7,30.9,19.1,29.6,10.7,22.6,24.7,24.7,25,27.7,21.5,5.1,17.7,18,22682674,,
2005:Q2,pct40to60,10.7,13.4,13,15.8,9,10.4,9.4,5.3,5,6.5,7.2,5.9,15.9,5.4,10.7,11.4,6.7,15.4,5.6,15.5,15.2,15.2,14.2,20.4,5.8,6.8,10.4,9.8,22683840,,
2005:Q2,pct20to40,5.9,8,7.8,9.2,4.6,10.6,3.4,2.1,1.9,2.8,2.8,1.7,10.1,2,5.8,2.5,1.9,6.8,3.6,10.3,7.4,7.4,6.2,13.1,4.7,1.4,5.7,5.6,22684258,,
2005:Q2,pct00to20,3.2,4.7,4.7,5.2,2.3,4.2,2.2,1.4,1.5,1.2,2.7,2.7,3.3,1.5,4.6,0.3,0.3,1.6,3.8,5.9,3.4,3.4,2.5,6.8,2.4,2.6,4.5,3.2,22677783,,
2005:Q3,pct99to100,19.2,12.1,12,12.5,23.7,15.8,19.4,44.7,46.2,38.7,44.2,47.4,23.7,40.2,18.7,2.7,12.7,3.2,34.6,9.1,6.3,6.3,6.6,1.5,29.3,27,16.8,21.8,1142915,,
2005:Q3,pct80to99,42.2,40.9,42.1,34.3,43,38.5,50.1,35.2,34.3,38.9,30.1,29.4,34.6,40.7,42.4,52.8,58.9,44,42.2,36.2,42.9,42.9,45.5,30.7,35.3,57.2,43.5,42.1,21621438,,
2005:Q3,pct60to80,18.8,21,20.6,22.9,17.5,20.6,15.6,11.5,11.3,12.2,12.9,13.1,11.6,10.3,17.6,30.1,19.3,28.9,10.4,22.6,25,25,25.2,28.1,20.9,5.7,18.1,17.6,22762536,,
2005:Q3,pct40to60,10.6,13.3,12.8,15.8,8.9,10.4,9.4,5.2,5,6,7.3,5.9,16.3,5.2,10.7,11.6,6.8,15.4,5.6,15.6,15,15,14.1,20.2,6.2,6.2,10.9,9.7,22763315,,
2005:Q3,pct20to40,5.9,7.9,7.7,9.3,4.6,10.4,3.4,2.2,2.1,2.8,3,1.9,10.2,2.1,6.1,2.6,2,6.9,3.3,10.5,7.3,7.3,6.1,13,5.3,1.4,6.2,5.6,22765197,,
2005:Q3,pct00to20,3.3,4.8,4.8,5.1,2.3,4.2,2.1,1.2,1.2,1.3,2.5,2.3,3.6,1.5,4.5,0.2,0.3,1.6,3.8,6,3.4,3.4,2.6,6.7,2.9,2.4,4.5,3.2,22757042,,
2005:Q4,pct99to100,19.3,11.9,11.9,12.2,23.8,16.1,19.9,44.1,46.2,36.6,46.4,49.9,23.9,40.4,18.7,2.7,12.9,3.4,34.5,8.9,6.3,6.3,6.5,1.5,27.9,29.6,15.9,21.8,1146313,,
2005:Q4,pct80to99,42.4,41.2,42.4,34.5,43.1,38.6,49.9,35.6,34.3,40.1,29,28.1,34.6,40.4,42.2,53.3,58.4,44.5,42.6,36,42.9,42.9,45.6,30.8,35.4,53.3,43.4,42.3,21693883,,
2005:Q4,pct60to80,18.7,20.9,20.5,22.9,17.3,20.3,15.5,11.4,11.1,12.6,12.1,12.3,10.9,10.4,17.5,29.2,19.5,28.2,10.2,22.7,25.3,25.3,25.4,28.4,20.3,6.6,18.4,17.4,22838256,,
2005:Q4,pct40to60,10.5,13.1,12.6,15.9,8.9,10.5,9.2,5.3,5,6.4,7.3,5.8,16.7,5,10.8,11.8,6.9,15.4,5.5,15.7,14.9,14.9,14,19.9,6.8,5.9,11.3,9.6,22838649,,
2005:Q4,pct20to40,5.9,7.9,7.7,9.3,4.6,10.2,3.5,2.4,2.2,3,3.1,2,10.2,2.1,6.4,2.7,2,6.9,3.1,10.6,7.2,7.2,6,12.9,6,1.8,6.6,5.6,22842029,,
2005:Q4,pct00to20,3.3,4.9,4.9,5.1,2.3,4.3,2,1.2,1.2,1.3,2.2,1.9,3.8,1.5,4.3,0.2,0.3,1.6,4,6.1,3.4,3.4,2.6,6.5,3.6,2.7,4.4,3.3,22832145,,
2006:Q1,pct99to100,19.8,11.8,11.7,12.3,24.5,16.6,20,44.2,46.4,36.4,48.8,52.4,24.4,40.9,18.4,2.7,13,3.5,34.4,8.8,6.3,6.3,6.4,1.5,26.1,29.4,15.9,22.4,1149432,,
2006:Q1,pct80to99,42.6,41.5,42.7,34.3,43.2,39,49.5,35.2,33.9,40.2,28.2,27.2,35.2,40.6,41.5,53.8,57.9,45,43.1,36,43.1,43.1,45.6,30.8,35.6,54.4,43.3,42.5,21762094,,
2006:Q1,pct60to80,18.3,20.9,20.5,22.9,16.8,19.7,15.9,11.3,11,12.5,11.3,11.5,10.1,10.2,17.9,28.4,19.7,27.4,10.1,22.8,25.5,25.5,25.5,28.7,19.4,7.1,18.3,16.9,22909470,,
2006:Q1,pct40to60,10.3,13,12.5,15.8,8.7,10.5,9.2,5.4,5.1,6.4,6.9,5.5,16.8,4.7,10.9,12.1,7.1,15.4,5.4,15.7,14.8,14.8,14,19.8,7.4,5.3,11.4,9.4,22909484,,
2006:Q1,pct20to40,5.8,7.9,7.6,9.5,4.5,9.9,3.5,2.5,2.4,3.2,2.9,1.8,9.8,2.1,7.1,2.8,2,7,2.9,10.6,7.1,7.1,5.9,12.8,7,1.7,6.9,5.5,22914332,,
2006:Q1,pct00to20,3.3,5,4.9,5.2,2.3,4.3,1.9,1.3,1.3,1.3,1.9,1.6,3.7,1.5,4.2,0.2,0.3,1.7,4.1,6.1,3.4,3.4,2.6,6.5,4.5,2.2,4.2,3.3,22902753,,
2006:Q2,pct99to100,19.7,11.7,11.6,12,24.5,16.9,20.3,43.1,46.2,34.2,51.2,54.7,25.3,41,18.4,2.7,13.2,3.7,34.3,8.7,6.2,6.2,6.2,1.4,24.2,29.8,15.9,22.3,1152274,,
2006:Q2,pct80to99,42.7,41.6,42.9,34.5,43.4,39.1,49.2,36.5,34.8,41.4,27.7,26.6,36.2,40.3,41.2,54.3,57.5,45.4,43.5,36,43.2,43.2,45.7,31,35.7,54.3,43.1,42.6,21825693,,
2006:Q2,pct60to80,18.2,20.8,20.5,22.9,16.6,19.3,16,11,10.4,12.9,10.7,10.8,9.4,10.4,17.8,27.7,19.8,26.7,9.9,22.9,25.7,25.7,25.7,28.9,18.6,7.6,18.3,16.7,22975812,,
2006:Q2,pct40to60,10.3,12.9,12.4,15.8,8.7,10.6,9.1,5.5,5.1,6.7,6.3,4.9,16.6,4.6,11,12.3,7.1,15.4,5.4,15.7,14.6,14.7,13.9,19.6,8.1,4.7,11.4,9.4,22975462,,
2006:Q2,pct20to40,5.8,7.9,7.6,9.5,4.5,9.8,3.5,2.8,2.6,3.4,2.5,1.6,9.2,2.2,7.5,2.9,2.1,7.1,2.7,10.6,6.9,6.9,5.8,12.6,7.9,1.7,7.2,5.6,22981685,,
2006:Q2,pct00to20,3.3,5,5,5.2,2.3,4.4,1.8,1.1,1,1.4,1.6,1.4,3.4,1.5,4,0.2,0.3,1.7,4.2,6.2,3.4,3.4,2.7,6.6,5.5,1.9,4.1,3.3,22968525,,
2006:Q3,pct99to100,19.8,11.5,11.5,11.7,24.8,17.2,20.9,43.6,46.2,35.1,53.7,57.3,26.3,41.3,18.5,2.7,13.4,3.8,34.3,8.6,6.1,6.1,6.1,1.4,22.4,30.2,15.7,22.5,1154838,,
2006:Q3,pct80to99,42.9,41.9,43.1,34.6,43.5,39.2,49,36.2,34.8,40.8,26.5,25.1,37.7,40.1,41.1,54.8,57,45.9,43.9,36,43.3,43.3,45.8,31,35.8,54.1,43,42.8,21884299,,
2006:Q3,pct60to80,18,20.8,20.4,22.9,16.3,18.9,16,10.7,10.2,12.7,9.8,9.9,8.5,10.4,17.7,26.9,20,26,9.7,23,25.9,25.9,25.9,29.1,17.7,8.1,18.3,16.4,23036919,,
2006:Q3,pct40to60,10.2,12.8,12.3,15.9,8.6,10.6,8.9,5.4,5.1,6.5,6.3,5,16.3,4.5,11,12.5,7.2,15.4,5.3,15.6,14.5,14.5,13.8,19.4,8.8,4.2,11.5,9.3,23036225,,
2006:Q3,pct20to40,5.8,7.9,7.6,9.6,4.5,9.6,3.6,2.9,2.7,3.5,2.5,1.8,8.2,2.2,7.7,3,2.1,7.1,2.5,10.6,6.8,6.8,5.7,12.4,8.9,1.7,7.6,5.6,23043668,,
2006:Q3,pct00to20,3.4,5.1,5,5.2,2.3,4.4,1.6,1.1,1,1.4,1.2,1,2.9,1.5,3.9,0.2,0.2,1.7,4.3,6.2,3.4,3.4,2.7,6.6,6.4,1.6,4,3.4,23029121,,
2006:Q4,pct99to100,20,11.4,11.3,11.6,25.1,17.5,21.5,43.3,46,35,56.3,59.9,27.2,41.6,18.7,2.7,13.5,4,34.2,8.5,6.1,6.1,6,1.4,19.6,29.1,15.6,22.8,1157125,,
2006:Q4,pct80to99,43.1,42.1,43.5,34.6,43.7,39.3,48.9,37.1,35.9,40.8,25.4,23.7,38.7,40.2,41.1,55.2,56.6,46.4,44.2,35.9,43.5,43.5,46,31.1,36,56.3,42.8,43,21937535,,
2006:Q4,pct60to80,17.8,20.8,20.4,22.9,16,18.5,15.8,10.3,9.5,12.6,8.9,9,7.6,10.4,17.6,26.2,20.2,25.3,9.6,23,26,26,26.1,29.4,16.5,8.3,18.3,16.1,23092427,,
2006:Q4,pct40to60,10,12.7,12.1,15.9,8.5,10.7,8.7,5.4,5.1,6.5,6.1,4.9,16.3,4.2,11,12.7,7.4,15.3,5.2,15.7,14.4,14.4,13.7,19.2,9.8,3.7,11.6,9.2,23091414,,
2006:Q4,pct20to40,5.7,7.9,7.6,9.7,4.4,9.4,3.6,3.1,3,3.6,2.5,1.8,7.5,2.2,7.9,3.1,2.1,7.2,2.4,10.7,6.7,6.7,5.6,12.4,10.3,1.5,7.9,5.5,23099860,,
2006:Q4,pct00to20,3.3,5.1,5.1,5.2,2.3,4.5,1.5,0.8,0.6,1.5,0.8,0.6,2.7,1.5,3.8,0.1,0.2,1.8,4.4,6.3,3.4,3.4,2.7,6.5,7.7,1,3.8,3.3,23084201,,
2007:Q1,pct99to100,20.3,11.2,11.2,11.7,25.4,18,21.9,43,46,34,58.7,62.3,28,41.8,18.7,2.7,13.7,4.1,34,8.4,6.1,6,6,1.4,18.4,30.2,16.2,23.1,1159135,,
2007:Q1,pct80to99,43.3,42.4,43.9,34.5,43.8,39.6,48.7,37.2,35.7,41.4,24.7,23,39.7,40.2,41,55.7,56.2,46.9,44.6,35.8,43.6,43.6,46.1,31.1,36.2,55,42.6,43.2,21985021,,
2007:Q1,pct60to80,17.5,20.7,20.4,22.9,15.7,18,15.9,10.2,9.4,12.8,8.2,8.3,6.7,10.3,17.5,25.5,20.3,24.7,9.4,23.1,26.1,26.1,26.1,29.4,15.8,9,18.1,15.8,23141971,,
2007:Q1,pct40to60,9.9,12.6,12,15.8,8.4,10.7,8.5,5.5,5.2,6.6,5.7,4.5,16.2,4,11.1,12.8,7.5,15.3,5.1,15.7,14.3,14.3,13.7,19.2,10.4,3.2,11.4,9,23140670,,
2007:Q1,pct20to40,5.7,7.9,7.6,9.8,4.4,9.2,3.7,3.3,3.1,3.8,2.2,1.7,6.9,2.2,8.2,3.1,2.2,7.2,2.2,10.7,6.6,6.6,5.5,12.2,10.9,1.6,8.1,5.5,23149838,,
2007:Q1,pct00to20,3.3,5.1,5.1,5.3,2.3,4.5,1.3,0.9,0.6,1.5,0.5,0.3,2.5,1.5,3.6,0.1,0.2,1.8,4.6,6.3,3.4,3.4,2.7,6.8,8.3,0.9,3.7,3.3,23133426,,
2007:Q2,pct99to100,20.4,11.1,11,11.6,25.6,18.2,22.4,43.5,46,35,60.5,63.8,29,42.1,18.8,2.7,13.8,4.2,33.9,8.2,6,6,5.9,1.4,16.5,28.3,16,23.4,1160870,,
2007:Q2,pct80to99,43.4,42.6,44.1,34.5,43.9,39.6,48.5,37,36,40.6,25,23.3,40.8,40,40.9,56.1,55.8,47.3,45,35.7,43.8,43.9,46.2,31.2,36.3,58.5,42.5,43.4,22026378,,
2007:Q2,pct60to80,17.4,20.7,20.3,22.9,15.6,17.7,15.9,9.8,9.1,12.5,7.9,8.1,5.7,10.4,17.4,24.8,20.5,24.3,9.3,23.1,26.1,26.2,26.3,29.6,14.8,8.8,18.1,15.6,23185187,,
2007:Q2,pct40to60,9.8,12.5,11.9,15.7,8.3,10.8,8.4,5.5,5.2,6.4,4.7,3.5,16.2,3.9,11.1,13,7.6,15.2,5,15.8,14.1,14.2,13.6,19,11.1,2.8,11.5,8.9,23183637,,
2007:Q2,pct20to40,5.6,7.9,7.5,9.9,4.3,9.1,3.7,3.4,3.3,3.9,1.5,1,6.1,2.2,8.3,3.2,2.2,7.2,2.1,10.8,6.5,6.5,5.4,12.1,11.9,1.3,8.4,5.4,23193184,,
2007:Q2,pct00to20,3.3,5.2,5.1,5.4,2.3,4.6,1.2,0.8,0.6,1.5,0.4,0.2,2.2,1.5,3.5,0.1,0.2,1.8,4.7,6.4,3.4,3.4,2.7,6.6,9.3,0.2,3.5,3.3,23176455,,
2007:Q3,pct99to100,20.6,10.9,10.8,11.5,25.7,18.5,23.6,41.7,46.3,30.3,62.6,65.9,29.8,42.2,18.9,2.7,13.9,4.2,33.8,8.1,5.9,5.9,5.8,1.4,13.4,32.1,16.4,23.6,1162329,692871,3140705024
2007:Q3,pct80to99,43.5,42.6,44.1,34.6,44,39.7,48.8,37.4,35,43.5,24.4,22.7,41.7,39.8,40.7,56.5,55.4,47.7,45.4,35.6,43.7,43.7,46.3,31.3,36.5,52.8,42.3,43.5,22061228,98213,692512
2007:Q3,pct60to80,17.3,20.7,20.3,22.9,15.4,17.3,15.1,10.4,9.2,13.3,7.3,7.5,4.7,10.4,17.3,24.2,20.6,24,9.2,23.2,26.4,26.4,26.4,29.8,13.4,10.2,17.9,15.4,23221711,59648,98213
2007:Q3,pct40to60,9.7,12.6,12,15.7,8.2,10.9,7.8,5.8,5.3,7.3,4.3,3.1,16.2,3.8,11.1,13.2,7.7,15.1,4.9,15.8,14.1,14.1,13.5,18.8,12.3,2.3,11.4,8.9,23219954,36508,59648
2007:Q3,pct20to40,5.6,7.9,7.6,10,4.3,8.9,3.7,3.5,3.3,4.1,1.3,0.8,5.5,2.3,8.6,3.3,2.2,7.2,1.9,10.8,6.5,6.5,5.3,12.1,13.5,1.8,8.6,5.4,23229475,20541,36504
2007:Q3,pct00to20,3.3,5.2,5.2,5.4,2.3,4.7,1,1.1,0.9,1.6,0.2,0,2,1.5,3.4,0.1,0.1,1.7,4.8,6.4,3.4,3.4,2.7,6.6,10.8,0.7,3.4,3.3,23212948,0,20529
2007:Q4,pct99to100,20.2,11,11,11.4,25.2,18.5,24.3,41.2,45.8,30.2,58.5,61,28.5,41.6,18.5,2.9,13.9,4.2,33.5,8,5.9,5.9,5.8,1.5,13.7,30.5,16.1,23.2,1163524,,
2007:Q4,pct80to99,43.9,42.9,44.5,34.6,44.4,40.4,49.1,38,35.7,43.4,28,26.8,42.4,40.2,41.1,56.7,56.3,48.1,45.3,35.6,43.6,43.6,46.2,31.4,35.1,53.6,42.6,43.9,22089488,,
2007:Q4,pct60to80,17.2,20.5,20.1,22.7,15.4,16.9,14.4,10.4,9.1,13.3,8,8.2,5.7,10.4,17.3,24.1,19.9,24,9.2,23,26.2,26.2,26.2,29.5,13.1,10.5,17.9,15.3,23251478,,
2007:Q4,pct40to60,9.7,12.4,11.7,15.7,8.3,10.7,7.5,5.9,5.3,7.3,4.2,3.2,15.2,3.9,11.2,13.1,7.5,15,5,15.9,14.2,14.2,13.6,18.8,11.6,2.7,11.4,8.8,23249563,,
2007:Q4,pct20to40,5.6,8,7.6,10,4.3,8.8,3.7,3.5,3.2,4,0.5,0,5.9,2.3,8.4,3.1,2.2,7.1,2.1,10.9,6.6,6.6,5.4,12,13.2,1.8,8.4,5.4,23258612,,
2007:Q4,pct00to20,3.4,5.2,5.2,5.5,2.4,4.6,1,1.1,0.9,1.7,0.9,0.7,2.3,1.6,3.5,0.1,0.2,1.7,5,6.5,3.5,3.5,2.8,6.8,13.2,0.9,3.5,3.4,23242859,,
2008:Q1,pct99to100,19.8,11,11,11.1,24.5,18.5,25,40.8,45.3,30.2,55.1,57.2,27.1,40.8,18,3.1,13.9,4.1,32.9,7.9,5.9,5.9,5.8,1.5,13.8,26.9,17.6,22.8,1164508,,
2008:Q1,pct80to99,44.1,42.8,44.4,34.7,44.8,41.2,49.5,38.4,36.3,43.4,30.6,29.6,42.8,40.6,41.3,56.9,57.2,48.4,45.4,35.6,43.8,43.8,46.1,31.6,33.9,57.9,42.9,44.2,22112259,,
2008:Q1,pct60to80,17.1,20.3,19.8,22.6,15.4,16.6,13.7,10.3,9,13.3,8.5,8.6,6.8,10.4,17.4,23.9,19.1,24,9.3,22.9,25.8,25.9,26,28.9,12.8,10.1,17.3,15.2,23275626,,
2008:Q1,pct40to60,9.8,12.5,11.8,15.9,8.4,10.6,7.1,5.9,5.3,7.4,4.1,3.3,14.2,4,11.4,12.9,7.3,14.9,4.9,16,14.2,14.2,13.7,18.8,11,3,10.8,8.9,23273598,,
2008:Q1,pct20to40,5.7,8.1,7.7,10,4.4,8.7,3.7,3.4,3.1,4,0.5,0,6.4,2.4,8.3,3,2.1,6.9,2.2,11,6.6,6.6,5.5,11.8,13,1.5,7.9,5.5,23281783,,
2008:Q1,pct00to20,3.5,5.3,5.2,5.7,2.5,4.5,0.9,1.1,0.9,1.8,1.4,1.3,2.7,1.8,3.6,0.1,0.3,1.7,5.4,6.6,3.7,3.7,2.9,7.3,15.5,0.7,3.5,3.4,23267305,,
2008:Q2,pct99to100,19.5,11,11.1,10.8,24,18.2,24.9,41.2,45,31,53.1,55.4,24.4,40.1,17.6,3.4,13.8,4.1,32.5,7.8,6,6,5.9,1.7,15.3,29.4,17.9,22.5,1165346,,
2008:Q2,pct80to99,44.2,42.6,44.1,34.9,45.1,41.4,49.2,38,36.2,42.8,31.2,30.5,40.7,41.1,41.6,57.1,58,48.7,45.3,35.7,43.5,43.5,46,31.7,32.6,51.7,43.1,44.4,22130939,,
2008:Q2,pct60to80,17,20.2,19.7,22.6,15.4,16.5,13.9,10.3,9.3,13.2,8.1,8.1,8,10.3,17.4,23.8,18.4,24,9.3,22.8,25.6,25.6,25.6,28.5,12.8,11.7,17.2,15.1,23295593,,
2008:Q2,pct40to60,9.9,12.7,12,16.1,8.5,10.5,7.2,5.9,5.4,7.3,5.4,4.7,14.4,4.2,11.5,12.8,7.2,14.8,5,16,14.4,14.4,13.8,18.9,10.1,3.4,10.6,8.9,23293493,,
2008:Q2,pct20to40,5.8,8.3,7.9,10,4.4,8.8,3.7,3.3,3,3.9,0.6,0,8.5,2.4,8.1,2.8,2.1,6.8,2.4,11.1,6.7,6.7,5.6,11.9,12,2.1,7.6,5.5,23300500,,
2008:Q2,pct00to20,3.6,5.3,5.2,5.7,2.6,4.6,1,1.3,1.1,1.9,1.6,1.4,4.1,1.9,3.7,0.1,0.4,1.7,5.6,6.6,3.9,3.9,3.1,7.3,17.1,1.8,3.6,3.5,23287700,,
2008:Q3,pct99to100,18.9,11,11.1,10.6,23.2,18.2,24.9,40.7,44.7,30.2,51,53.6,21.7,39,17.2,3.6,13.9,4,32.1,7.7,5.9,5.9,5.9,1.7,13.9,23.5,17.4,21.9,1166102,,
2008:Q3,pct80to99,44.4,42.4,44,35,45.4,42.1,49.1,38,36.1,43.2,32,31.4,38.4,41.4,41.9,57.3,59.2,49,45.2,35.7,43.9,43.9,46.1,31.8,31.6,60.6,43.4,44.5,22146927,,
2008:Q3,pct60to80,17,20,19.5,22.5,15.4,16.2,13.9,10.5,9.5,13.3,7.8,7.6,9.2,10.4,17.5,23.7,17.5,24,9.3,22.6,25.2,25.2,25.5,28.1,12.2,10.2,17.2,15.1,23312817,,
2008:Q3,pct40to60,10.1,12.8,12.1,16.2,8.7,10.4,7.2,6,5.5,7.5,6.6,5.8,14.7,4.4,11.6,12.6,6.9,14.7,5,16.1,14.3,14.3,13.8,18.9,10.1,3.5,10.7,9.2,23310681,,
2008:Q3,pct20to40,5.9,8.4,8,10,4.5,8.7,3.8,3.1,2.8,3.9,0.9,0,10.5,2.6,8,2.7,2,6.6,2.5,11.2,6.7,6.7,5.7,11.7,12.7,1.3,7.5,5.7,23316271,,
2008:Q3,pct00to20,3.7,5.4,5.3,5.8,2.8,4.5,1.1,1.6,1.4,1.9,1.9,1.5,5.5,2.2,3.8,0.1,0.6,1.6,5.9,6.7,4,4,3.1,7.8,19.6,0.8,3.7,3.6,23305456,,
2008:Q4,pct99to100,18,11,11.1,10.6,21.9,18.3,25.6,40.9,44.7,30.2,49.6,53.2,19.9,37.1,16.7,4,14,4,31.5,7.6,6,6,5.9,1.7,14.4,36.6,19.1,20.9,1166839,,
2008:Q4,pct80to99,44.5,42.5,44.1,35,45.7,42.8,49.5,37.2,35.2,43.1,30,29.1,37.7,41.6,42.2,57.6,60.7,49.3,45.3,35.7,42.9,42.9,46.1,32,30.5,33.3,43.6,44.9,22161619,,
2008:Q4,pct60to80,17.1,19.9,19.3,22.3,15.6,15.8,13.2,10.9,10,13.3,5.1,4.5,10.2,10.8,17.6,23.4,16,24,9.4,22.5,25.4,25.4,25.3,27.6,12,16.4,16.6,15.1,23328736,,
2008:Q4,pct40to60,10.4,12.8,12.1,16.2,9.1,10.3,6.9,6.1,5.6,7.5,11.8,11.5,14.4,5,11.7,12.4,6.5,14.7,4.9,16.2,14.5,14.5,13.8,18.9,9.5,4.5,10,9.4,23326596,,
2008:Q4,pct20to40,6.1,8.4,8.1,10,4.8,8.5,3.7,3,2.6,3.9,1.9,0.8,11.6,2.9,7.9,2.5,1.9,6.5,2.7,11.3,6.9,6.9,5.8,11.6,12.3,4,7,5.9,23330608,,
2008:Q4,pct00to20,3.8,5.4,5.3,5.9,3,4.4,1,2,1.9,2,1.5,1,6.3,2.7,3.9,0.1,0.8,1.6,6.3,6.7,4.3,4.3,3.2,8.2,21.3,5.3,3.7,3.7,23321984,,
2009:Q1,pct99to100,17.5,11,11.1,10.5,21.1,18.1,25.5,39.7,44.3,28.2,47,50.9,17.9,35.5,16.3,4.2,14,3.9,30.8,7.5,6,6,5.9,1.6,15.7,38.3,18.3,20.2,1167623,,
2009:Q1,pct80to99,44.8,42.4,44.1,35,46.1,43.1,49.3,37.9,35.4,44.3,30,29.2,36.4,42.3,42.5,57.9,61.8,49.5,45.3,35.8,42.8,42.8,46.1,32.2,29.5,26.5,43.9,45.2,22176415,,
2009:Q1,pct60to80,17.1,19.7,19.2,22.2,15.6,15.7,13.3,11.1,10.1,13.7,3.9,2.9,11.1,10.8,17.6,23.3,15.1,23.9,9.4,22.4,25.2,25.3,25.2,27,12.1,18.5,16.8,15.1,23344787,,
2009:Q1,pct40to60,10.6,12.9,12.1,16.3,9.3,10.1,6.9,6.3,5.6,7.9,14.6,14.6,14.3,5.3,11.8,12.2,6.3,14.6,4.9,16.2,14.6,14.6,13.9,19,8.6,5.1,10.3,9.6,23342670,,
2009:Q1,pct20to40,6.2,8.5,8.2,10,4.9,8.6,3.8,2.9,2.5,3.9,2.8,1.4,13,3.1,7.7,2.3,1.9,6.4,2.9,11.3,6.9,6.9,5.8,11.3,11.4,4.7,6.9,6,23345020,,
2009:Q1,pct00to20,3.9,5.5,5.3,6,3.1,4.4,1.1,2.1,2.1,2.1,1.7,0.9,7.2,3,4,0.1,0.9,1.6,6.7,6.8,4.5,4.5,3.2,9,22.7,6.8,3.8,3.8,23338697,,
2009:Q2,pct99to100,17.5,10.9,11.1,10.2,21,17.9,25.3,38.6,43.4,28.5,44.7,48.6,16.1,36,16,4.3,13.7,3.9,30,7.4,6,6,5.9,1.6,15.6,35.5,16.1,20.2,1168518,,
2009:Q2,pct80to99,45.2,42.2,43.8,35.2,46.7,43.5,48.9,40,38.1,44,31.3,30.7,35.3,43.5,42.9,58,62.2,49.8,45.3,35.9,42.9,42.9,46,32.3,28.6,29.1,44.3,45.7,22192711,,
2009:Q2,pct60to80,16.9,19.6,19,22.1,15.4,15.5,13.7,10.5,9.1,13.6,3.9,2.7,12,10,17.6,23.3,15,23.9,9.5,22.3,24.9,24.9,24.9,26.5,11.8,18.5,17.4,15,23362409,,
2009:Q2,pct40to60,10.5,13.1,12.3,16.4,9.1,10,7.1,6.3,5.5,7.9,15.4,15.5,14.2,4.9,11.9,12.1,6.4,14.5,4.8,16.2,14.6,14.6,13.9,19,8.3,5.5,11.1,9.5,23360337,,
2009:Q2,pct20to40,6.1,8.6,8.3,10,4.8,8.6,3.8,3.1,2.7,3.8,2.8,1.2,14.2,2.7,7.5,2.1,1.8,6.3,3.2,11.4,6.9,6.9,5.9,11.2,11.4,4.6,7.1,5.9,23361018,,
2009:Q2,pct00to20,3.9,5.5,5.4,6.1,3,4.5,1.2,1.5,1.2,2.2,2,1.2,8.1,2.8,4.1,0.1,0.9,1.5,7.2,6.8,4.7,4.7,3.3,9.3,24.4,6.8,4,3.7,23357007,,
2009:Q3,pct99to100,17.8,10.9,11.1,9.9,21.4,17.8,24.8,39.5,43.2,29.9,42.6,46.6,14.4,36.4,15.8,4.4,13.5,3.8,29.6,7.3,6,5.9,5.9,1.6,15.3,32.6,15.4,20.6,1169588,,
2009:Q3,pct80to99,45.4,42.1,43.7,35.4,47,43.9,48.4,39.1,37.6,43,32.5,32.2,34.3,44.3,43.3,58.1,62.4,50.1,45.2,35.9,42.9,42.9,46,32.4,27.8,32.1,44.7,45.9,22211906,,
2009:Q3,pct60to80,16.6,19.4,18.8,22.1,15.1,15.3,14.2,10.6,9.5,13.3,3.9,2.7,12.9,9.5,17.6,23.4,15,23.9,9.6,22.1,24.7,24.7,24.7,26.1,11.5,18.4,17.5,14.7,23383040,,
2009:Q3,pct40to60,10.4,13.2,12.4,16.6,8.9,9.9,7.3,6.2,5.6,7.7,15.9,16.2,14.1,4.6,12,12,6.5,14.4,4.9,16.3,14.6,14.7,14,19.1,8,5.9,11.4,9.4,23381031,,
2009:Q3,pct20to40,6,8.7,8.4,9.9,4.6,8.6,3.8,2.9,2.5,3.8,2.7,0.9,15.4,2.5,7.2,2,1.8,6.2,3.3,11.4,7,7,6,11.1,11.4,4.4,7,5.7,23380111,,
2009:Q3,pct00to20,3.9,5.6,5.5,6.1,3,4.5,1.4,1.8,1.6,2.3,2.4,1.4,8.9,2.7,4.2,0.1,0.9,1.5,7.5,6.9,4.8,4.8,3.4,9.8,26,6.7,4.1,3.7,23378325,,
2009:Q4,pct99to100,17.7,10.9,11.2,9.9,21.1,17.8,24.6,40.1,42.8,32.1,40.5,44.6,12.8,36,15.5,4.5,13.3,3.8,29.1,7.3,5.9,5.9,6,1.6,15.4,29.1,11.6,20.4,1170897,,
2009:Q4,pct80to99,45.7,42.1,43.7,35.4,47.4,44.5,48.1,39.2,38.4,41.5,33.3,33.3,33.3,45,43.6,58.2,63,50.4,45.1,35.9,43,43,46,32.6,27,36.6,45.3,46.3,22235397,,
2009:Q4,pct60to80,16.4,19.3,18.6,21.9,15,15,14.5,10.2,9.3,12.9,3.8,2.3,13.7,9.2,17.5,23.4,14.6,23.9,9.6,22,24.3,24.3,24.4,25.5,11.3,17.8,18.5,14.6,23408117,,
2009:Q4,pct40to60,10.4,13.3,12.5,16.6,8.9,9.8,7.4,6,5.6,7.3,16.9,17.3,14,4.6,12,11.9,6.4,14.4,4.9,16.4,14.7,14.7,14,19.1,7.7,6.1,12.8,9.4,23406184,,
2009:Q4,pct20to40,5.9,8.7,8.4,10,4.5,8.5,3.8,2.8,2.5,3.7,2.8,0.8,16.5,2.4,7,1.8,1.8,6.1,3.5,11.5,7,7,6.1,11,11.3,4,7.4,5.7,23403810,,
2009:Q4,pct00to20,3.9,5.7,5.5,6.2,3.1,4.4,1.5,1.7,1.5,2.4,2.7,1.6,9.7,2.7,4.3,0.2,0.9,1.5,7.8,6.9,5,5,3.5,10.2,27.4,6.3,4.4,3.7,23404064,,
2010:Q1,pct99to100,17.7,11,11.3,9.7,21,17.6,24,39.4,42.5,30.8,38.6,42.8,11.3,35.8,15.1,4.7,13.2,3.8,29.1,7.2,6,6,6,1.6,12.9,26.5,15.1,20.4,1172509,,
2010:Q1,pct80to99,45.9,42.2,43.7,35.5,47.7,44.9,47.4,39.4,38.4,42.3,34.2,34.4,32.7,45.6,43.9,58.4,63.5,50.6,45,36.1,43.1,43.1,46,32.7,26.6,39.8,45.2,46.5,22264583,,
2010:Q1,pct60to80,16.3,19.1,18.4,21.8,14.9,14.9,15.3,10.4,9.4,13.2,3.7,2,14.5,8.9,17.6,23.3,14.2,24,9.5,21.9,23.8,23.8,24.1,24.8,10.4,17.5,17.4,14.6,23439079,,
2010:Q1,pct40to60,10.3,13.3,12.5,16.7,8.9,9.7,7.8,6.2,5.6,7.6,17.7,18.3,13.8,4.6,12.1,11.8,6.4,14.2,5.2,16.3,14.7,14.7,14.1,19.3,8.3,6.3,11.4,9.3,23437231,,
2010:Q1,pct20to40,5.8,8.8,8.5,9.9,4.4,8.5,3.9,2.7,2.4,3.7,2.9,0.7,17.4,2.3,6.8,1.6,1.7,5.9,3.5,11.5,7.1,7.1,6.3,10.8,12.6,3.7,6.6,5.6,23433625,,
2010:Q1,pct00to20,4,5.7,5.6,6.3,3.1,4.4,1.7,1.9,1.7,2.5,2.9,1.8,10.3,2.7,4.4,0.2,1,1.5,7.8,7,5.3,5.3,3.6,10.8,29.2,6.1,4.3,3.6,23435636,,
2010:Q2,pct99to100,17.4,11,11.4,9.6,20.6,17.4,23.7,40,42.4,32.2,37,41.1,10,34.6,14.6,5,13.2,3.7,29.3,7.1,6,6,6.1,1.7,13.1,24.6,16,20,1174489,,
2010:Q2,pct80to99,46,42.2,43.7,35.5,47.9,45.2,46.9,38.7,37.9,41.3,35.1,35.5,32.3,46.4,44.1,58.6,64.6,50.9,44.7,36.2,43.1,43.1,46,32.8,25.9,41.3,45.4,46.7,22300861,,
2010:Q2,pct60to80,16.2,18.9,18.2,21.7,14.9,14.7,15.7,10.5,9.8,12.9,3.6,1.9,15.2,8.8,17.7,23.2,13.3,24,9.4,21.8,23.4,23.4,23.7,24.3,10.2,17.6,17,14.6,23477363,,
2010:Q2,pct40to60,10.4,13.4,12.6,16.8,9,9.6,7.9,6.1,5.7,7.4,18.3,19,13.4,4.8,12.3,11.6,6.1,14.2,5.5,16.3,14.8,14.8,14.1,19.4,7.9,6.6,11,9.5,23475605,,
2010:Q2,pct20to40,5.9,8.8,8.5,10,4.4,8.5,3.9,2.5,2.2,3.6,2.8,0.5,18.2,2.4,6.8,1.4,1.7,5.8,3.4,11.5,7.2,7.2,6.4,10.8,12.5,3.6,6.3,5.6,23471067,,
2010:Q2,pct00to20,4.1,5.8,5.7,6.4,3.2,4.5,1.9,2.2,2,2.6,3.1,2,10.9,3,4.5,0.2,1.1,1.5,7.6,7,5.5,5.5,3.7,11.1,30.4,6.2,4.4,3.7,23474452,,
2010:Q3,pct99to100,17.7,10.9,11.3,9.4,20.8,17.4,23.7,40.9,42.1,35.5,35.5,39.6,8.7,34.9,14.4,5,13,3.7,29.3,7,6,6,6.1,1.8,14,23.3,11.5,20.2,1176901,614192,1740979328
2010:Q3,pct80to99,46.2,41.8,43.2,35.7,48.2,45.7,46.8,38.2,38.1,39.1,36,36.6,31.9,46.8,44.5,58.7,64.8,51.1,44.5,36.3,43.1,43.1,46,32.9,25.1,41.6,46.2,46.8,22345629,94564,613788
2010:Q3,pct60to80,16,18.8,18.2,21.6,14.7,14.5,15.7,10.3,9.8,12.3,3.7,1.8,16,8.5,17.6,23.3,13.3,24.1,9.4,21.7,23.1,23.1,23.4,23.8,10.3,18,18.2,14.4,23524407,57760,94564
2010:Q3,pct40to60,10.4,13.7,12.9,17,8.9,9.5,7.9,6,5.8,6.8,18.7,19.5,13.1,4.6,12.3,11.5,6.2,14.1,5.8,16.3,14.8,14.8,14.2,19.4,7.3,7,12.7,9.4,23522738,35598,57753
2010:Q3,pct20to40,5.7,8.8,8.6,9.9,4.3,8.5,3.9,2.4,2.1,3.5,2.8,0.3,18.9,2.2,6.5,1.3,1.6,5.6,3.5,11.6,7.2,7.2,6.5,10.7,11.8,3.7,6.7,5.4,23517645,20380,35592
2010:Q3,pct00to20,4.1,6,5.8,6.5,3.2,4.5,1.9,2.3,2.1,2.8,3.4,2.1,11.4,2.9,4.6,0.2,1.1,1.5,7.6,7.1,5.7,5.7,3.8,11.4,31.4,6.5,4.7,3.7,23521925,0,20378
2010:Q4,pct99to100,18,11.1,11.4,9.8,21.1,17.6,24.1,38.5,41.4,30.7,35.7,39.2,12,35.5,15,4.7,13,3.5,30.1,7.1,6,6,6.1,1.9,13.8,23.4,14.8,20.6,1179787,,
2010:Q4,pct80to99,46.4,42.2,43.9,35.6,48.3,45.3,48.1,40.5,39.7,42.7,37.1,37.7,32.9,46.7,44.8,58.7,64.2,51,44.3,36.2,43.2,43.2,46.3,32.9,24.8,44.1,46.2,47.1,22399839,,
2010:Q4,pct60to80,16,18.8,18.1,21.6,14.7,14.7,14.7,10.3,9.3,13,4.5,2.9,15.3,8.5,17.4,23.7,13.9,24.4,9.3,21.8,23.2,23.2,23.4,24.3,10.3,16.5,17.2,14.4,23581191,,
2010:Q4,pct40to60,10.1,13.2,12.4,16.7,8.7,9.5,7.5,6.1,5.6,7.6,16.4,17.1,12.1,4.5,12.1,11.4,6.3,14,5.6,16.3,14.7,14.7,14,19.2,7.2,6.6,11.3,9.1,23579608,,
2010:Q4,pct20to40,5.6,8.8,8.5,10,4.2,8.4,3.8,2.7,2.4,3.5,2.6,0.4,17.2,2.1,6.4,1.4,1.6,5.6,3.3,11.7,7.3,7.4,6.5,11.1,11.4,3.4,6.2,5.2,23574389,,
2010:Q4,pct00to20,3.9,5.8,5.6,6.4,3,4.5,1.8,1.9,1.7,2.5,3.7,2.7,10.5,2.7,4.4,0.2,1,1.5,7.3,7,5.5,5.5,3.7,10.6,32.5,6,4.4,3.5,23579016,,
2011:Q1,pct99to100,18.4,11.2,11.5,10,21.4,18.1,23.8,38.6,40.9,31.9,35.5,38.5,14.8,36,15.6,4.4,13,3.3,30.9,7.1,6.1,6.1,6.2,1.8,13.9,22.7,15.3,20.9,1183105,,
2011:Q1,pct80to99,46.5,42.4,44,35.6,48.3,45,48.8,40.7,40.1,42.5,37.9,38.5,33.3,46.7,45.1,58.7,63.7,50.9,44.2,36,43.6,43.6,46.5,32.8,24.5,48.3,46.5,47.1,22462663,,
2011:Q1,pct60to80,16,18.8,18.1,21.6,14.7,14.8,14.4,10.2,9.4,12.6,5.1,3.7,14.7,8.4,17.1,24,14.4,24.7,9.3,22,23,23,23.4,24.1,10.4,14.6,17,14.5,23646867,,
2011:Q1,pct40to60,9.9,13.1,12.2,16.4,8.5,9.5,7.4,6,5.5,7.4,14.8,15.3,11.5,4.4,11.8,11.1,6.3,14,5.3,16.2,14.5,14.5,13.8,19.3,6.9,6.2,11.1,8.9,23645364,,
2011:Q1,pct20to40,5.5,8.8,8.5,10,4.1,8.2,3.8,2.7,2.5,3.3,2.7,0.7,15.9,2.1,6.2,1.5,1.6,5.7,3.2,11.8,7.3,7.3,6.5,11.1,10.7,2.9,6,5.2,23640409,,
2011:Q1,pct00to20,3.8,5.7,5.5,6.3,2.9,4.4,1.9,1.8,1.6,2.4,4.1,3.2,9.8,2.5,4.2,0.2,1,1.5,7.1,6.9,5.5,5.5,3.6,10.8,33.6,5.2,4.2,3.4,23644884,,
2011:Q2,pct99to100,18.5,11.4,11.6,10.5,21.5,18.5,23.6,37.4,40.4,29.9,35.8,38.4,17.4,36,16.1,4.2,13.1,3.1,31.7,7.2,6.1,6.1,6.2,1.8,14.4,23.8,16,21,1186789,,
2011:Q2,pct80to99,46.6,42.5,44.2,35.5,48.3,44.8,49.5,41.7,40.7,44.2,38.8,39.5,33.9,46.7,45.4,58.7,63.4,50.8,44,35.9,43.7,43.7,46.7,32.9,24.1,48.1,46.7,47.1,22532825,,
2011:Q2,pct60to80,16,18.9,18.2,21.6,14.8,14.9,14.1,10.3,9.3,12.7,6,4.8,14.1,8.4,16.9,24.3,14.6,24.9,9.3,22.1,23,23.1,23.4,24.2,10.6,13.9,16.7,14.6,23720125,,
2011:Q2,pct40to60,9.8,12.9,12.1,16.1,8.4,9.6,7.3,6,5.4,7.6,12.6,12.9,10.8,4.4,11.5,10.9,6.3,14,5.1,16.2,14.4,14.4,13.7,19.2,6.5,6,10.7,8.8,23718698,,
2011:Q2,pct20to40,5.5,8.7,8.4,10,4.1,8,3.7,2.8,2.6,3.3,2.4,0.7,14.6,2,6.1,1.6,1.6,5.8,3.1,11.9,7.3,7.3,6.5,11.2,9.7,3,5.9,5.1,23714335,,
2011:Q2,pct00to20,3.7,5.6,5.4,6.3,2.9,4.3,1.9,1.8,1.6,2.2,4.4,3.7,9.2,2.4,4,0.2,1,1.5,6.8,6.8,5.4,5.4,3.6,10.6,34.6,5.2,4,3.4,23718236,,
2011:Q3,pct99to100,18,11.4,11.7,10.5,20.9,18.9,23.4,36.9,40.1,28.7,35.5,37.7,19.6,34.8,16.6,4,13.2,2.9,32.5,7.2,6.2,6.2,6.3,1.8,13.9,25.6,14.3,20.6,1190775,,
2011:Q3,pct80to99,46.4,42.4,44.1,35.7,48.2,44.5,50.2,41.6,40.1,45.4,39.4,40.2,34.1,47.1,45.7,58.9,63.9,50.7,43.8,35.7,43.7,43.7,46.9,32.8,23.9,46,47.4,47,22609051,,
2011:Q3,pct60to80,16.3,19,18.3,21.7,15.1,14.9,13.7,10.7,9.9,12.8,6.5,5.4,13.6,8.6,16.6,24.5,14.2,25.2,9.3,22.2,23.1,23.1,23.4,24.3,10.5,13.6,17.1,14.9,23799660,,
2011:Q3,pct40to60,9.9,12.8,12,16,8.6,9.6,7.1,6,5.3,7.8,11.3,11.5,10.4,4.7,11.2,10.6,6.1,13.9,4.8,16.2,14.3,14.3,13.5,19.2,6.5,6,11.3,8.9,23798302,,
2011:Q3,pct20to40,5.6,8.8,8.5,10,4.2,7.8,3.7,2.8,2.6,3.2,2.6,1,13.6,2.2,6,1.7,1.6,5.9,3,12.1,7.4,7.4,6.4,11.4,9.4,3.2,6.1,5.2,23794795,,
2011:Q3,pct00to20,3.7,5.5,5.4,6.2,2.9,4.3,1.9,2,2,2.1,4.7,4.2,8.7,2.6,3.8,0.2,1.1,1.5,6.5,6.7,5.4,5.4,3.5,10.5,35.7,5.6,3.9,3.4,23797781,,
2011:Q4,pct99to100,18.3,11.5,11.7,10.8,21.2,19.3,23.4,36.5,39.6,28.7,34.6,36.6,21.7,35.3,17.2,3.8,13.2,2.7,33.4,7.2,6.2,6.2,6.3,1.8,13.3,28.2,14.2,20.9,1194996,,
2011:Q4,pct80to99,46.5,42.6,44.3,35.6,48.2,44.2,50.9,42.1,40.6,45.8,40,40.8,34.5,47.1,46,58.9,63.3,50.6,43.6,35.5,43.7,43.7,47.2,32.8,23.7,42.2,47.8,47.1,22690068,,
2011:Q4,pct60to80,16.3,19.1,18.4,21.7,15.2,15,13.3,10.6,9.8,12.6,6.6,5.6,13.1,8.6,16.3,24.8,14.7,25.4,9.3,22.3,23.1,23.1,23.4,24.5,10.4,13.6,17,14.9,23884164,,
2011:Q4,pct40to60,9.7,12.6,11.8,15.8,8.4,9.7,6.9,5.9,5.2,7.7,10.7,10.8,9.9,4.6,10.9,10.5,6.1,13.9,4.6,16.2,14.2,14.2,13.3,19.1,6.6,6,11.3,8.7,23882869,,
2011:Q4,pct20to40,5.5,8.7,8.4,10,4.2,7.6,3.7,2.8,2.7,3.1,3,1.6,12.6,2.1,5.8,1.9,1.6,6,2.9,12.2,7.4,7.4,6.4,11.5,9.1,3.6,6,5.1,23880419,,
2011:Q4,pct00to20,3.6,5.4,5.3,6.1,2.8,4.2,1.9,2,2,1.9,5.1,4.6,8.2,2.4,3.7,0.2,1,1.5,6.2,6.6,5.4,5.4,3.4,10.3,36.9,6.4,3.7,3.2,23882226,,
2012:Q1,pct99to100,18.8,11.7,11.8,11.3,21.7,19.6,23,35.5,39,27.8,34.6,36.2,23.9,36.1,17.7,3.4,13.2,2.5,34.1,7.3,6.3,6.3,6.3,1.8,13.5,27.7,16.6,21.3,1199389,,
2012:Q1,pct80to99,46.6,42.7,44.6,35.5,48.2,43.9,51.5,43.4,41.9,46.8,40.7,41.5,35.4,46.9,46.3,58.8,62.6,50.5,43.4,35.4,44,44,47.4,32.8,23.3,45.4,47.7,47.2,22774599,,
2012:Q1,pct60to80,16.3,19.1,18.5,21.6,15.2,15.2,13,10.5,9.5,12.6,7.1,6.3,12.7,8.5,16.1,25.2,15.5,25.7,9.3,22.4,23,23,23.4,24.3,10.6,12.2,16.3,15,23972329,,
2012:Q1,pct40to60,9.4,12.4,11.6,15.4,8.2,9.7,6.9,5.9,5.1,7.8,9.2,9.3,9.1,4.4,10.7,10.4,6.3,13.9,4.4,16.1,14,14,13.1,19.1,6.3,5.7,10.3,8.5,23971091,,
2012:Q1,pct20to40,5.4,8.7,8.3,10,4.1,7.5,3.6,2.9,2.9,3.1,3,1.8,11.4,2,5.7,2,1.6,6.1,2.8,12.3,7.4,7.4,6.4,11.6,8.3,3.2,5.7,5,23969836,,
2012:Q1,pct00to20,3.5,5.4,5.2,6.1,2.7,4.2,1.9,1.7,1.6,1.8,5.3,5,7.5,2.2,3.5,0.2,0.9,1.5,6,6.5,5.3,5.3,3.4,10.4,38.1,5.8,3.4,3.1,23970279,,
2012:Q2,pct99to100,18.8,11.8,11.9,11.5,21.7,19.9,22.8,35.9,38.7,28.6,34.7,35.9,26,35.9,18.1,3.3,13.3,2.3,35,7.3,6.3,6.3,6.3,1.8,13.4,29.2,18.8,21.3,1203888,,
2012:Q2,pct80to99,46.5,42.8,44.6,35.6,48.1,43.5,52.1,42.8,41.3,46.7,41.5,42.2,36.4,47.1,46.5,58.9,62.5,50.3,43.2,35.3,44.1,44.1,47.6,32.8,23,44.2,47.7,47,22861370,,
2012:Q2,pct60to80,16.4,19.2,18.6,21.7,15.3,15.4,12.8,10.7,10,12.3,7.7,7,12.3,8.5,16,25.4,15.6,25.9,9.3,22.5,23,23,23.4,24.5,10.6,11.6,15.6,15.1,24062849,,
2012:Q2,pct40to60,9.4,12.3,11.6,15.3,8.1,9.7,6.8,5.8,5,7.6,7.8,7.7,8.3,4.5,10.5,10.1,6.2,13.8,4.2,16,13.9,13.9,12.9,19.1,6.1,5.6,9.4,8.5,24061660,,
2012:Q2,pct20to40,5.4,8.6,8.2,10,4.1,7.3,3.6,2.9,2.9,3,2.9,1.8,10.2,2,5.7,2.1,1.6,6.2,2.7,12.4,7.5,7.5,6.4,11.8,7.7,3.4,5.4,5,24061676,,
2012:Q2,pct00to20,3.4,5.3,5.1,6,2.7,4.2,2,2,2,1.7,5.6,5.4,6.8,2.1,3.3,0.2,0.9,1.5,5.7,6.4,5.2,5.2,3.3,10.1,39.2,6,3.2,3.1,24060648,,
2012:Q3,pct99to100,19.1,11.9,12,11.7,22,20.2,22.8,34.7,38.2,27,34.5,35.4,28,36.3,18.6,3,13.3,2.1,35.9,7.4,6.3,6.3,6.3,1.8,13.2,30,19.2,21.6,1208428,,
2012:Q3,pct80to99,46.6,42.9,44.7,35.6,48.1,43.1,52.8,44,42.1,48,42.1,42.8,37.2,47,46.7,58.9,62,50.2,43,35.1,44.2,44.2,47.9,32.8,22.7,44.6,47.9,47,22949108,,
2012:Q3,pct60to80,16.5,19.3,18.7,21.7,15.3,15.5,12.3,10.7,9.9,12.5,8.1,7.5,11.9,8.5,15.8,25.7,16.1,26.2,9.2,22.6,23.1,23.1,23.5,24.7,10.6,10.8,15.4,15.2,24154415,,
2012:Q3,pct40to60,9.2,12.2,11.4,15.1,8,9.7,6.6,5.9,4.9,7.9,6.6,6.4,7.6,4.4,10.2,10,6.2,13.8,4,16,13.7,13.7,12.7,19,5.9,5.4,9.2,8.3,24153269,,
2012:Q3,pct20to40,5.3,8.5,8.2,10,4,7.2,3.5,3,3,2.9,2.9,2,9.1,1.9,5.6,2.2,1.6,6.2,2.5,12.6,7.5,7.5,6.4,11.8,7.1,3.3,5.3,4.9,24154568,,
2012:Q3,pct00to20,3.3,5.2,5.1,5.9,2.6,4.2,1.9,1.8,1.9,1.6,5.8,5.8,6.2,1.9,3.1,0.2,0.9,1.5,5.3,6.4,5.2,5.2,3.2,10,40.4,5.9,3.1,3,24152042,,
2012:Q4,pct99to100,19.3,12,12.1,11.9,22.2,20.7,23.1,35.2,37.7,28.8,34.6,35.2,29.8,36.4,19.1,2.8,13.3,1.9,36.7,7.4,6.4,6.4,6.4,1.9,13,33.1,15.1,21.8,1212944,,
2012:Q4,pct80to99,46.6,43,44.9,35.7,48,42.9,53.4,43.8,42.4,47.4,42.8,43.4,38,47.1,47,58.9,61.7,50.1,42.8,35,44.1,44.1,48.1,32.8,22.3,40.3,49.1,47,23036536,,
2012:Q4,pct60to80,16.5,19.3,18.7,21.7,15.4,15.6,11.8,10.6,10,12,8.6,8.2,11.6,8.5,15.6,26,16.4,26.4,9.2,22.7,23.1,23.1,23.4,24.8,10.7,10.6,16.4,15.3,24245721,,
2012:Q4,pct40to60,9.1,11.9,11.2,14.9,7.9,9.8,6.4,5.6,4.8,7.5,5.3,5,7,4.4,10,9.8,6.2,13.8,3.8,16,13.7,13.7,12.6,18.9,5.8,5.4,10.7,8.2,24244609,,
2012:Q4,pct20to40,5.3,8.5,8.1,10,4,7,3.5,3,3.1,2.8,2.8,2.1,8,1.9,5.5,2.3,1.6,6.3,2.4,12.7,7.6,7.6,6.4,12.2,6.5,3.8,5.7,4.8,24247141,,
2012:Q4,pct00to20,3.3,5.2,5,5.8,2.5,4.1,1.9,1.8,1.9,1.5,6,6.1,5.7,1.8,2.9,0.2,0.8,1.5,5,6.3,5.1,5.1,3.1,9.5,41.7,6.8,3,2.9,24243167,,
2013:Q1,pct99to100,19.7,12.2,12.2,12.3,22.7,21,22.7,35.2,37.1,30,34.2,34.6,31.3,37.1,19.6,2.5,13.3,1.8,37.5,7.4,6.3,6.3,6.2,1.6,12.8,32.7,16.4,22.2,1217372,,
2013:Q1,pct80to99,46.6,43.3,45.2,35.6,47.9,42.6,54,44.4,43.4,47.1,43.3,44,38.3,46.9,47.3,58.9,61.1,50.1,42.6,34.8,44.5,44.5,48.5,32.8,22,42.8,49.2,47,23122382,,
2013:Q1,pct60to80,16.5,19.4,18.8,21.7,15.4,15.7,11.6,10.3,9.8,11.6,8.9,8.5,11.3,8.4,15.3,26.3,16.9,26.7,9.2,22.8,23.3,23.3,23.7,24.9,10.7,9.5,16,15.3,24335459,,
2013:Q1,pct40to60,8.8,11.7,10.9,14.6,7.7,9.8,6.3,5.4,4.7,7.2,4.4,4.1,6.6,4.2,9.7,9.7,6.3,13.7,3.6,15.9,13.4,13.4,12.2,18.8,5.6,5.2,10.1,8,24334375,,
2013:Q1,pct20to40,5.2,8.4,8,10,3.9,6.8,3.5,3.1,3.3,2.6,3,2.4,7.3,1.8,5.4,2.4,1.6,6.3,2.3,12.8,7.5,7.5,6.3,11.9,5.9,3.5,5.5,4.7,24338024,,
2013:Q1,pct00to20,3.1,5.1,4.9,5.8,2.4,4.1,1.9,1.6,1.7,1.4,6.3,6.4,5.3,1.7,2.7,0.2,0.8,1.5,4.8,6.2,5.1,5.1,2.9,9.9,42.9,6.3,2.8,2.8,24332733,,
2013:Q2,pct99to100,19.8,12.4,12.3,12.5,22.8,21.3,22.5,35.7,36.5,33,34.5,34.7,32.7,37.2,20.1,2.3,13.3,1.6,38.3,7.5,6.3,6.3,6.3,1.6,12.4,33,18.6,22.3,1221646,,
2013:Q2,pct80to99,46.6,43.3,45.2,35.6,48,42.2,54.5,45.1,44.8,45.9,43.8,44.5,38.7,46.9,47.5,58.9,60.8,50.2,42.4,34.7,44.7,44.7,48.8,32.9,21.7,44,49.1,47,23205369,,
2013:Q2,pct60to80,16.6,19.4,18.8,21.7,15.5,15.9,11.4,9.7,9.4,10.8,9.4,9.3,11,8.4,15.1,26.6,17.2,26.8,9.1,22.9,23.3,23.3,23.8,25.1,10.6,8.6,15.3,15.4,24422323,,
2013:Q2,pct40to60,8.8,11.5,10.8,14.4,7.7,9.9,6.2,5,4.6,6.6,3.1,2.7,6.2,4.2,9.5,9.5,6.3,13.5,3.6,15.9,13.2,13.2,12,18.7,5.5,5,9.2,8,24421256,,
2013:Q2,pct20to40,5.1,8.3,7.9,10,3.9,6.6,3.4,3.2,3.5,2.4,2.7,2.2,6.6,1.7,5.3,2.5,1.6,6.3,2.1,12.9,7.5,7.5,6.3,12.1,5.5,3.4,5.2,4.7,24425848,,
2013:Q2,pct00to20,3.1,5.1,4.9,5.7,2.3,4,2,1.3,1.3,1.3,6.5,6.7,4.9,1.6,2.5,0.2,0.8,1.5,4.4,6.1,5,5,2.8,9.6,44.2,6,2.6,2.7,24419446,,
2013:Q3,pct99to100,20,12.4,12.4,12.6,23,21.7,22.5,35.5,36,33.8,34.2,34.2,34,37.6,20.6,2.1,13.3,1.5,39.1,7.5,6.3,6.3,6.3,1.6,12.6,34.6,17.5,22.5,1225701,696485,2885343488
2013:Q3,pct80to99,46.6,43.4,45.2,35.8,47.9,41.9,55,45.6,45.5,45.8,44.3,45,39,46.9,47.8,58.8,60.3,50.4,42.3,34.6,44.8,44.7,49,32.9,21.3,42.9,49.7,47,23284224,101702,696482
2013:Q3,pct60to80,16.6,19.5,19,21.8,15.5,16,11,9.5,9.3,10.5,9.8,9.6,10.7,8.4,14.9,26.8,17.7,26.9,9.1,23,23.4,23.4,23.8,25.3,10.8,8,15.5,15.4,24505004,59893,101700
2013:Q3,pct40to60,8.7,11.5,10.8,14.3,7.6,9.9,6.1,4.8,4.4,6.3,2.2,1.7,5.8,4.1,9.2,9.4,6.4,13.4,3.5,15.9,13.1,13.1,11.9,18.6,5.2,4.8,9.6,7.9,24503947,36545,59893
2013:Q3,pct20to40,5,8.2,7.8,10,3.8,6.5,3.4,3.3,3.6,2.3,2.9,2.5,5.9,1.7,5.1,2.6,1.6,6.4,2,13,7.5,7.5,6.3,12.2,4.6,3.5,5.3,4.6,24509241,20404,36545
2013:Q3,pct00to20,3,5,4.9,5.5,2.2,4,1.9,1.2,1.2,1.2,6.7,7,4.6,1.4,2.4,0.2,0.7,1.5,4,6,4.9,4.9,2.7,9.4,45.5,6.3,2.4,2.7,24502014,0,20404
2013:Q4,pct99to100,20.3,12.6,12.6,12.8,23.3,22,22.3,35.4,35.7,34.2,34.4,34.5,33.6,38.1,20.6,2.1,13.5,1.6,39.2,7.5,6.4,6.3,6.3,1.9,12.5,27.6,18.3,22.7,1229487,,
2013:Q4,pct80to99,46.8,43.4,45.3,35.6,48.1,42.1,55.1,45.9,46,45.7,44.7,45.3,39.4,46.9,47.6,58.7,60.1,50.5,42.6,34.5,45.2,45.2,49.1,32.6,22,54.9,49.3,47,23357958,,
2013:Q4,pct60to80,16.5,19.4,18.9,21.8,15.3,15.7,11.2,9.4,9.1,10.4,9.7,9.5,10.9,8.1,15,26.9,17.8,26.9,8.8,23.1,23.2,23.2,23.8,25.5,11.5,6.7,15.4,15.3,24582486,,
2013:Q4,pct40to60,8.6,11.4,10.7,14.3,7.5,9.9,6.1,5,4.7,6.3,2.2,1.7,5.9,3.9,9.2,9.5,6.4,13.3,3.4,16,13,13,11.8,18.7,5.7,4.2,9.3,7.8,24581430,,
2013:Q4,pct20to40,5,8.2,7.8,10,3.7,6.4,3.4,3.3,3.6,2.3,2.6,2.2,5.6,1.6,5.1,2.6,1.6,6.2,2,12.9,7.5,7.5,6.2,12.3,5,2.2,5.2,4.5,24587139,,
2013:Q4,pct00to20,2.9,4.9,4.8,5.6,2.1,3.9,1.9,1,0.9,1.2,6.5,6.7,4.6,1.4,2.5,0.3,0.6,1.5,4,6,4.8,4.8,2.7,9.1,43.4,4.4,2.6,2.6,24579434,,
2014:Q1,pct99to100,20.6,12.8,12.7,13.1,23.6,22.2,22.1,35.4,35.6,34.6,34.8,34.9,33.3,38.5,20.5,2.2,13.7,1.6,39.2,7.5,6.5,6.5,6.4,2,13.1,26.9,18.9,23,1233014,,
2014:Q1,pct80to99,46.8,43.5,45.4,35.3,48.1,42.4,55.1,45.7,45.8,45.5,45,45.6,39.8,46.8,47.4,58.6,60.1,50.6,42.8,34.5,45.2,45.2,49.1,32.2,22.5,55.9,48.9,47.1,23426723,,
2014:Q1,pct60to80,16.3,19.3,18.8,21.7,15.1,15.3,11.5,9.4,9.1,10.4,9.6,9.4,11.2,7.9,15,27,17.7,26.9,8.6,23.2,23.1,23.1,23.6,25.4,12.4,6.6,15.3,15.2,24654917,,
2014:Q1,pct40to60,8.5,11.4,10.7,14.3,7.3,10,6.1,5.2,5,6.2,2.1,1.7,5.9,3.7,9.2,9.4,6.3,13.2,3.2,16,13,13,11.8,18.8,5.9,3.9,9,7.7,24653851,,
2014:Q1,pct20to40,4.9,8.1,7.7,10,3.7,6.4,3.4,3.3,3.5,2.2,2.2,1.9,5.2,1.6,5.1,2.5,1.6,6.2,2.1,12.8,7.4,7.4,6.2,12.3,4.9,2,5.1,4.5,24659708,,
2014:Q1,pct00to20,2.9,4.9,4.7,5.6,2.1,3.7,1.8,1,0.9,1.2,6.3,6.5,4.6,1.4,2.7,0.3,0.6,1.4,4,6,4.8,4.8,2.8,9.2,41.2,4.7,2.7,2.5,24651845,,
2014:Q2,pct99to100,20.9,13,12.9,13.3,24,22.5,21.7,35.1,35.5,33.8,34.6,34.8,33,39,20.5,2.3,13.8,1.6,39.3,7.5,6.6,6.6,6.5,2.3,13.4,27,19.9,23.3,1236308,,
2014:Q2,pct80to99,46.9,43.4,45.3,35,48.2,42.6,55.1,45.8,45.8,45.9,45.4,46,40.1,46.8,47.2,58.4,60.1,50.8,43.1,34.5,45.1,45,49.2,32,23.2,55.5,48.5,47.2,23490958,,
2014:Q2,pct60to80,16.1,19.3,18.7,21.7,14.9,15,11.8,9.5,9.1,10.5,9.3,9.1,11.4,7.8,15.1,27.1,17.6,26.9,8.3,23.2,23,23.1,23.5,25.5,13.4,6.6,15.1,15,24722736,,
2014:Q2,pct40to60,8.4,11.5,10.8,14.3,7.2,10,6.2,5.5,5.2,6.3,2.3,1.9,6,3.6,9.2,9.4,6.2,13.2,3.2,16,13,13,11.8,18.9,6.3,3.7,8.7,7.6,24721646,,
2014:Q2,pct20to40,4.8,8.1,7.6,10,3.6,6.3,3.4,3.2,3.5,2.3,2.2,1.9,4.9,1.5,5.1,2.5,1.7,6.1,2.1,12.7,7.5,7.5,6.2,12.5,5,2,5,4.4,24727419,,
2014:Q2,pct00to20,2.8,4.8,4.6,5.7,2,3.6,1.8,0.9,0.8,1.2,6.1,6.3,4.6,1.4,2.8,0.3,0.6,1.4,3.9,6,4.8,4.8,2.8,8.8,38.8,5.3,2.9,2.5,24719679,,
2014:Q3,pct99to100,21,13.1,13,13.5,24.1,22.7,21.5,35.1,35.4,34.1,34.9,35.1,32.7,39,20.5,2.4,14,1.6,39.4,7.5,6.8,6.7,6.6,2.5,14.2,32.3,18.8,23.3,1239393,,
2014:Q3,pct80to99,46.9,43.4,45.3,34.8,48.3,42.8,55.1,45.7,45.6,45.7,45.8,46.3,40.5,47,47,58.4,60.2,50.9,43.3,34.5,44.5,44.4,49.2,31.7,23.8,45.8,48.5,47.3,23551102,,
2014:Q3,pct60to80,16.1,19.2,18.7,21.7,14.9,14.7,12,9.5,9.2,10.5,9.2,9,11.6,7.6,15.1,27.2,17.4,26.9,8.1,23.3,23.2,23.2,23.4,25.6,14.6,7.4,15.5,14.9,24786381,,
2014:Q3,pct40to60,8.4,11.5,10.9,14.3,7.2,10,6.2,5.7,5.5,6.2,2.3,2,6,3.5,9.2,9.2,6.1,13.1,3.2,16,13.1,13.1,11.8,19,6.5,3.6,9.1,7.6,24785253,,
2014:Q3,pct20to40,4.8,8,7.6,10,3.6,6.3,3.4,3.2,3.4,2.3,1.9,1.6,4.5,1.5,5.1,2.4,1.7,6.1,2.1,12.6,7.6,7.6,6.2,12.6,4.9,2.9,5.1,4.4,24790743,,
2014:Q3,pct00to20,2.8,4.8,4.6,5.7,2,3.5,1.8,0.9,0.9,1.2,5.9,6,4.6,1.4,3,0.3,0.6,1.4,3.9,6,4.9,4.9,2.8,8.7,36.2,8.1,3,2.5,24783363,,
2014:Q4,pct99to100,21.2,13.2,13,13.8,24.3,22.9,21.4,35.2,35.3,34.9,34.5,34.7,32.4,39.3,20.5,2.5,14.2,1.7,39.4,7.5,6.9,6.9,6.7,2.7,14.6,33.6,17.9,23.6,1242295,,
2014:Q4,pct80to99,47,43.4,45.5,34.5,48.4,43,55.1,45.5,45.6,45.3,46.2,46.8,40.8,47,46.9,58.3,60.1,51,43.5,34.5,44.2,44.2,49.2,31.4,24.5,43,48.5,47.4,23607593,,
2014:Q4,pct60to80,15.9,19.2,18.6,21.7,14.7,14.5,12.2,9.5,9.2,10.3,8.9,8.5,11.8,7.5,15.2,27.3,17.3,27,7.9,23.4,23.2,23.2,23.3,25.8,15.7,7.6,15.8,14.8,24846290,,
2014:Q4,pct40to60,8.3,11.5,10.9,14.2,7.1,10,6.3,5.8,5.7,6,2.7,2.4,6.1,3.4,9.2,9.2,6.1,13,3.2,16.1,13.2,13.2,11.8,19,6.9,3.3,9.4,7.6,24845107,,
2014:Q4,pct20to40,4.8,8,7.5,10,3.5,6.2,3.4,3.1,3.4,2.2,2,1.7,4.2,1.5,5.1,2.4,1.7,6,2.2,12.5,7.6,7.6,6.2,12.7,5,3.1,5.2,4.3,24850152,,
2014:Q4,pct00to20,2.8,4.7,4.5,5.8,2,3.4,1.7,0.9,0.8,1.2,5.7,5.9,4.6,1.3,3.1,0.4,0.6,1.4,3.8,6,4.9,4.9,2.9,8.3,33.3,9.4,3.2,2.4,24843327,,
2015:Q1,pct99to100,21.4,13.3,13.2,14,24.5,23.2,21,35.5,35.3,36.6,34.5,34.7,32.3,39.6,20.5,2.6,14.4,1.7,39.5,7.5,7,7,6.8,2.8,14.9,33.7,18.6,23.7,1245038,,
2015:Q1,pct80to99,47,43.5,45.5,34.2,48.4,43.4,55.1,44.9,45.1,44.5,46.6,47.2,41.3,47,46.7,58.2,60.1,51.1,43.7,34.5,44.2,44.2,49.3,31.2,25.4,42.5,48.1,47.5,23660870,,
2015:Q1,pct60to80,15.8,19.1,18.5,21.7,14.6,14.1,12.6,9.5,9.4,9.9,8.6,8.2,12,7.4,15.2,27.4,17.2,27,7.7,23.5,23.1,23.1,23.2,25.7,16.9,7.6,15.6,14.7,24902903,,
2015:Q1,pct40to60,8.3,11.5,11,14.2,7.1,10.1,6.3,5.9,5.9,5.7,2.9,2.6,6,3.3,9.2,9.1,6,13,3.1,16.1,13.2,13.2,11.7,19.1,7.4,3.1,9.1,7.5,24901646,,
2015:Q1,pct20to40,4.7,7.9,7.4,10.1,3.5,6.2,3.4,3.1,3.3,2.1,1.9,1.6,3.8,1.4,5.1,2.3,1.7,6,2.2,12.3,7.6,7.6,6.1,12.6,5.2,3,5.2,4.3,24906118,,
2015:Q1,pct00to20,2.7,4.7,4.4,5.9,2,3.2,1.7,1,1,1.2,5.5,5.6,4.6,1.3,3.3,0.4,0.6,1.3,3.8,6,4.9,4.9,2.9,8.5,30.3,10.1,3.3,2.4,24900000,,
2015:Q2,pct99to100,21.5,13.5,13.3,14.2,24.6,23.3,20.7,35.8,35.2,38.6,34.2,34.4,32.1,39.7,20.5,2.7,14.6,1.7,39.5,7.5,7.1,7.1,6.8,3,15.2,33.5,19.1,23.8,1247647,,
2015:Q2,pct80to99,47,43.4,45.5,33.9,48.5,43.5,55.1,44.7,45,43.4,47.2,47.7,41.8,47.1,46.5,58.1,60.2,51.2,43.9,34.5,44.1,44.1,49.3,31,26.3,42.5,47.8,47.5,23711371,,
2015:Q2,pct60to80,15.7,19.1,18.5,21.6,14.4,13.9,12.9,9.5,9.5,9.5,8.2,7.8,12.2,7.2,15.3,27.5,17,27,7.5,23.6,23.2,23.2,23.2,25.9,18.1,7.6,15.6,14.6,24956658,,
2015:Q2,pct40to60,8.3,11.7,11.1,14.2,7,10.1,6.4,6,6.1,5.3,3.3,3,6,3.2,9.2,9,5.9,12.9,3.2,16.1,13.2,13.2,11.7,19.2,7.9,2.8,8.9,7.6,24955307,,
2015:Q2,pct20to40,4.7,7.8,7.3,10.1,3.5,6.1,3.4,3.1,3.3,2,1.9,1.7,3.4,1.4,5.1,2.3,1.7,5.9,2.2,12.2,7.6,7.6,6.1,12.7,5.5,3,5.1,4.2,24959113,,
2015:Q2,pct00to20,2.7,4.6,4.3,6,1.9,3.1,1.6,1,1,1.2,5.4,5.4,4.5,1.3,3.4,0.4,0.6,1.3,3.7,6,4.9,4.9,2.9,8.2,27,10.6,3.4,2.3,24953810,,
2015:Q3,pct99to100,21.3,13.6,13.4,14.2,24.4,23.5,20.7,35.9,35.3,39.1,33.9,34.1,31.9,39.6,20.5,2.8,14.9,1.7,39.6,7.5,7.2,7.1,6.9,3.2,15.7,35,18.5,23.6,1250149,,
2015:Q3,pct80to99,47,43.3,45.3,33.9,48.5,43.6,55.1,43.7,43.8,43.2,47.7,48.3,42.3,47.4,46.3,58.1,60.5,51.3,44.1,34.5,43.9,43.8,49.3,30.8,27.3,39.5,47.8,47.5,23759534,,
2015:Q3,pct60to80,15.8,19,18.5,21.7,14.5,13.6,13,9.9,10,9.4,7.7,7.3,12.4,7.1,15.4,27.6,16.6,27,7.4,23.7,23.2,23.2,23.1,26,19.6,7.8,15.8,14.6,25007993,,
2015:Q3,pct40to60,8.4,11.7,11.2,14.3,7.1,10.1,6.4,6.2,6.4,5.2,3.6,3.4,5.9,3.2,9.1,8.8,5.7,12.8,3.1,16.2,13.2,13.2,11.7,19.2,8.5,2.5,9.2,7.6,25006525,,
2015:Q3,pct20to40,4.8,7.8,7.4,10,3.5,6.1,3.4,3,3.1,2,1.9,1.8,3,1.4,5.2,2.2,1.7,5.9,2.2,12.1,7.6,7.7,6.1,12.8,5.7,3.2,5.2,4.3,25009607,,
2015:Q3,pct00to20,2.7,4.6,4.3,5.9,2,3,1.5,1.3,1.4,1.2,5.2,5.2,4.5,1.4,3.5,0.4,0.7,1.3,3.7,6,4.9,4.9,2.9,8.1,23.3,12.1,3.6,2.4,25005188,,
2015:Q4,pct99to100,21.5,13.6,13.5,14.2,24.6,23.7,20.6,35.9,35.3,43.8,33.6,33.7,31.7,39.9,20.5,2.9,15,1.8,39.6,7.5,7.3,7.3,7,3.3,15.4,36.3,18.1,23.7,1252567,,
2015:Q4,pct80to99,47.1,43.2,45.2,33.7,48.6,43.9,55.1,43.4,43.6,40.7,48.3,48.8,42.8,47.4,46.1,58,60.4,51.4,44.3,34.5,43.8,43.7,49.2,30.5,28.4,36.8,47.6,47.6,23805800,,
2015:Q4,pct60to80,15.7,19,18.4,21.7,14.4,13.3,13.2,10,10.1,8.4,7.3,6.8,12.6,7,15.4,27.7,16.6,27,7.2,23.7,23.2,23.2,23.1,25.9,20.9,7.9,16,14.5,25057347,,
2015:Q4,pct40to60,8.4,11.8,11.2,14.4,7,10.1,6.4,6.4,6.6,4.2,4,3.8,5.9,3.1,9.1,8.8,5.6,12.8,3,16.2,13.3,13.3,11.8,19.3,9.4,2.2,9.3,7.6,25055738,,
2015:Q4,pct20to40,4.7,7.8,7.4,10,3.5,6,3.3,3,3.1,1.7,1.9,1.9,2.6,1.4,5.2,2.2,1.7,5.8,2.2,12,7.6,7.6,6,12.7,6.4,3.3,5.2,4.3,25058073,,
2015:Q4,pct00to20,2.7,4.5,4.2,6,1.9,2.9,1.5,1.4,1.4,1.2,4.9,5,4.4,1.3,3.7,0.4,0.7,1.2,3.7,6,4.9,4.9,2.9,8.2,19.5,13.4,3.7,2.3,25054561,,
2016:Q1,pct99to100,21.6,13.7,13.6,14.4,24.7,23.9,20.3,35.8,35.2,44.6,33.9,34.1,31.5,40.1,20.5,3,15.1,1.8,39.7,7.5,7.4,7.4,7,3.4,16,37,18.8,23.8,1254927,,
2016:Q1,pct80to99,47.1,43.2,45.3,33.5,48.7,44.2,55.1,43,43.2,40.3,48.7,49.2,43.1,47.4,46,57.9,60.4,51.5,44.5,34.5,43.7,43.7,49.3,30.3,29.6,35.2,47.3,47.6,23850605,,
2016:Q1,pct60to80,15.6,19,18.4,21.7,14.3,13.1,13.5,10.2,10.3,8.2,7.1,6.6,12.8,6.8,15.5,27.8,16.5,27.1,7,23.8,23.2,23.2,23,25.9,22.6,8,15.8,14.4,25105158,,
2016:Q1,pct40to60,8.4,11.9,11.3,14.4,7,10.1,6.4,6.6,6.8,4,4,3.9,5.9,3,9.1,8.8,5.6,12.7,2.8,16.3,13.3,13.3,11.7,19.4,10,1.9,9,7.6,25103382,,
2016:Q1,pct20to40,4.7,7.8,7.3,10,3.5,6,3.3,2.9,3,1.7,1.6,1.5,2.3,1.4,5.2,2.1,1.8,5.8,2.3,11.9,7.6,7.6,6,12.7,6.6,3.4,5.2,4.2,25104983,,
2016:Q1,pct00to20,2.6,4.4,4.1,6,1.9,2.7,1.4,1.5,1.5,1.2,4.7,4.7,4.4,1.3,3.8,0.5,0.6,1.2,3.7,6,4.9,4.9,2.9,8.4,15.1,14.5,3.8,2.3,25102359,,
2016:Q2,pct99to100,21.8,13.8,13.6,14.7,25,24.1,19.7,35.7,35.2,46.2,33.8,34.1,31.1,40.3,20.5,3,15.3,2,39.7,7.5,7.5,7.4,7.1,3.5,17,36.4,19.2,24,1257253,,
2016:Q2,pct80to99,47.1,43.2,45.3,33.1,48.7,44.2,55.1,42.6,42.7,39.5,49.2,49.7,43.3,47.4,45.8,57.7,60.4,51.4,44.7,34.4,43.6,43.6,49.3,30.2,30.9,36,47.1,47.6,23894389,,
2016:Q2,pct60to80,15.5,18.9,18.4,21.6,14.2,12.9,13.9,10.4,10.5,7.9,6.8,6.2,13,6.7,15.5,27.9,16.4,27.1,6.9,23.9,23.2,23.2,23,26,24.7,7.9,15.8,14.3,25151866,,
2016:Q2,pct40to60,8.4,11.9,11.4,14.3,6.9,10.2,6.5,6.8,7,3.7,4.3,4.1,6,2.9,9.1,8.8,5.5,12.6,2.8,16.3,13.3,13.3,11.7,19.4,10.7,1.6,8.9,7.6,25149893,,
2016:Q2,pct20to40,4.6,7.7,7.2,10.1,3.4,6,3.3,2.9,2.9,1.6,1.5,1.4,2.1,1.3,5.2,2.1,1.8,5.7,2.3,11.8,7.6,7.6,5.9,12.7,6.7,3.3,5.1,4.2,25150807,,
2016:Q2,pct00to20,2.6,4.4,4,6.2,1.9,2.7,1.4,1.7,1.7,1.2,4.4,4.4,4.5,1.3,3.9,0.5,0.6,1.2,3.6,6,4.8,4.8,3,8.1,10,14.8,3.9,2.3,25149011,,
2016:Q3,pct99to100,21.9,13.8,13.7,14.5,25.1,24.3,19.3,35.3,35.1,48.4,33.4,33.7,30.9,40.5,20.5,3.1,15.3,2.2,39.7,7.5,7.5,7.5,7.2,3.6,18.1,35.8,17.9,24.1,1259572,869988,3795151616
2016:Q3,pct80to99,47,42.8,44.8,33.2,48.7,44.5,55.1,42.8,42.9,38.3,49.9,50.5,43.5,47.4,45.7,57.6,60.3,51.3,44.8,34.4,43.6,43.6,49.3,30,32.4,36.9,47.1,47.5,23937589,111580,869988
2016:Q3,pct60to80,15.5,19,18.4,21.7,14.1,12.6,14.3,10.3,10.4,7.4,6.2,5.6,13.2,6.6,15.5,28,16.4,27.2,6.7,23.9,23.3,23.3,23,26.1,27.1,7.8,16.2,14.3,25197908,67758,111576
2016:Q3,pct40to60,8.4,12.2,11.7,14.5,6.9,10.2,6.6,7,7.1,3.2,4.8,4.7,6.1,2.8,9.1,8.8,5.5,12.6,2.8,16.4,13.3,13.3,11.7,19.5,11.4,1.4,9.4,7.6,25195710,41328,67741
2016:Q3,pct20to40,4.6,7.8,7.3,10,3.4,5.9,3.3,2.9,2.9,1.5,1.6,1.5,1.8,1.3,5.1,2.1,1.8,5.6,2.3,11.7,7.6,7.6,5.9,12.8,6.7,3.1,5.3,4.2,25196018,23297,41327
2016:Q3,pct00to20,2.6,4.4,4.1,6.1,1.9,2.5,1.4,1.6,1.6,1.2,4.1,4.1,4.5,1.3,4.1,0.5,0.6,1.2,3.6,6,4.7,4.7,3,8,4.3,15.1,4.1,2.3,25194947,0,23297
2016:Q4,pct99to100,21.9,13.8,13.7,14.3,25.2,23.9,19.3,34.7,34.7,NA,34.4,34.7,30.6,40.6,21.2,3.1,15.2,2.4,40.1,7.5,7.6,7.6,7.2,3.4,21.3,39.3,17,24.1,1261903,,
2016:Q4,pct80to99,46.9,43,45,33.3,48.5,44.5,54.9,43.6,43.6,NA,49.4,50,43.3,47.2,45.1,57.7,60.6,50.9,44.5,34.4,43.3,43.3,49.2,29.8,30.7,32.4,46.9,47.5,23980572,,
2016:Q4,pct60to80,15.5,18.9,18.4,21.7,14.1,12.9,14.4,10.3,10.3,NA,6,5.3,13.5,6.8,15.6,27.8,16.3,27.2,6.8,23.7,23.4,23.4,23,26.3,26.1,8.2,16.7,14.3,25243651,,
2016:Q4,pct40to60,8.4,12,11.5,14.6,6.9,10.1,6.6,6.9,6.9,NA,4.7,4.6,6,2.8,9,8.9,5.6,12.7,2.7,16.5,13.4,13.4,11.7,19.6,11.1,1.6,9.9,7.6,25241196,,
2016:Q4,pct20to40,4.7,7.8,7.4,10,3.4,6,3.3,3,3,NA,1.6,1.5,2.3,1.3,5.2,2,1.8,5.6,2.3,11.8,7.7,7.7,5.9,13,6.6,3.5,5.5,4.2,25241008,,
2016:Q4,pct00to20,2.6,4.4,4.1,6.1,1.9,2.7,1.5,1.5,1.5,NA,3.9,3.8,4.4,1.3,3.9,0.5,0.6,1.3,3.6,6.1,4.7,4.7,3,7.8,4.2,15,4.1,2.3,25240524,,
2017:Q1,pct99to100,22.1,13.7,13.6,14.2,25.4,23.5,19.2,34.3,34.3,NA,35.9,36.4,30.3,40.8,22,3,14.9,2.5,40.5,7.5,7.6,7.6,7.2,3.2,24.7,39.7,18.7,24.3,1264247,,
2017:Q1,pct80to99,46.8,43,45,33.4,48.4,44.6,54.8,43.9,43.9,NA,48.8,49.3,43.2,46.8,44.7,57.7,60.6,50.6,44.1,34.3,43.3,43.3,49.2,29.6,29.1,33.8,46.3,47.4,24023408,,
2017:Q1,pct60to80,15.5,18.9,18.3,21.7,14.1,13.1,14.5,10.4,10.4,NA,6.1,5.5,13.7,6.9,15.6,27.6,16.3,27.2,6.9,23.6,23.3,23.3,22.9,26.3,25.1,8.1,16.4,14.3,25289167,,
2017:Q1,pct40to60,8.3,12,11.4,14.7,6.9,9.9,6.6,6.8,6.8,NA,4.2,4.1,5.8,2.8,8.9,9.2,5.8,12.9,2.7,16.5,13.5,13.5,11.7,19.8,10.8,1.9,9.4,7.5,25286436,,
2017:Q1,pct20to40,4.6,7.8,7.4,10,3.4,6,3.3,3,3,NA,1.3,1.2,2.8,1.3,5.2,2,1.8,5.6,2.3,11.8,7.7,7.7,6,13.1,6.3,3.4,5.4,4.2,25285853,,
2017:Q1,pct00to20,2.7,4.5,4.2,6.1,1.9,2.9,1.7,1.6,1.6,NA,3.6,3.5,4.2,1.3,3.7,0.5,0.6,1.3,3.6,6.3,4.7,4.7,3,8.1,3.9,13.2,3.8,2.4,25285826,,
2017:Q2,pct99to100,22.2,13.6,13.6,14,25.7,23.1,19.2,33.9,33.9,NA,37,37.6,29.8,41,22.7,3,14.6,2.6,40.8,7.5,7.6,7.6,7.2,3,26.7,40,19.5,24.4,1266602,,
2017:Q2,pct80to99,46.6,42.9,44.8,33.5,48.1,44.5,54.6,44,44,NA,48.3,48.8,42.9,46.5,44.2,57.7,60.8,50.3,43.7,34.3,43.2,43.2,49.2,29.4,27.7,35,45.8,47.2,24066095,,
2017:Q2,pct60to80,15.5,18.9,18.3,21.7,14.1,13.4,14.5,10.7,10.7,NA,6.1,5.3,14.1,7,15.6,27.4,16.3,27.1,6.9,23.4,23.3,23.3,22.9,26.5,23.7,8,16.4,14.3,25334458,,
2017:Q2,pct40to60,8.3,12,11.5,14.7,6.8,9.8,6.6,6.6,6.6,NA,4.1,3.9,5.7,2.8,8.7,9.5,5.9,13,2.9,16.5,13.5,13.5,11.8,20,10.8,2.2,9.2,7.6,25331440,,
2017:Q2,pct20to40,4.6,7.9,7.4,10,3.3,6.1,3.2,3,3,NA,1.3,1.1,3.4,1.3,5.2,1.9,1.8,5.5,2.2,11.8,7.8,7.8,6,13.2,6.8,3.3,5.4,4.1,25330549,,
2017:Q2,pct00to20,2.7,4.7,4.4,6.1,2,3.1,1.9,1.8,1.8,NA,3.3,3.2,4.1,1.4,3.6,0.5,0.6,1.4,3.5,6.4,4.6,4.6,2.9,7.9,4.3,11.5,3.7,2.4,25330864,,
2017:Q3,pct99to100,22.3,13.6,13.5,13.8,25.8,22.7,19.5,33.5,33.5,NA,38.1,38.9,29.6,41.1,23.4,2.9,14.4,2.8,41.1,7.5,7.7,7.6,7.1,2.7,29.8,41.4,19.9,24.5,1268963,,
2017:Q3,pct80to99,46.5,42.9,44.7,33.7,48,44.4,54.5,44.6,44.6,NA,47.8,48.3,42.9,46.2,43.7,57.7,60.9,50,43.3,34.2,43,43,49.2,29.2,26.2,34.4,45.4,47,24108629,,
2017:Q3,pct60to80,15.5,18.9,18.3,21.7,14.1,13.7,14.3,10.6,10.6,NA,6,5.2,14.4,7.1,15.6,27.2,16.3,27.1,7,23.2,23.3,23.3,23,26.6,22.8,8,16.5,14.3,25379524,,
2017:Q3,pct40to60,8.3,12,11.5,14.9,6.8,9.7,6.5,6.4,6.4,NA,3.8,3.7,5.4,2.8,8.6,9.7,6,13.1,2.9,16.6,13.6,13.6,11.8,20.2,10.6,2.5,9.2,7.5,25376220,,
2017:Q3,pct20to40,4.6,7.9,7.5,9.9,3.3,6.2,3.2,3.1,3.1,NA,1.3,1,3.9,1.3,5.3,1.9,1.8,5.5,2.2,11.8,7.9,7.9,6,13.4,6.6,3.3,5.5,4.1,25375092,,
2017:Q3,pct00to20,2.8,4.7,4.5,6,2,3.3,2,1.8,1.8,NA,3,2.9,3.8,1.4,3.4,0.5,0.6,1.4,3.4,6.5,4.5,4.5,2.9,7.9,4.1,10.4,3.5,2.5,25375650,,
2017:Q4,pct99to100,22.5,13.5,13.5,13.5,26.1,22.3,19.9,33.1,33.1,NA,38.8,39.7,29.2,41.3,24.1,2.9,14.2,2.9,41.5,7.5,7.7,7.6,7.1,2.5,32.2,40.4,20.2,24.7,1271328,,
2017:Q4,pct80to99,46.4,42.9,44.6,33.9,47.8,44.4,54.4,44.8,44.8,NA,47.5,47.9,42.7,46,43.2,57.7,60.9,49.7,43,34.2,43,43,49.1,29,24.8,37.6,45,46.9,24151009,,
2017:Q4,pct60to80,15.4,18.8,18.3,21.8,14.1,14,14.1,10.8,10.8,NA,5.6,4.7,14.8,7.2,15.6,27,16.3,27.1,7.1,23.1,23.3,23.4,23,26.8,21.8,7.7,16.6,14.3,25424366,,
2017:Q4,pct40to60,8.3,12,11.4,15,6.8,9.6,6.4,6.3,6.3,NA,3.9,3.8,5.2,2.8,8.5,10,6.2,13.3,2.9,16.7,13.7,13.7,11.8,20.3,10.4,2.8,9.2,7.5,25420787,,
2017:Q4,pct20to40,4.6,8,7.6,9.9,3.3,6.3,3.2,3.1,3.1,NA,1.5,1.2,4.5,1.3,5.3,1.9,1.8,5.5,2.2,11.9,7.9,7.9,6,13.6,6.7,3,5.6,4.1,25419479,,
2017:Q4,pct00to20,2.8,4.8,4.6,6,2,3.5,2.1,1.9,1.9,NA,2.7,2.6,3.6,1.4,3.3,0.5,0.6,1.4,3.4,6.7,4.4,4.4,2.9,7.8,4.2,8.4,3.4,2.6,25420196,,
2018:Q1,pct99to100,22.4,13.4,13.4,13.3,26.1,22,19.8,32.7,32.7,NA,40,41,28.8,41.4,24.8,2.9,14,3.1,41.8,7.5,7.7,7.7,7.1,2.3,34.2,40.8,22.6,24.6,1273692,,
2018:Q1,pct80to99,46.2,42.9,44.7,34,47.6,44.5,54.3,44.9,44.9,NA,47,47.4,42.6,45.7,42.8,57.8,61.2,49.4,42.6,34.1,42.9,42.9,49.1,28.8,23.5,38.5,44.4,46.7,24193232,,
2018:Q1,pct60to80,15.5,18.8,18.2,21.8,14.1,14.1,14.1,11,11,NA,5.5,4.6,15.3,7.3,15.6,26.8,16.1,27.1,7.1,22.9,23.3,23.3,22.9,26.7,20.7,7.7,16.1,14.3,25468984,,
2018:Q1,pct40to60,8.3,12,11.4,15.1,6.8,9.5,6.4,6.1,6.1,NA,3.7,3.6,4.9,2.8,8.4,10.1,6.2,13.4,2.9,16.8,13.7,13.7,11.8,20.5,10.4,3,8.4,7.5,25465154,,
2018:Q1,pct20to40,4.6,8,7.6,9.9,3.3,6.3,3.1,3.1,3.1,NA,1.5,1.1,5.1,1.3,5.3,1.8,1.8,5.5,2.1,11.9,8,8,6.1,13.7,6.9,3,5.3,4.2,25463707,,
2018:Q1,pct00to20,2.9,4.9,4.7,6,2,3.6,2.2,2.1,2.1,NA,2.4,2.3,3.3,1.4,3.1,0.5,0.6,1.5,3.4,6.8,4.4,4.4,2.9,8,4.4,7.1,3.2,2.6,25464514,,
2018:Q2,pct99to100,22.5,13.3,13.4,13,26.2,21.6,20.1,32.4,32.4,NA,41.2,42.4,28.4,41.5,25.5,2.9,13.8,3.2,42.2,7.5,7.7,7.7,7.1,2.1,35.3,43.1,22.8,24.7,1276054,,
2018:Q2,pct80to99,46.1,42.8,44.5,34.1,47.4,44.5,54.1,44.9,44.9,NA,46.5,46.8,42.5,45.5,42.3,57.8,61.4,49.1,42.3,34.1,42.7,42.7,49.1,28.6,22.3,36.4,44,46.6,24235294,,
2018:Q2,pct60to80,15.5,18.8,18.2,21.8,14.2,14.4,14,11.3,11.3,NA,5.5,4.5,15.8,7.4,15.6,26.6,16,27.1,7.2,22.8,23.3,23.3,22.9,26.9,19.3,7.9,16.2,14.4,25513378,,
2018:Q2,pct40to60,8.3,12,11.4,15.2,6.8,9.3,6.3,6,6,NA,3.4,3.3,4.5,2.8,8.3,10.3,6.3,13.6,2.9,16.8,13.8,13.8,11.8,20.7,10.6,3.2,8.5,7.5,25509332,,
2018:Q2,pct20to40,4.6,8,7.6,9.9,3.3,6.4,3.1,3.1,3.1,NA,1.4,1,5.8,1.3,5.3,1.8,1.8,5.5,2.1,11.9,8,8,6.1,13.8,7.6,3.1,5.4,4.1,25507771,,
2018:Q2,pct00to20,2.9,5,4.9,6,2.1,3.8,2.4,2.3,2.3,NA,2.1,2,3,1.5,3,0.5,0.6,1.5,3.3,6.9,4.4,4.4,2.9,7.9,4.9,6.3,3,2.7,25508615,,
2018:Q3,pct99to100,22.7,13.2,13.3,12.9,26.5,21.1,20.1,32,32,NA,42.4,43.7,27.9,41.7,26.2,2.9,13.6,3.3,42.5,7.5,7.8,7.7,7.1,1.9,37.7,44.5,23.8,24.8,1278408,,
2018:Q3,pct80to99,45.9,42.8,44.4,34.2,47.2,44.3,54,44.6,44.6,NA,46,46.3,42.4,45.2,41.9,57.9,61.5,48.8,41.9,34,42.6,42.6,49,28.4,21.1,35.5,43.6,46.4,24277195,,
2018:Q3,pct60to80,15.5,18.8,18.2,21.8,14.2,14.8,14,11.7,11.7,NA,5.5,4.5,16.4,7.5,15.6,26.5,16.1,27.1,7.2,22.6,23.3,23.4,23,27,18.5,7.9,16.1,14.4,25557550,,
2018:Q3,pct40to60,8.3,12,11.4,15.2,6.8,9.2,6.3,5.9,5.9,NA,3.1,3,4.1,2.8,8.2,10.5,6.4,13.7,2.9,16.9,13.9,13.9,11.9,20.9,10.4,3.5,8.2,7.5,25553332,,
2018:Q3,pct20to40,4.6,8,7.7,9.9,3.3,6.5,3.1,3.1,3.1,NA,1.3,0.8,6.6,1.3,5.3,1.8,1.8,5.5,2.1,11.9,8.1,8.1,6.1,14,7.5,3.2,5.4,4.1,25551669,,
2018:Q3,pct00to20,3,5.1,5,6,2.1,4.1,2.5,2.7,2.7,NA,1.8,1.7,2.6,1.5,2.9,0.5,0.5,1.6,3.3,7,4.3,4.4,2.9,7.9,4.8,5.3,2.9,2.8,25552513,,
2018:Q4,pct99to100,22.1,13.1,13.2,12.5,25.9,20.8,20.9,31.7,31.7,NA,43.4,44.9,27.4,41.5,26.9,2.9,13.6,3.5,42.9,7.5,7.8,7.8,7.1,1.7,38.1,48.5,23.3,24.3,1280752,,
2018:Q4,pct80to99,45.7,42.5,44.1,34.4,47,44.4,53.9,44.3,44.3,NA,45.5,45.8,42.2,45,41.3,58,62.4,48.5,41.6,34,42.2,42.2,49,28.3,20.2,30.9,43.3,46.2,24318931,,
2018:Q4,pct60to80,15.8,18.9,18.3,21.8,14.5,15,13.5,12.1,12.1,NA,5.3,4.3,17,7.7,15.6,26.3,15.3,27.1,7.3,22.5,23.4,23.4,22.9,27.2,17.1,8.3,16.5,14.6,25601499,,
2018:Q4,pct40to60,8.5,12.2,11.5,15.4,7,9.1,6.1,5.8,5.8,NA,2.9,2.9,3.7,2.9,8,10.6,6.3,13.9,2.9,16.9,14,14,11.9,21,10.7,3.8,8.6,7.7,25597166,,
2018:Q4,pct20to40,4.8,8.1,7.8,9.8,3.4,6.5,3.1,3.1,3.1,NA,1.4,0.8,7.5,1.3,5.4,1.7,1.8,5.5,2.1,11.9,8.2,8.2,6.1,14.2,8.3,3.6,5.6,4.3,25595397,,
2018:Q4,pct00to20,3.1,5.2,5.1,6,2.2,4.2,2.5,3,3,NA,1.5,1.4,2.2,1.6,2.7,0.5,0.6,1.6,3.3,7.2,4.3,4.3,2.9,7.7,5.6,4.8,2.8,2.9,25596218,,
2019:Q1,pct99to100,22.7,13,13.1,12.6,26.6,20.5,21.4,31.3,31.3,NA,44.5,46.2,26.7,41.8,27.6,2.8,13.3,3.6,43.2,7.5,7.9,7.8,7.1,1.4,41.9,50.9,24.7,24.9,1283083,,
2019:Q1,pct80to99,45.6,42.5,44.2,34.3,46.8,44.4,53.8,44.1,44.1,NA,45,45.3,41.9,44.8,40.9,58,62.1,48.2,41.2,34,42.1,42.1,49,28,18.7,28.8,42.8,46.1,24360500,,
2019:Q1,pct60to80,15.6,18.9,18.3,21.8,14.3,15.2,13.2,12.5,12.5,NA,5.4,4.2,17.7,7.8,15.6,26.1,15.6,27.1,7.3,22.3,23.4,23.4,22.9,27.1,16.8,8.5,16.2,14.4,25645227,,
2019:Q1,pct40to60,8.3,12.2,11.5,15.3,6.8,9,5.9,5.6,5.6,NA,2.6,2.6,3.2,2.8,8,10.9,6.5,14,2.9,16.9,14,14,11.9,21.2,10.1,4.1,8.1,7.5,25640846,,
2019:Q1,pct20to40,4.6,8.1,7.8,9.9,3.3,6.6,3.1,3.1,3.1,NA,1.3,0.6,8.6,1.3,5.4,1.7,1.8,5.5,2.1,11.9,8.3,8.3,6.2,14.3,7.6,3.8,5.5,4.1,25638951,,
2019:Q1,pct00to20,3.1,5.3,5.2,6.1,2.2,4.3,2.6,3.4,3.4,NA,1.2,1.1,1.8,1.5,2.6,0.5,0.6,1.6,3.2,7.3,4.3,4.3,2.9,7.9,4.9,3.9,2.6,2.9,25639743,,
2019:Q2,pct99to100,22.8,12.9,13,12.5,26.7,20,21.3,31,31,NA,45.7,47.5,25.9,42,28.2,2.8,13.1,3.6,43.5,7.5,7.9,7.8,7.1,1.2,43.5,51.6,24.6,25,1285396,,
2019:Q2,pct80to99,45.5,42.6,44.2,34.4,46.6,44.3,53.7,43.7,43.7,NA,44.5,44.7,41.6,44.5,40.5,58,62.2,48,40.9,33.9,42,42,49,27.9,17.7,29.2,42.5,45.9,24401898,,
2019:Q2,pct60to80,15.6,18.8,18.3,21.8,14.3,15.5,13.2,12.9,12.9,NA,5.5,4.4,18.6,7.9,15.6,25.9,15.7,27.2,7.4,22.2,23.5,23.5,23,27.3,15.8,8.5,16.5,14.5,25688735,,
2019:Q2,pct40to60,8.3,12.1,11.5,15.4,6.8,8.9,5.9,5.5,5.5,NA,2.2,2.2,2.7,2.8,7.8,11.1,6.6,14.1,3,17,14.1,14.1,11.9,21.3,10.1,4.3,8.3,7.5,25684383,,
2019:Q2,pct20to40,4.6,8.1,7.8,9.9,3.2,6.7,3,3,3,NA,1.2,0.4,9.9,1.3,5.4,1.7,1.9,5.5,2,12,8.3,8.3,6.2,14.4,7.8,3.8,5.6,4.1,25682327,,
2019:Q2,pct00to20,3.2,5.4,5.3,6.1,2.3,4.6,2.8,3.8,3.8,NA,0.9,0.9,1.3,1.5,2.4,0.5,0.6,1.7,3.2,7.4,4.2,4.2,2.9,7.8,5.1,2.7,2.5,3,25683099,,
2019:Q3,pct99to100,22.8,12.7,12.8,12,26.7,19.6,22.2,30.6,30.6,NA,46.8,48.7,24.9,42,28.9,2.8,12.9,3.7,43.8,7.6,7.9,7.8,7.1,1.1,46.2,52.9,25.5,24.9,1287689,867873,3819800576
2019:Q3,pct80to99,45.3,42.2,43.7,34.7,46.5,44.3,53.6,43.9,43.9,NA,43.9,44.2,41.2,44.3,40.1,58,62.4,47.8,40.6,33.9,41.9,41.9,48.9,27.8,16.4,28.6,42.1,45.7,24443124,127269,867536
2019:Q3,pct60to80,15.7,18.9,18.3,21.8,14.4,15.8,12.7,13.1,13.1,NA,5.8,4.6,19.6,8,15.6,25.8,15.5,27.2,7.5,22.1,23.5,23.5,23,27.4,15.2,8.6,16.4,14.6,25732021,74020,127269
2019:Q3,pct40to60,8.4,12.3,11.7,15.6,6.8,8.7,5.7,5.4,5.4,NA,1.8,1.7,2.2,2.8,7.7,11.4,6.7,14.2,3,17,14.1,14.2,11.9,21.5,9.8,4.5,8.1,7.6,25727790,45817,74020
2019:Q3,pct20to40,4.7,8.3,8,9.8,3.3,6.8,3,3.1,3.1,NA,1,0.1,11.5,1.3,5.4,1.6,1.9,5.4,2,12,8.4,8.4,6.2,14.5,7.5,3.8,5.6,4.1,25725522,25963,45817
2019:Q3,pct00to20,3.2,5.6,5.5,6,2.3,4.8,2.7,3.9,3.9,NA,0.7,0.7,0.7,1.6,2.3,0.5,0.6,1.7,3.1,7.5,4.2,4.2,2.9,7.8,4.8,1.6,2.4,3.1,25726299,0,25963
2019:Q4,pct99to100,22.8,12.7,12.9,11.8,26.6,19.7,21.8,30.5,30.5,NA,45.4,47.3,23.5,41.5,28.2,2.8,12.7,3.7,43.3,7.5,7.8,7.8,7.1,1.3,44.3,50.6,24.5,24.9,1289959,,
2019:Q4,pct80to99,45.5,42.1,43.6,34.8,46.8,44.5,54.4,44.7,44.7,NA,44.4,44.4,43.7,44.9,40.9,58.4,62.4,47.9,40.6,33.9,42,42,48.7,28.1,17.8,30.7,43,46,24484190,,
2019:Q4,pct60to80,15.5,19,18.4,21.9,14.2,15.6,12.4,12.7,12.7,NA,6.2,5.2,17.8,7.8,15.5,25.6,15.7,27.1,7.5,22,23.5,23.6,23.1,27.3,15.2,8.5,16.4,14.4,25775103,,
2019:Q4,pct40to60,8.4,12.4,11.8,15.6,6.9,8.8,5.8,5.4,5.4,NA,2.2,2,4,2.9,7.9,11,6.7,14.1,3.3,17.2,14.2,14.2,12,21.2,9.8,4.9,8.3,7.6,25771091,,
2019:Q4,pct20to40,4.6,8.3,8,9.8,3.3,6.7,3.1,3.1,3.1,NA,1,0.3,10.1,1.3,5.2,1.8,1.9,5.6,2,12,8.3,8.3,6.2,14.4,7.5,3.6,5.4,4.1,25768549,,
2019:Q4,pct00to20,3.1,5.5,5.3,6,2.3,4.6,2.5,3.7,3.7,NA,0.8,0.8,0.8,1.6,2.3,0.5,0.6,1.7,3.2,7.4,4.2,4.2,2.9,7.7,5.3,1.7,2.4,3,25769369,,
2020:Q1,pct99to100,21.5,12.7,12.9,11.7,25.2,19.9,22.4,30.4,30.4,43.5,44.6,46.3,22.2,40.2,27.5,2.9,12.8,3.7,42.9,7.4,7.8,7.8,7.2,1.4,40.6,47.5,25.3,23.5,1292208,,
2020:Q1,pct80to99,45.7,42.2,43.6,34.9,47.2,44.6,55,45.4,45.4,39.7,44.5,44.4,46,45.7,41.7,59.1,63.7,47.9,40.6,33.9,42.1,42.1,48.6,28.4,19.4,34.1,43.7,46.3,24525167,,
2020:Q1,pct60to80,15.8,19,18.4,21.9,14.5,15.4,11.7,12.3,12.3,8.2,7.4,6.7,16.3,7.7,15.4,25.3,14.7,26.9,7.6,22,23.4,23.4,23.2,26.9,14.8,8.2,15.7,14.7,25818052,,
2020:Q1,pct40to60,8.8,12.5,11.9,15.7,7.2,9,5.6,5.4,5.4,4,1.8,1.5,5.7,3.3,8,10.4,6.3,14.1,3.7,17.2,14.2,14.2,12.1,21.1,10.3,5.2,7.8,8,25814370,,
2020:Q1,pct20to40,4.9,8.2,8,9.8,3.5,6.7,3.1,3,3,2.5,0.6,0,8.8,1.3,5.1,1.8,1.8,5.9,2.1,12.1,8.2,8.2,6.2,14.1,8.3,3.3,5,4.4,25811483,,
2020:Q1,pct00to20,3.3,5.4,5.3,6.1,2.4,4.4,2.2,3.4,3.4,2,1.2,1.2,1,1.8,2.3,0.5,0.7,1.6,3.2,7.4,4.3,4.3,2.9,8.1,6.6,1.7,2.4,3.1,25812390,,
2020:Q2,pct99to100,21.9,12.7,12.9,11.6,25.6,20.2,22.3,30.6,30.2,39.6,43.5,45.2,21.1,40.2,26.8,2.9,12.5,3.6,42.4,7.4,7.8,7.8,7.2,1.5,40.1,47.2,23.9,23.9,1294437,,
2020:Q2,pct80to99,46,42.1,43.4,35,47.5,45,55.5,46.8,47,42.6,44.8,44.6,48,46.1,42.7,59.3,63.1,48,40.6,33.8,42.1,42.1,48.3,28.8,20.4,33.3,44.6,46.5,24566139,,
2020:Q2,pct60to80,15.5,19,18.5,21.9,14.1,15.1,11.4,11.4,11.5,8.7,7.7,7.2,14.9,7.5,15.3,25.1,15.4,26.8,7.6,22,23.4,23.4,23.2,26.6,15,8.4,15.9,14.4,25860958,,
2020:Q2,pct40to60,8.7,12.6,12,15.7,7.1,9.1,5.6,5.4,5.4,4.7,2.1,1.7,7.2,3.3,8.1,10.2,6.5,14,3.9,17.3,14.2,14.2,12.2,20.9,10,5.7,8.2,7.9,25857722,,
2020:Q2,pct20to40,4.8,8.2,8,9.7,3.4,6.5,3.1,3.1,3.1,2.6,0.5,0,7.7,1.2,4.8,2,1.9,6,2.1,12.2,8.1,8.1,6.1,13.9,7.8,3.3,5,4.3,25854415,,
2020:Q2,pct00to20,3.1,5.4,5.3,6,2.2,4.1,2,2.8,2.8,1.8,1.2,1.2,1.1,1.7,2.4,0.5,0.7,1.6,3.3,7.3,4.3,4.3,2.9,8.3,6.6,2.1,2.5,3,25855457,,
2020:Q3,pct99to100,22,12.6,12.8,11.4,25.7,20.2,21.3,30.2,30.2,NA,42.4,44.1,20.1,39.9,26,2.8,12.4,3.6,41.9,7.3,7.8,7.7,7.3,1.7,39.8,41,22.7,23.9,1296649,,
2020:Q3,pct80to99,46.1,42.1,43.4,35.1,47.8,45.1,56,47.4,47.4,NA,45.2,44.9,49.8,46.5,43.6,59.6,63,48,40.6,33.8,42.4,42.4,48.1,29.1,21.3,41.4,45.5,46.7,24607194,,
2020:Q3,pct60to80,15.3,19,18.5,21.9,13.9,15,11.7,11.3,11.3,NA,7.9,7.5,13.6,7.4,15.1,25,15.6,26.6,7.7,21.9,23.3,23.4,23.3,26.5,15.3,7.7,16,14.2,25903909,,
2020:Q3,pct40to60,8.7,12.7,12.1,15.7,7.1,9.2,5.8,5.4,5.4,NA,2.6,2.1,8.6,3.3,8.2,10,6.5,13.9,4.3,17.5,14.2,14.2,12.4,20.7,9.8,5.7,8.5,7.9,25901245,,
2020:Q3,pct20to40,4.7,8.2,7.9,9.7,3.4,6.5,3.1,3.1,3.1,NA,0.6,0.1,6.7,1.2,4.6,2.1,1.9,6.2,2.2,12.3,8,8,6.1,13.7,7.3,2.6,4.8,4.3,25897437,,
2020:Q3,pct00to20,3.1,5.4,5.2,6.1,2.2,4,2.1,2.7,2.7,NA,1.3,1.3,1.3,1.7,2.5,0.5,0.7,1.5,3.3,7.2,4.3,4.3,2.9,8.4,6.5,1.6,2.5,2.9,25898666,,
2020:Q4,pct99to100,22.4,12.6,12.9,11.2,26.2,20.4,20.4,30.1,30.1,NA,41.6,43.3,19.2,39.9,25.3,2.8,12.2,3.6,41.4,7.3,7.7,7.7,7.3,1.9,38.4,35,21,24.3,1298847,,
2020:Q4,pct80to99,46.3,42,43.3,35.2,47.9,45.3,56.6,47.6,47.6,NA,45.5,45,51.4,46.7,44.5,59.9,62.7,48.2,40.6,33.8,42.7,42.7,47.8,29.4,22.3,49.5,46.5,46.8,24648417,,
2020:Q4,pct60to80,15.1,19.1,18.5,21.9,13.6,14.8,11.9,11.2,11.2,NA,8.4,8.1,12.5,7.3,15,24.8,16,26.5,7.7,21.9,23.2,23.2,23.3,26.3,15.3,7,16.2,14,25946993,,
2020:Q4,pct40to60,8.6,12.8,12.3,15.7,7,9.3,6,5.5,5.5,NA,2.7,2.1,9.8,3.3,8.3,9.7,6.6,13.8,4.7,17.6,14.2,14.2,12.5,20.5,9.8,5.6,9,7.9,25945035,,
2020:Q4,pct20to40,4.6,8.2,7.9,9.7,3.3,6.4,3.1,3.1,3.1,NA,0.5,0.1,5.8,1.2,4.3,2.2,1.9,6.4,2.2,12.3,7.9,7.9,6.1,13.6,7.3,1.9,4.8,4.2,25940640,,
2020:Q4,pct00to20,3,5.3,5.2,6.2,2.1,3.7,2.1,2.6,2.6,NA,1.4,1.4,1.4,1.6,2.5,0.5,0.6,1.5,3.3,7.2,4.3,4.3,2.9,8.2,6.9,0.9,2.6,2.8,25942112,,
2021:Q1,pct99to100,22.5,12.6,12.8,11.2,26.3,20.7,20.1,29.9,29.9,NA,40.7,42.4,18.2,39.7,24.7,2.9,12.1,3.6,41,7.2,7.7,7.7,7.4,2.1,37.7,31.1,21.7,24.4,1301032,,
2021:Q1,pct80to99,46.4,42.1,43.4,35.2,48.1,45.6,57,49.3,49.3,NA,45.7,45.1,52.4,47,45.2,60.4,62.8,48.2,40.7,33.8,42.9,42.9,47.6,29.7,23.2,54.5,47.1,46.9,24689892,,
2021:Q1,pct60to80,14.9,19.1,18.5,21.9,13.3,14.6,11.8,10.3,10.3,NA,8.8,8.6,11.5,7.2,14.9,24.6,16.1,26.4,7.8,21.9,23.1,23.1,23.3,26,15.4,6.6,15.6,13.9,25990298,,
2021:Q1,pct40to60,8.6,12.8,12.3,15.7,7,9.4,6.1,5.4,5.4,NA,2.9,2.3,11.1,3.3,8.4,9.3,6.5,13.7,5,17.7,14.2,14.3,12.7,20.3,9.6,5.7,8.6,7.9,25989188,,
2021:Q1,pct20to40,4.6,8.1,7.8,9.8,3.3,6.3,3.1,3.2,3.2,NA,0.5,0.1,5.2,1.1,4.2,2.3,1.9,6.6,2.2,12.4,7.8,7.8,6.1,13.4,7,1.4,4.4,4.2,25984117,,
2021:Q1,pct00to20,3,5.3,5.2,6.3,2,3.5,2,1.9,1.9,NA,1.5,1.5,1.6,1.6,2.6,0.5,0.6,1.5,3.4,7.1,4.3,4.3,2.9,8.4,7.1,0.6,2.6,2.8,25985891,,
2021:Q2,pct99to100,22.6,12.6,12.8,11.1,26.5,20.6,19.5,30.1,29.9,38,39.9,41.6,17.4,39.6,24.1,2.9,12,3.6,40.5,7.2,7.6,7.6,7.4,2.4,36.9,29,20.2,24.4,1303207,,
2021:Q2,pct80to99,46.5,42.2,43.5,35.2,48.2,45.6,57.5,49.7,49.8,45.8,45.8,45.3,53.5,47.2,46,60.7,62.7,48.3,40.7,33.8,42.9,42.9,47.2,30.1,24,56.9,48.1,47,24731707,,
2021:Q2,pct60to80,14.8,19.1,18.6,21.9,13.1,14.6,11.8,10,10,7.8,9.2,9.1,10.6,7.2,14.8,24.5,16.3,26.2,7.8,21.8,23.2,23.2,23.5,26.2,15.5,6.4,15.8,13.8,26033912,,
2021:Q2,pct40to60,8.6,12.8,12.4,15.6,6.9,9.4,6.2,5.4,5.4,4.7,3,2.3,12.2,3.4,8.6,9.1,6.5,13.6,5.5,17.7,14.3,14.3,12.9,20,9.5,5.9,9,7.9,26033802,,
2021:Q2,pct20to40,4.6,7.9,7.6,9.8,3.2,6.3,3.1,3.1,3.2,2.3,0.4,0.1,4.6,1.1,4,2.4,1.9,6.8,2.2,12.4,7.7,7.7,6,13.4,6.8,1.2,4.3,4.2,26027958,,
2021:Q2,pct00to20,3,5.3,5.1,6.5,2,3.4,2,1.7,1.7,1.4,1.6,1.6,1.8,1.6,2.6,0.5,0.6,1.5,3.3,7,4.2,4.2,3,7.9,7.2,0.6,2.6,2.8,26030097,,
2021:Q3,pct99to100,22.4,12.5,12.8,10.9,26.4,20.6,18.8,30.2,29.8,36.1,39.4,41.1,16.6,39.3,23.4,2.9,11.9,3.6,40.1,7.1,7.6,7.5,7.4,2.5,35.5,27.2,19.3,24.2,1305374,,
2021:Q3,pct80to99,46.6,42.2,43.4,35.2,48.4,45.7,57.9,49.8,49.9,47.3,46,45.3,54.4,47.5,46.8,61,62.9,48.4,40.8,33.8,42.9,42.9,47,30.5,24.8,58.9,49,47,24773947,,
2021:Q3,pct60to80,14.8,19.1,18.6,21.9,13,14.5,11.9,9.8,9.9,8,9.6,9.6,9.7,7.1,14.7,24.3,16.2,26.1,7.8,21.8,23.3,23.3,23.6,26.1,15.5,6.3,15.7,13.7,26077923,,
2021:Q3,pct40to60,8.7,12.9,12.5,15.6,7,9.5,6.3,5.4,5.4,5,3,2.3,13.2,3.4,8.7,8.8,6.5,13.5,5.9,17.8,14.4,14.4,13,19.7,9.6,6,9.2,8,26078973,,
2021:Q3,pct20to40,4.6,7.9,7.6,9.8,3.2,6.3,3.1,3.1,3.1,2.4,0.3,0,4.1,1.1,3.8,2.5,1.9,7,2.1,12.5,7.6,7.6,6,13.2,6.9,1,4.2,4.2,26072254,,
2021:Q3,pct00to20,3,5.4,5.1,6.6,2,3.4,1.9,1.7,1.7,1.3,1.7,1.7,2,1.6,2.6,0.5,0.7,1.4,3.3,7,4.2,4.2,3,8,7.7,0.5,2.7,2.8,26074827,,
2021:Q4,pct99to100,22.4,12.5,12.8,10.7,26.4,20.7,18.5,29.8,29.8,38.2,38.7,40.4,15.9,39.1,22.8,2.9,11.8,3.6,39.7,7.1,7.6,7.5,7.4,2.7,32.9,25.9,18.5,24.2,1307536,,
2021:Q4,pct80to99,46.7,42,43.3,35.2,48.5,45.8,58.3,50.5,50.5,46.7,46.1,45.4,55.3,47.7,47.5,61.5,62.9,48.5,40.8,33.8,42.9,42.9,46.7,30.9,25.8,60,49.8,47.1,24816696,,
2021:Q4,pct60to80,14.7,19.1,18.6,21.9,12.9,14.4,11.8,9.7,9.7,7.2,9.9,10,8.9,7,14.6,24.1,16.3,26,7.9,21.8,23.4,23.4,23.8,26.1,15.1,6.3,15.6,13.6,26122420,,
2021:Q4,pct40to60,8.7,13.1,12.6,15.6,7,9.6,6.4,5.5,5.5,4.5,3.2,2.3,14.1,3.5,8.8,8.4,6.5,13.5,6.2,17.9,14.4,14.4,13.1,19.5,10,6.3,9.3,8,26124798,,
2021:Q4,pct20to40,4.6,7.9,7.6,9.9,3.2,6.3,3.1,3.1,3.1,2.2,0.3,0,3.6,1.1,3.7,2.6,1.9,7.1,2.2,12.6,7.6,7.6,5.9,13.1,7.7,0.9,4,4.2,26117098,,
2021:Q4,pct00to20,3,5.3,5.1,6.7,2,3.2,1.9,1.5,1.5,1.2,1.8,1.8,2.2,1.6,2.7,0.5,0.7,1.4,3.3,6.9,4.2,4.2,3,7.8,8.6,0.7,2.7,2.8,26120175,,
2022:Q1,pct99to100,22,12.5,12.8,10.6,26.1,20.8,18,29.7,29.7,NA,38.6,40.2,15.4,38.5,22.2,3,11.7,3.5,39.4,7,7.5,7.4,7.4,2.8,31.8,24.8,19.1,23.8,1309695,,
2022:Q1,pct80to99,46.7,42.2,43.3,35.3,48.7,45.9,58.7,50.4,50.4,NA,46,45.3,56.7,48.2,48.2,62.1,63.4,48.4,40.8,33.8,42.9,42.9,46.5,31.2,26.5,60.9,50.3,47.2,24860042,,
2022:Q1,pct60to80,14.7,19.1,18.7,21.9,12.8,14.3,11.9,9.7,9.7,NA,10.5,10.6,8.2,6.9,14.5,23.8,15.9,25.8,7.9,21.7,23.5,23.5,24,26,15.1,6.2,15.2,13.6,26167490,,
2022:Q1,pct40to60,8.9,13.1,12.6,15.5,7.1,9.6,6.5,5.5,5.5,NA,2.8,2,14.8,3.6,8.9,7.8,6.3,13.5,6.4,18,14.4,14.4,13.2,19.2,10,6.5,8.9,8.2,26171373,,
2022:Q1,pct20to40,4.7,7.8,7.5,9.9,3.3,6.3,3.1,3.1,3.1,NA,0.2,0,2.8,1.1,3.5,2.7,1.9,7.4,2.2,12.6,7.4,7.4,5.9,12.8,7.7,0.8,3.7,4.3,26162581,,
2022:Q1,pct00to20,3,5.3,5.1,6.8,2,3.1,1.8,1.6,1.6,NA,1.9,1.9,2.1,1.7,2.7,0.5,0.7,1.3,3.3,6.9,4.2,4.2,2.9,8,8.8,0.8,2.7,2.9,26166238,,
2022:Q2,pct99to100,20.9,12.5,12.8,10.5,25.1,20.7,17.7,29.8,29.8,NA,37.9,39.4,15,37.3,21.5,3.2,11.7,3.5,39,7,7.5,7.4,7.4,3,30.5,25.1,17.6,22.7,1311852,,
2022:Q2,pct80to99,46.7,42.1,43.2,35.4,48.9,45.8,59.1,50.1,50.1,NA,46.3,45.6,58,49.2,48.9,63,64.5,48.4,40.9,33.7,42.7,42.7,46.3,31.6,27.2,59.1,51.3,47.2,24904070,,
2022:Q2,pct60to80,15,19.2,18.7,21.9,12.9,14.4,11.9,9.8,9.8,NA,10.6,10.8,7.5,6.7,14.5,23.4,15.2,25.6,8,21.7,23.7,23.7,24.2,26,15,6.5,15.3,13.8,26213223,,
2022:Q2,pct40to60,9.3,13.2,12.8,15.6,7.4,9.6,6.5,5.6,5.6,NA,3.1,2.3,15.4,3.9,9,7.1,5.9,13.5,6.7,18.1,14.5,14.5,13.4,19,10.2,7,9.4,8.6,26218795,,
2022:Q2,pct20to40,4.9,7.8,7.4,9.9,3.5,6.3,3.1,3,3,NA,0.1,0,2.1,1.1,3.4,2.8,1.9,7.8,2.2,12.7,7.4,7.4,5.8,12.7,7.9,1,3.6,4.6,26208794,,
2022:Q2,pct00to20,3.2,5.3,5.1,6.8,2.1,3.1,1.8,1.8,1.8,NA,2,1.9,2,1.9,2.7,0.5,0.9,1.3,3.3,6.8,4.2,4.2,2.9,7.8,9.3,1.3,2.8,3.1,26213110,,
2022:Q3,pct99to100,20.6,12.2,12.6,10.3,24.8,20.6,17.4,29.8,29.8,NA,36.9,38.4,14.5,36.6,20.9,3.3,11.6,3.4,38.7,6.9,7.5,7.4,7.4,3.2,29.6,24.1,16.7,22.4,1314011,1197734,9455046656
2022:Q3,pct80to99,46.6,41.6,42.7,35.4,49.1,45.8,59.4,49.3,49.3,NA,46.6,45.8,59.2,49.8,49.7,63.7,65,48.3,40.9,33.7,42.7,42.6,46.1,31.9,27.8,59.7,52.2,47.2,24948864,151328,1197734
2022:Q3,pct60to80,15,19.4,18.9,21.9,12.8,14.5,11.8,10.2,10.2,NA,10.7,10.9,6.9,6.6,14.4,23.1,14.8,25.4,8,21.7,23.7,23.7,24.2,25.9,15,6.5,15.3,13.8,26259705,90796,151328
2022:Q3,pct40to60,9.5,13.6,13.2,15.6,7.5,9.7,6.6,5.7,5.7,NA,3.5,2.7,15.9,4,9.1,6.5,5.8,13.5,6.9,18.2,14.5,14.5,13.5,18.8,10.2,7.3,9.5,8.8,26267160,54444,90796
2022:Q3,pct20to40,5,7.9,7.6,9.9,3.6,6.4,3.1,2.9,2.9,NA,0.3,0.2,1.4,1.1,3.3,2.9,1.9,8.2,2.2,12.7,7.4,7.4,5.8,12.6,7.9,0.9,3.5,4.7,26255828,31247,54417
2022:Q3,pct00to20,3.2,5.3,5,6.9,2.2,3.2,1.7,2.2,2.2,NA,1.9,1.9,2,1.9,2.7,0.5,0.9,1.2,3.3,6.8,4.2,4.2,3,7.7,9.5,1.5,2.8,3.1,26260886,0,31166
2022:Q4,pct99to100,20.9,12.3,12.7,10.4,25,20.5,17.9,30,30,NA,36.6,38.1,14.6,36.9,20.9,3.3,11.6,3.4,38.7,6.9,7.5,7.5,7.5,3.2,29,26.6,14.4,22.8,1317078,,
2022:Q4,pct80to99,46.7,41.8,42.9,35.4,49.1,45.7,59.3,47.8,47.8,NA,46.7,45.8,59.6,49.6,49.7,63.7,64.7,48.3,40.8,33.7,42.3,42.3,46,31.8,27.9,55,52.9,47.3,25007106,,
2022:Q4,pct60to80,14.9,19.2,18.8,21.9,12.8,14.6,11.6,10.9,10.9,NA,10.6,10.8,6.9,6.6,14.4,23.1,15.1,25.3,8,21.7,23.8,23.8,24.2,26.1,14.8,7,15.9,13.6,26321007,,
2022:Q4,pct40to60,9.3,13.4,13,15.6,7.4,9.6,6.5,5.8,5.8,NA,3.8,2.9,15.8,4,9.1,6.5,5.9,13.5,6.9,18.2,14.6,14.6,13.6,18.7,10.3,7.9,10.4,8.6,26328480,,
2022:Q4,pct20to40,5,7.9,7.5,9.9,3.6,6.4,3.1,2.7,2.7,NA,0.5,0.4,1.2,1.1,3.3,2.9,1.9,8.3,2.3,12.7,7.5,7.5,5.8,12.7,8.3,1.3,3.6,4.6,26317122,,
2022:Q4,pct00to20,3.2,5.3,5,6.9,2.2,3.3,1.7,2.9,2.9,NA,1.9,1.9,1.9,1.9,2.7,0.5,0.9,1.2,3.4,6.8,4.3,4.3,3,7.4,9.8,2.3,2.8,3.1,26322191,,
2023:Q1,pct99to100,21.1,12.3,12.7,10.3,25.2,20.4,18.8,30.1,30.1,NA,36.4,38,14.6,37.2,21,3.2,11.6,3.4,38.7,6.9,7.6,7.5,7.5,3.3,30.2,27,15.2,23,1321422,,
2023:Q1,pct80to99,46.7,41.8,42.9,35.4,49,45.5,59,46.7,46.7,NA,46.8,45.8,59.6,49.4,49.7,63.4,64.4,48.3,40.8,33.7,42.3,42.2,45.9,31.8,27.8,54.3,52.6,47.3,25089585,,
2023:Q1,pct60to80,14.8,19.2,18.8,21.9,12.7,14.7,11.2,11.5,11.5,NA,10.5,10.7,6.9,6.7,14.4,23.2,15.3,25.3,8,21.6,23.7,23.7,24,26,15.1,7,15.7,13.6,26407819,,
2023:Q1,pct40to60,9.2,13.4,13,15.6,7.3,9.6,6.3,5.8,5.8,NA,3.9,3.1,15.8,3.9,9.1,6.8,6,13.5,6.8,18.3,14.7,14.7,13.6,18.8,10,7.9,10.1,8.5,26415316,,
2023:Q1,pct20to40,4.9,7.9,7.5,9.9,3.5,6.5,3.1,2.6,2.6,NA,0.6,0.5,1.2,1.1,3.2,2.9,1.9,8.3,2.3,12.8,7.5,7.5,5.9,12.8,7.6,1.3,3.6,4.6,26403921,,
2023:Q1,pct00to20,3.2,5.3,5,6.9,2.2,3.4,1.5,3.4,3.4,NA,1.9,1.9,1.9,1.9,2.7,0.5,0.8,1.2,3.4,6.8,4.3,4.3,3.1,7.4,9.3,2.4,2.8,3,26409007,,
2023:Q2,pct99to100,21.3,12.4,12.7,10.3,25.5,20.3,19.2,30.1,30.1,NA,36.5,38,14.6,37.4,21,3.1,11.6,3.4,38.7,6.9,7.6,7.6,7.5,3.3,30.7,26.6,15.2,23,1322709,,
2023:Q2,pct80to99,46.8,42.1,43.3,35.4,49,45.5,58.9,46.6,46.6,NA,46.8,45.8,59.7,49.1,49.7,63.1,64,48.3,40.8,33.6,42.3,42.2,45.9,31.8,27.7,55.2,52.6,47.4,25114009,,
2023:Q2,pct60to80,14.8,19.2,18.7,21.9,12.7,14.7,11.1,11.5,11.5,NA,10.5,10.8,6.9,6.7,14.3,23.3,15.6,25.4,8,21.6,23.7,23.7,24,26.1,15.2,6.9,15.7,13.6,26433527,,
2023:Q2,pct40to60,9.1,13.1,12.7,15.6,7.2,9.6,6.2,5.8,5.8,NA,3.9,3.1,15.8,3.8,9.1,7,6.1,13.5,6.9,18.3,14.7,14.7,13.7,18.7,9.9,7.9,10.1,8.4,26441031,,
2023:Q2,pct20to40,4.9,7.8,7.5,9.9,3.5,6.5,3.1,2.5,2.5,NA,0.6,0.5,1.1,1.1,3.2,2.9,1.9,8.2,2.2,12.8,7.5,7.5,5.9,12.9,7.4,1.3,3.6,4.5,26429624,,
2023:Q2,pct00to20,3.2,5.4,5.1,6.9,2.2,3.4,1.5,3.4,3.4,NA,1.9,1.9,1.8,1.8,2.8,0.5,0.8,1.2,3.4,6.8,4.2,4.2,3.1,7.2,9.1,2.2,2.8,3.1,26434716,,
2023:Q3,pct99to100,21.1,12.4,12.7,10.3,25.3,20.2,19.7,30.1,30.1,NA,35.9,37.5,14.6,37.3,21,3,11.6,3.4,38.7,6.9,7.6,7.6,7.6,3.4,30.8,25.6,15.9,22.9,1322085,,
2023:Q3,pct80to99,46.8,42.2,43.3,35.4,49,45.4,58.8,46.4,46.4,NA,46.9,45.9,59.7,49.3,49.7,62.5,64.2,48.3,40.8,33.6,42.3,42.3,45.8,31.8,27.7,57,52.4,47.4,25102173,,
2023:Q3,pct60to80,14.8,19.2,18.7,21.9,12.7,14.8,10.9,11.6,11.6,NA,10.3,10.6,6.9,6.7,14.3,23.6,15.5,25.3,8,21.6,23.7,23.7,24,26.2,15.3,6.8,15.5,13.7,26421068,,
2023:Q3,pct40to60,9.2,13.1,12.6,15.6,7.3,9.6,6.1,5.8,5.8,NA,4.2,3.4,15.8,3.9,9.1,7.5,6,13.5,6.9,18.3,14.7,14.7,13.7,18.7,9.8,7.6,9.8,8.4,26428569,,
2023:Q3,pct20to40,4.9,7.8,7.5,9.9,3.5,6.5,3.2,2.5,2.5,NA,0.8,0.8,1.1,1.1,3.2,2.9,1.9,8.3,2.2,12.8,7.5,7.5,5.9,12.9,7.3,1.1,3.5,4.6,26417168,,
2023:Q3,pct00to20,3.2,5.4,5.1,6.9,2.2,3.4,1.4,3.5,3.5,NA,1.8,1.8,1.8,1.8,2.7,0.5,0.8,1.2,3.4,6.8,4.2,4.2,3.1,7,9,1.9,2.8,3.1,26422257,,
2023:Q4,pct99to100,21.5,12.4,12.7,10.3,25.6,20.3,20.1,30.2,30.2,NA,36.2,37.7,14.7,37.7,21,3.1,11.6,3.4,38.7,6.9,7.6,7.6,7.6,3.4,30.8,25.6,16.4,23.3,1322758,,
2023:Q4,pct80to99,46.8,42.2,43.3,35.4,49,45.5,58.7,45.8,45.8,NA,46.8,45.9,59.8,49,49.7,63.1,63.6,48.4,40.8,33.6,42.3,42.3,45.8,31.8,27.7,56.9,52.3,47.4,25114948,,
2023:Q4,pct60to80,14.7,19.2,18.7,21.9,12.7,14.8,10.7,11.9,11.9,NA,10.4,10.6,6.9,6.7,14.3,23.4,15.9,25.4,8,21.6,23.7,23.7,23.9,26.3,15.3,6.8,15.4,13.6,26434515,,
2023:Q4,pct40to60,9,13.1,12.7,15.5,7.1,9.6,6,5.9,5.9,NA,4.1,3.3,15.8,3.8,9.1,7,6.2,13.5,6.8,18.3,14.7,14.7,13.7,18.7,9.8,7.7,9.6,8.3,26442020,,
2023:Q4,pct20to40,4.8,7.8,7.4,9.9,3.4,6.5,3.2,2.5,2.5,NA,0.7,0.7,1.1,1.1,3.2,2.9,1.9,8.1,2.3,12.8,7.6,7.6,5.9,13,7.3,1.1,3.5,4.4,26430613,,
2023:Q4,pct00to20,3.2,5.4,5.1,6.9,2.2,3.4,1.4,3.8,3.8,NA,1.8,1.8,1.8,1.8,2.8,0.5,0.8,1.2,3.4,6.8,4.1,4.1,3.1,6.8,9,2,2.8,3,26435704,,
2024:Q1,pct99to100,21.8,12.4,12.7,10.4,26,20.3,20.2,30.2,30.2,NA,36.1,37.7,14.7,38.1,21,3.1,11.6,3.4,38.7,6.9,7.6,7.6,7.6,3.4,30.6,24.4,17.6,23.5,1327122,,
2024:Q1,pct80to99,46.9,42.3,43.5,35.3,48.9,45.5,58.7,46,46,NA,46.8,45.9,59.9,48.7,49.7,62.9,63.3,48.4,40.8,33.5,42.4,42.4,45.8,31.8,27.7,59.2,51.9,47.4,25197802,,
2024:Q1,pct60to80,14.7,19.2,18.7,21.9,12.6,14.7,10.7,11.8,11.8,NA,10.4,10.6,6.8,6.8,14.3,23.4,16.2,25.4,8,21.6,23.6,23.6,23.9,26.1,15.2,6.5,15.1,13.5,26521723,,
2024:Q1,pct40to60,8.9,13,12.6,15.5,7,9.6,6,5.9,5.9,NA,4.1,3.3,15.7,3.7,9.1,7.2,6.3,13.4,6.8,18.3,14.7,14.7,13.7,18.7,9.9,7.4,9.2,8.2,26529252,,
2024:Q1,pct20to40,4.7,7.8,7.4,9.9,3.3,6.5,3.2,2.5,2.5,NA,0.7,0.7,1,1,3.1,2.9,1.9,8.1,2.3,12.8,7.5,7.5,5.9,13,7.4,0.9,3.4,4.4,26517807,,
2024:Q1,pct00to20,3.1,5.4,5.1,7,2.1,3.4,1.4,3.7,3.7,NA,1.8,1.8,1.8,1.7,2.8,0.5,0.7,1.2,3.4,6.8,4.2,4.2,3.1,7,9.1,1.6,2.8,3,26522916,,
2024:Q2,pct99to100,21.8,12.4,12.7,10.4,26.1,20.2,20.3,30.2,30.2,NA,36,37.6,14.7,38.2,21.1,3,11.6,3.4,38.7,6.9,7.6,7.6,7.6,3.5,31,23.8,17.6,23.5,1329903,,
2024:Q2,pct80to99,46.9,42.5,43.7,35.3,48.9,45.4,58.6,45.7,45.7,NA,46.9,45.9,60.1,48.6,49.7,62.8,63.2,48.4,40.8,33.5,42.5,42.4,45.7,31.8,27.7,60.3,51.9,47.4,25250596,,
2024:Q2,pct60to80,14.7,19.2,18.7,21.9,12.6,14.8,10.6,12,12,NA,10.3,10.6,6.8,6.8,14.3,23.5,16.3,25.4,8,21.6,23.6,23.6,23.9,26.2,15.3,6.4,15.1,13.6,26577290,,
2024:Q2,pct40to60,8.8,12.8,12.4,15.5,7,9.6,5.9,5.9,5.9,NA,4.2,3.4,15.7,3.7,9.1,7.3,6.3,13.4,6.8,18.3,14.7,14.7,13.8,18.7,9.8,7.3,9.2,8.1,26584836,,
2024:Q2,pct20to40,4.7,7.7,7.4,9.9,3.3,6.5,3.2,2.4,2.4,NA,0.8,0.8,1,1,3.1,2.9,1.9,8,2.3,12.8,7.5,7.5,5.9,13.1,7.2,0.8,3.4,4.4,26573367,,
2024:Q2,pct00to20,3.1,5.4,5.1,7,2.1,3.5,1.3,3.8,3.8,NA,1.8,1.8,1.7,1.7,2.8,0.5,0.7,1.2,3.4,6.8,4.1,4.1,3.2,6.8,9,1.4,2.8,3,26578486,,
2024:Q3,pct99to100,22.1,12.4,12.7,10.3,26.4,20.2,20.7,30.3,30.3,NA,36.6,38,14.8,38.4,21.1,3,11.6,3.4,38.7,6.9,7.6,7.6,7.6,3.5,31.4,23.6,16.3,23.9,1331852,,
2024:Q3,pct80to99,46.9,42.5,43.7,35.3,48.8,45.4,58.5,45.2,45.2,NA,46.7,45.8,60.3,48.4,49.7,62.6,62.9,48.5,40.8,33.5,42.4,42.4,45.7,31.7,27.7,60.6,52.3,47.4,25287608,,
2024:Q3,pct60to80,14.6,19.2,18.7,21.9,12.5,14.8,10.5,12.2,12.2,NA,10.5,10.8,6.8,6.8,14.3,23.5,16.5,25.4,8,21.6,23.6,23.6,23.9,26.1,15.4,6.4,15.4,13.5,26616247,,
2024:Q3,pct40to60,8.7,12.9,12.4,15.5,6.9,9.6,5.9,5.9,5.9,NA,3.8,3,15.6,3.6,9.1,7.4,6.4,13.4,6.8,18.4,14.7,14.7,13.8,18.7,9.7,7.2,9.7,8,26623803,,
2024:Q3,pct20to40,4.6,7.8,7.4,9.9,3.2,6.5,3.2,2.4,2.4,NA,0.5,0.5,0.8,1,3.1,2.9,1.9,8,2.3,12.8,7.5,7.5,5.9,13,7,0.8,3.5,4.3,26612317,,
2024:Q3,pct00to20,3.1,5.4,5.1,7,2.1,3.5,1.3,4,4,NA,1.9,1.9,1.7,1.7,2.8,0.5,0.7,1.2,3.4,6.8,4.1,4.1,3.2,6.9,8.8,1.4,2.8,3,26617444,,
2024:Q4,pct99to100,22.1,12.4,12.7,10.3,26.4,20.3,21.2,30.2,30.2,NA,34.7,36.4,14.8,38.5,21.1,3,11.6,3.4,38.7,6.9,7.5,7.5,7.6,3.4,38,22.5,16.3,23.9,1333732,,
2024:Q4,pct80to99,46.9,42.4,43.6,35.4,48.8,45.5,58.4,45.4,45.4,NA,47.3,46.2,60.5,48.4,49.7,62.8,62.9,48.5,40.8,33.5,42.7,42.7,45.6,31.7,27,62.7,52.3,47.4,25323305,,
2024:Q4,pct60to80,14.5,19.2,18.7,21.9,12.5,14.8,10.2,12.1,12.1,NA,9.8,10.1,6.8,6.8,14.3,23.5,16.5,25.4,8,21.6,23.5,23.5,23.8,26,17.1,6.2,15.4,13.5,26653819,,
2024:Q4,pct40to60,8.7,12.9,12.5,15.5,6.9,9.6,5.8,5.9,5.9,NA,5.1,4.3,15.5,3.6,9.1,7.3,6.4,13.4,6.9,18.4,14.7,14.7,13.8,18.8,7.9,7,9.7,8,26661386,,
2024:Q4,pct20to40,4.6,7.8,7.4,9.9,3.2,6.5,3.2,2.4,2.4,NA,1.5,1.5,0.7,1,3.1,2.9,1.9,8,2.3,12.8,7.4,7.4,5.9,13,3.7,0.6,3.5,4.3,26649884,,
2024:Q4,pct00to20,3.1,5.4,5.1,7,2.1,3.4,1.2,4,4,NA,1.6,1.6,1.6,1.7,2.8,0.5,0.7,1.2,3.4,6.8,4.1,4.1,3.2,7.1,6.2,1,2.8,3,26655018,,
2025:Q1,pct99to100,22,12.4,12.7,10.4,26.3,20.3,21.3,30.3,30.3,NA,35,36.6,14.9,38.4,21.1,3.1,11.6,3.4,38.7,6.9,7.4,7.4,7.6,3.4,42.1,22.6,18.4,23.8,1343152,,
2025:Q1,pct80to99,46.9,42.5,43.8,35.2,48.9,45.5,58.4,45.2,45.2,NA,47.2,46.1,60.8,48.5,49.7,62.9,63.1,48.5,40.8,33.5,42.7,42.7,45.7,31.7,26.7,62.5,51.7,47.4,25502165,,
2025:Q1,pct60to80,14.6,19.2,18.7,21.9,12.5,14.7,10.2,12.2,12.2,NA,9.9,10.2,6.8,6.8,14.3,23.4,16.3,25.4,8,21.6,23.5,23.5,23.8,25.9,18.2,6.2,14.9,13.5,26842076,,
2025:Q1,pct40to60,8.8,12.9,12.4,15.4,6.9,9.6,5.7,5.9,5.9,NA,4.9,4.1,15.5,3.6,9.1,7.2,6.4,13.4,6.8,18.4,14.8,14.8,13.8,18.8,6.9,7,8.9,8,26849697,,
2025:Q1,pct20to40,4.7,7.7,7.3,10,3.3,6.5,3.2,2.4,2.4,NA,1.3,1.4,0.6,1,3.1,2.9,1.9,8,2.3,12.8,7.4,7.4,5.9,13,1.6,0.7,3.4,4.3,26838114,,
2025:Q1,pct00to20,3.1,5.4,5.1,7.1,2.1,3.4,1.2,4,4,NA,1.6,1.6,1.5,1.7,2.8,0.5,0.7,1.2,3.4,6.8,4.1,4.1,3.2,7.1,4.6,1,2.8,3,26843284,,
2025:Q2,pct99to100,22.3,12.4,12.7,10.4,26.7,20.3,21.3,30.3,30.3,NA,34.9,36.5,14.9,38.7,21.1,3,11.6,3.4,38.7,6.9,7.3,7.3,7.6,3.4,44.7,21.7,17.9,24.1,1351741,,
2025:Q2,pct80to99,46.9,42.6,43.9,35.2,48.8,45.5,58.3,45.1,45.1,NA,47.2,46.1,61,48.2,49.7,62.7,62.7,48.5,40.8,33.5,42.9,42.9,45.6,31.7,26.4,64.1,51.8,47.4,25665243,,
2025:Q2,pct60to80,14.5,19.2,18.7,21.9,12.4,14.7,10.2,12.3,12.3,NA,9.9,10.1,6.8,6.9,14.3,23.5,16.7,25.4,8,21.6,23.5,23.5,23.8,26,18.8,6,15,13.4,27013723,,
2025:Q2,pct40to60,8.6,12.8,12.3,15.4,6.8,9.6,5.7,5.9,5.9,NA,5,4.2,15.4,3.6,9.1,7.4,6.5,13.4,6.8,18.4,14.8,14.8,13.8,18.8,6.2,6.8,9.1,7.9,27021392,,
2025:Q2,pct20to40,4.6,7.7,7.3,10,3.2,6.5,3.2,2.4,2.4,NA,1.4,1.4,0.4,1,3.1,2.9,1.9,8,2.3,12.8,7.4,7.4,5.9,13,0.3,0.5,3.4,4.2,27009735,,
2025:Q2,pct00to20,3.1,5.4,5.1,7.1,2.1,3.4,1.2,4.1,4.1,NA,1.6,1.6,1.4,1.6,2.8,0.5,0.6,1.2,3.4,6.8,4.1,4.1,3.2,7.1,3.6,0.8,2.8,3,27014938,,
2025:Q3,pct99to100,22.7,12.4,12.7,10.3,27.1,20.3,21.6,30.3,30.3,NA,35,36.5,15,39,21.1,3,11.6,3.4,38.7,6.9,7.3,7.3,7.6,3.4,45.3,20.5,15.5,24.5,1355868,,
2025:Q3,pct80to99,46.9,42.5,43.8,35.3,48.7,45.5,58.3,44.9,44.9,NA,47.2,46.1,61.4,48,49.7,62.5,62.4,48.5,40.8,33.5,43,43,45.6,31.7,26.4,66.4,52.6,47.3,25743588,,
2025:Q3,pct60to80,14.4,19.2,18.7,21.9,12.3,14.7,10.1,12.3,12.3,NA,9.9,10.1,6.8,6.9,14.3,23.6,16.9,25.4,8,21.6,23.4,23.5,23.8,25.9,19,5.8,15.6,13.3,27096184,,
2025:Q3,pct40to60,8.5,12.8,12.4,15.5,6.7,9.6,5.7,5.9,5.9,NA,5,4.2,15.3,3.5,9.1,7.5,6.6,13.4,6.9,18.4,14.7,14.8,13.9,18.8,6,6.6,10,7.8,27103877,,
2025:Q3,pct20to40,4.5,7.7,7.4,10,3.1,6.5,3.2,2.4,2.4,NA,1.4,1.5,0.2,1,3.1,2.9,1.9,8,2.3,12.8,7.4,7.4,5.9,13,0,0.3,3.5,4.2,27092184,,
2025:Q3,pct00to20,3,5.4,5.1,7.1,2,3.4,1.2,4.1,4.1,NA,1.6,1.6,1.3,1.6,2.8,0.5,0.6,1.2,3.4,6.8,4.1,4.1,3.2,7.1,3.3,0.4,2.8,2.9,27097403,,
2025:Q4,pct99to100,22.8,12.3,12.7,10.2,27.2,20.3,22,30.3,30.3,NA,34.8,36.3,15.1,39.1,21.1,3,11.6,3.5,38.7,6.9,7.3,7.2,7.6,3.5,45.5,19.5,17,24.6,1354601,,
2025:Q4,pct80to99,46.9,42.4,43.6,35.4,48.7,45.5,58.1,44.8,44.8,NA,47.3,46.2,61.7,48,49.7,62.6,62.3,48.5,40.8,33.4,43.1,43.1,45.6,31.7,26.3,68.3,52.1,47.3,25719539,,
2025:Q4,pct60to80,14.3,19.2,18.7,21.9,12.3,14.7,9.9,12.4,12.4,NA,9.8,10.1,6.7,6.9,14.3,23.6,17,25.5,8,21.6,23.4,23.4,23.8,26,19,5.6,15.2,13.3,27070872,,
2025:Q4,pct40to60,8.5,12.9,12.4,15.5,6.7,9.6,5.6,6,6,NA,5.1,4.3,15.2,3.5,9.1,7.4,6.6,13.4,6.9,18.4,14.7,14.7,13.9,18.8,5.9,6.4,9.4,7.8,27078558,,
2025:Q4,pct20to40,4.5,7.8,7.4,9.9,3.1,6.5,3.2,2.3,2.3,NA,1.5,1.6,0.1,1,3.1,2.9,1.9,7.9,2.3,12.9,7.4,7.4,5.9,13,0,0.2,3.5,4.1,27066876,,
2025:Q4,pct00to20,3,5.4,5.1,7.1,2,3.4,1.1,4.2,4.2,NA,1.6,1.6,1.2,1.6,2.8,0.5,0.6,1.3,3.4,6.8,4,4,3.2,7,3.2,0.1,2.8,2.9,27072090,,
2026:Q1,pct99to100,22.7,12.3,12.7,10.2,27.1,20.4,22.2,30.3,30.3,NA,35.4,36.8,15.1,39,21.1,3,11.6,3.5,38.7,6.9,7.3,7.2,7.7,3.4,45.4,19.2,20.5,24.5,1352315,,
2026:Q1,pct80to99,46.9,42.5,43.8,35.3,48.7,45.6,58.1,44.9,44.9,NA,47.1,46.1,61.9,48,49.7,62.7,62.4,48.6,40.8,33.4,43.2,43.2,45.5,31.7,26.3,68.8,51,47.3,25676139,,
2026:Q1,pct60to80,14.4,19.2,18.7,21.9,12.3,14.6,9.8,12.4,12.4,NA,10,10.3,6.7,6.9,14.3,23.5,16.9,25.5,8,21.6,23.4,23.4,23.8,25.9,19,5.5,14.4,13.3,27025192,,
2026:Q1,pct40to60,8.5,12.8,12.3,15.5,6.7,9.6,5.6,6,6,NA,4.6,3.9,15.1,3.5,9.1,7.4,6.6,13.4,6.9,18.4,14.7,14.8,13.9,18.8,6,6.3,8.2,7.8,27032865,,
2026:Q1,pct20to40,4.5,7.8,7.3,10,3.1,6.4,3.2,2.4,2.4,NA,1.2,1.2,0,1,3.1,2.9,1.9,7.9,2.2,12.9,7.4,7.4,5.9,13,0,0.1,3.2,4.2,27021202,,
2026:Q1,pct00to20,3,5.4,5.1,7.2,2,3.3,1.1,4.2,4.2,NA,1.6,1.7,1.1,1.6,2.8,0.5,0.6,1.3,3.4,6.8,4.1,4.1,3.2,7.2,3.3,0,2.8,2.9,27026408,,
