Date,Category,Assets,Nonfinancial assets,Real estate,Consumer durables,Financial assets,Deposits,Money market fund shares,Debt securities,U.S. government and municipal securities,Corporate and foreign bonds,Loans (Assets),Other loans and advances (Assets),Mortgages,Corporate equities and mutual fund shares,Life insurance reserves,Annuities,DC pension entitlements,DB pension entitlements,Miscellaneous other equity,Miscellaneous assets,Liabilities,Loans (Liabilities),Home mortgages,Consumer credit,Depository institutions loans n.e.c.,Other loans and advances (Liabilities),Deferred and unpaid life insurance premiums,Net worth,Household count,Minimum Income Cutoff,Maximum Income Cutoff
1989:Q3,pct99to100,3549714,801362,535482,265880,2748352,318265,98059,396865,305383,91482,71380,64729,6652,751191,42018,11265,95128,106980,840175,17027,151768,150032,99228,27117,1333,22354,1736,3397946,932085,244112,269339680
1989:Q3,pct80to99,10452052,3736847,3036663,700183,6715206,1223795,172541,398456,367889,30567,128004,47779,80225,926531,174315,201804,412070,1556892,1424002,96796,1484790,1476990,1149679,250302,1680,75329,7801,8967262,17675318,52161,244112
1989:Q3,pct60to80,4217051,1839535,1408279,431257,2377516,529881,58029,130248,98270,31977,26458,13811,12647,227156,76656,67856,82485,847327,281268,50152,838755,835324,565700,244684,386,24554,3431,3378296,18601249,32302,52161
1989:Q3,pct40to60,2972791,1250833,999838,250995,1721958,453567,19935,79930,64065,15865,24564,7577,16987,120511,33775,40254,39305,628717,247878,33521,425094,423581,258913,159522,730,4417,1512,2547697,18605233,20512,32291
1989:Q3,pct20to40,1748750,841808,669590,172218,906942,317186,11911,32903,31499,1405,38974,34266,4708,41505,21362,6687,49067,238036,128551,20759,189179,188223,113386,69864,249,4724,956,1559571,18612879,10366,20458
1989:Q3,pct00to20,652405,318964,243317,75647,333442,113774,2168,8077,6817,1260,4486,701,3785,23550,12066,966,7137,104377,47747,9093,63188,62648,24249,32719,154,5526,540,589218,18593339,0,10361
1989:Q4,pct99to100,3634745,818412,548541,269872,2816333,324880,104260,401517,308844,92673,79049,70696,8353,762027,42297,11948,100748,113680,858635,17291,160512,158503,105163,27248,1265,24826,2009,3474233,934371,,
1989:Q4,pct80to99,10639321,3790435,3084009,706426,6848886,1242357,179735,406281,371167,35113,133926,55335,78591,958898,179373,207297,429923,1590640,1422259,98198,1509629,1501565,1170413,257038,1634,72479,8064,9129692,17723083,,
1989:Q4,pct60to80,4304003,1863357,1427403,435954,2440646,535694,57360,131514,99266,32248,27977,15238,12739,233610,78164,72300,90472,872730,289615,51210,855916,852454,577288,250780,373,24012,3462,3448087,18647836,,
1989:Q4,pct40to60,3015306,1263102,1007769,255333,1752203,461959,21134,77862,61965,15897,28319,9606,18714,126933,36648,40814,40247,632243,251681,34364,436574,435011,265095,164158,703,5054,1563,2578732,18654257,,
1989:Q4,pct20to40,1772684,846474,668480,177994,926209,319923,12449,32750,30982,1768,40174,34892,5282,45894,22968,7604,47009,250627,125365,21448,198271,197263,115837,76305,263,4858,1008,1574413,18660668,,
1989:Q4,pct00to20,679468,338120,258116,80004,341349,115235,2299,8016,6571,1445,5058,897,4162,24742,12182,1078,6796,107147,49271,9524,66643,66099,26784,33756,150,5409,544,612825,18642024,,
1990:Q1,pct99to100,3615289,821141,555907,265234,2794149,321391,114237,398569,309135,89433,93660,83522,10139,697595,41365,12631,102804,119713,874375,17809,169203,167421,113558,24920,1532,27411,1782,3446086,936661,,
1990:Q1,pct80to99,10648403,3789785,3066426,723360,6858618,1239788,193256,408263,371987,36276,146265,69371,76893,911032,181919,212725,430785,1616857,1416904,100825,1534911,1527016,1200355,250414,2042,74206,7895,9113492,17770491,,
1990:Q1,pct60to80,4349600,1877432,1432347,445085,2472169,536664,57537,129063,98764,30299,31488,18626,12861,225058,79038,76721,91673,894313,297533,53082,864096,860681,594639,242035,461,23546,3415,3485504,18694579,,
1990:Q1,pct40to60,3042651,1276706,1009419,267288,1765945,465470,22806,73834,59150,14684,32327,11727,20600,127518,39075,41356,38425,634363,254799,35973,446303,444666,276182,161789,871,5824,1637,2596348,18703048,,
1990:Q1,pct20to40,1801279,860951,677998,182953,940329,320477,13399,32204,30267,1937,41411,35456,5955,48043,24544,8519,44008,263019,122038,22666,202227,201183,119706,76244,361,4873,1044,1599053,18708356,,
1990:Q1,pct00to20,701155,353952,270889,83064,347202,116680,2424,7332,5803,1529,6093,1491,4602,24265,12052,1190,6506,109678,50747,10235,73647,73123,30960,36918,191,5054,523,627508,18690634,,
1990:Q2,pct99to100,3680972,833037,564225,268812,2847934,318603,111277,411684,321535,90150,95887,83915,11972,712183,40840,13511,105902,126040,894140,17867,178575,176841,121487,24196,1218,29940,1734,3502397,938954,,
1990:Q2,pct80to99,10790055,3837123,3109139,727984,6952932,1238685,184787,423306,382064,41241,148432,73564,74867,948711,185332,224872,436231,1646129,1415218,101229,1557645,1549765,1224122,251036,1668,72940,7880,9232410,17817579,,
1990:Q2,pct60to80,4420805,1893521,1444700,448821,2527284,537992,54524,134274,103964,30310,31485,18584,12901,232539,80134,84209,94789,917521,306333,53484,875500,872104,607181,241522,374,23028,3396,3545306,18741493,,
1990:Q2,pct40to60,3068466,1277099,1005977,271121,1791367,469356,22872,73286,58733,14553,36753,14392,22360,134591,41670,43470,37277,637037,258860,36196,457560,455858,285155,163488,703,6512,1703,2610906,18751642,,
1990:Q2,pct20to40,1821630,867100,678619,188481,954530,321188,12922,32549,30205,2344,40913,34416,6497,52811,26141,9750,41113,275563,118652,22927,209497,208411,123089,80039,318,4965,1085,1612134,18755973,,
1990:Q2,pct00to20,725772,369668,282500,87168,356104,118137,2571,8722,6987,1735,6419,1462,4957,25603,12004,1357,6185,112317,52347,10442,78835,78323,34884,38432,155,4853,512,646937,18739196,,
1990:Q3,pct99to100,3583510,839557,578819,260738,2743953,318215,120137,425807,337206,88601,99673,85790,13883,554751,39897,14052,106026,131893,915364,18138,186253,184593,127995,23720,516,32362,1660,3397256,941252,,
1990:Q3,pct80to99,10707234,3850406,3110159,740247,6856829,1242600,196266,438677,394199,44478,152325,79591,72734,799372,187892,225257,427452,1669924,1414402,102662,1573373,1565530,1245157,254024,725,65624,7843,9133861,17864388,,
1990:Q3,pct60to80,4456177,1917125,1462602,454523,2539052,540489,54315,139982,110816,29165,31918,18968,12951,204862,81015,86342,92067,937978,315513,54570,888016,884643,618570,243510,162,22402,3372,3568162,18788591,,
1990:Q3,pct40to60,3097752,1297883,1016160,281723,1799869,474443,24418,72478,58709,13769,41547,17320,24227,127291,44120,42825,33770,638671,263243,37062,467340,465570,291950,166283,301,7037,1770,2630412,18800074,,
1990:Q3,pct20to40,1849963,886515,695387,191128,963448,322420,13743,32855,30202,2653,40222,33127,7095,51761,27734,10433,37491,287988,115168,23633,217112,215985,125778,84844,148,5215,1127,1632851,18803548,,
1990:Q3,pct00to20,749108,387395,299600,87795,361714,119610,2703,10674,8784,1890,6872,1525,5348,22957,11872,1428,5923,114785,54005,10884,83260,82761,37816,39920,65,4960,499,665848,18787733,,
1990:Q4,pct99to100,3726270,841152,585038,256114,2885118,324245,123894,449540,353892,95648,109609,93761,15848,624563,39017,14741,112448,137956,930714,18392,193056,191212,132791,22892,557,34971,1844,3533214,943556,,
1990:Q4,pct80to99,10883445,3822114,3072628,749486,7061331,1259914,199080,465491,406533,58957,162060,91678,70383,899249,190600,230672,447831,1695823,1406603,104008,1596643,1588614,1263936,256720,813,67145,8030,9286802,17910958,,
1990:Q4,pct60to80,4541322,1919937,1460693,459244,2621385,546064,52859,151041,118295,32746,34109,21154,12955,224252,81937,90775,101499,959573,323674,55601,899999,896609,629523,244981,179,21926,3389,3641323,18835889,,
1990:Q4,pct40to60,3147021,1309142,1019056,290085,1837879,482680,25329,74219,58579,15640,46372,20320,26053,139660,46607,43356,34914,640682,266184,37876,474973,473147,296369,168636,333,7809,1826,2672048,18848380,,
1990:Q4,pct20to40,1874940,892341,697687,194653,982600,325023,14000,33812,30109,3703,38905,31273,7632,58812,29335,11353,35003,300537,111516,24304,223402,222226,127665,89145,180,5236,1177,1651538,18851111,,
1990:Q4,pct00to20,774292,400753,311293,89460,373539,121104,2843,13263,10861,2403,7679,1982,5697,25677,11753,1540,5500,117332,55540,11307,86730,86231,39528,42017,74,4612,498,687563,18836269,,
1991:Q1,pct99to100,3864238,846213,588682,257531,3018025,322975,140616,432836,336206,96630,112023,94206,17817,737522,38156,15322,120989,144017,935112,18457,198178,196450,137762,20211,932,37545,1728,3666060,945867,,
1991:Q1,pct80to99,11100678,3824550,3068152,756398,7276128,1261996,223578,462947,394905,68043,165485,97806,67678,1046020,193367,232450,477905,1721481,1386456,104443,1605471,1597516,1281280,248572,1427,66236,7956,9495207,17957327,,
1991:Q1,pct60to80,4613759,1924820,1460849,463971,2688939,548173,54197,142112,108887,33225,33990,21166,12825,251826,82876,93537,115214,981106,329877,56030,898810,895451,639181,234553,310,21407,3359,3714949,18883401,,
1991:Q1,pct40to60,3178209,1311083,1015132,295952,1867125,487409,27848,68065,52294,15771,51523,23948,27575,155276,49116,43039,37628,642630,266470,38121,476824,474928,300552,165280,578,8519,1896,2701385,18896595,,
1991:Q1,pct20to40,1894682,894444,694095,200349,1000238,326071,15668,33021,28594,4427,36921,29023,7898,67386,30946,12100,32744,313134,107666,24582,224448,223231,129539,88025,347,5320,1217,1670234,18898690,,
1991:Q1,pct00to20,792912,414077,320493,93584,378835,122595,2962,9534,6784,2750,7873,2002,5871,29383,11638,1622,4994,119879,56833,11524,91948,91465,41376,45568,133,4388,483,700964,18884830,,
1991:Q2,pct99to100,3857842,852535,598488,254047,3005307,307751,135564,444100,347404,96696,110641,90752,19889,714011,37775,15978,125205,150286,945439,18557,206498,204934,145532,19004,273,40125,1564,3651344,948186,,
1991:Q2,pct80to99,11128165,3841752,3080035,761717,7286414,1234973,211525,481003,403648,77355,166152,101164,64989,1045234,197159,236716,487397,1749235,1371975,105044,1625671,1617830,1305472,246912,433,65013,7841,9502494,18003536,,
1991:Q2,pct60to80,4662683,1936885,1470172,466714,2725798,543660,50760,146853,113553,33300,32778,20014,12763,252158,84076,97445,120382,1003768,337346,56572,907973,904651,652190,231487,94,20880,3322,3754710,18931142,,
1991:Q2,pct40to60,3201053,1320144,1017827,302317,1880909,485398,27682,66654,50982,15672,57557,28197,29361,159979,51820,43300,36932,644959,268157,38471,486484,484516,309412,165710,172,9222,1968,2714569,18944754,,
1991:Q2,pct20to40,1913857,905268,701511,203757,1008589,324162,14963,33430,28246,5184,34971,26626,8344,71458,32579,12966,29508,325852,103768,24933,230288,229033,132882,90626,113,5412,1256,1683568,18946316,,
1991:Q2,pct00to20,816413,429925,334779,95146,386488,124074,3121,10863,7753,3110,7937,1775,6161,29977,11620,1725,4587,122503,58301,11780,97413,96947,45163,47567,39,4178,465,719000,18933439,,
1991:Q3,pct99to100,3931830,855071,610752,244318,3076759,299842,135948,453451,362839,90611,114827,92874,21953,760754,36432,16610,132238,156508,951492,18658,215398,213998,152441,18470,214,42873,1400,3716432,950514,,
1991:Q3,pct80to99,11249679,3850220,3077327,772893,7399459,1223225,208587,491061,415059,76002,172356,110361,61995,1121090,198956,240106,509895,1776256,1352273,105654,1639299,1631574,1313191,245366,359,72657,7726,9610380,18049624,,
1991:Q3,pct60to80,4740864,1956246,1484685,471561,2784617,542652,48497,149635,120347,29288,33121,20552,12569,266370,84774,100950,131224,1026115,344158,57122,904899,901614,652084,228936,77,20518,3284,3835965,18979127,,
1991:Q3,pct40to60,3241494,1338699,1025446,313253,1902795,486971,28183,63284,50100,13183,63388,32559,30829,170325,54173,43357,38357,647135,268796,38827,492457,490417,313115,166994,140,10168,2040,2749037,18992894,,
1991:Q3,pct20to40,1946458,926498,720376,206122,1019960,323817,14849,33183,27954,5229,31836,23324,8512,78015,34191,13790,26650,338604,99737,25289,236161,234867,135093,94395,102,5277,1294,1710297,18994016,,
1991:Q3,pct00to20,843185,447131,351803,95328,396053,125575,3269,12647,9499,3148,8209,1938,6271,32198,11407,1821,4078,125112,59698,12039,100918,100471,48580,48339,32,3520,448,742266,18982121,,
1991:Q4,pct99to100,4129239,862301,622220,240081,3266938,298492,138541,456855,369593,87262,124969,101061,23908,921683,35594,17260,140376,162805,951491,18871,225890,224608,160345,18227,389,45648,1282,3903349,952851,,
1991:Q4,pct80to99,11520120,3861780,3084188,777592,7658340,1225195,209313,500541,420411,80130,184426,125843,58584,1319365,201832,244080,537424,1803897,1325469,106799,1670893,1663244,1333711,247826,698,81009,7649,9849227,18095631,,
1991:Q4,pct60to80,4842175,1971682,1497832,473850,2870493,544800,46693,149960,122884,27076,35127,23004,12123,302161,85747,104727,144400,1048835,350014,58028,915900,912647,661794,230528,146,20178,3253,3926274,19027370,,
1991:Q4,pct40to60,3287975,1352678,1032903,319775,1935297,491778,28962,59444,47713,11731,68361,36766,31595,188960,56732,43547,40613,649415,267965,39517,504679,502569,321168,169997,267,11136,2110,2783296,19041049,,
1991:Q4,pct20to40,1971650,936681,727228,209453,1034968,324879,14974,32968,27317,5651,26712,18605,8107,88241,35826,14644,23851,351431,95565,25877,244708,243373,138335,99695,216,5127,1335,1726942,19041822,,
1991:Q4,pct00to20,869912,462910,366214,96695,407002,127102,3415,13060,9702,3358,8578,2571,6007,36954,11297,1921,3514,127750,60989,12421,105159,104726,52527,49308,64,2828,432,764753,19030901,,
1992:Q1,pct99to100,4084346,871071,631115,239957,3213275,262290,147226,466604,380450,86155,115864,89943,25921,880187,34807,17844,143038,170506,955820,19088,236062,234864,169616,16643,427,48178,1198,3848284,955200,,
1992:Q1,pct80to99,11509146,3886878,3107529,779349,7622268,1154265,220095,518638,428370,90268,180391,125221,55169,1301644,204833,245919,538709,1847272,1302540,107963,1669319,1661715,1346645,238564,827,75679,7604,9839827,18141596,,
1992:Q1,pct60to80,4882782,1985823,1510462,475361,2896959,530260,46107,153903,127472,26431,31200,19495,11705,299457,86754,107511,146333,1079630,356854,58950,906400,903172,663794,219642,170,19566,3228,3976381,19075887,,
1992:Q1,pct40to60,3299899,1360191,1036189,324002,1939708,479540,30512,56916,45742,11174,75775,43294,32480,192922,59324,43244,38405,654697,268151,40221,510646,508466,328777,167643,310,11737,2179,2789253,19089255,,
1992:Q1,pct20to40,1981539,943158,729109,214049,1038381,318478,15755,33240,26736,6504,23353,15577,7776,92220,37471,15391,19918,364760,91319,26476,249031,247655,141817,100235,279,5324,1377,1732507,19089761,,
1992:Q1,pct00to20,893466,479629,380142,99486,413838,128535,3557,14413,10648,3765,7626,1834,5792,37256,11198,2004,3111,130910,62422,12808,111570,111151,57627,50626,77,2822,419,781897,19079802,,
1992:Q2,pct99to100,4056801,876289,638373,237916,3180512,252304,142873,457090,373760,83330,116412,88446,27965,863821,33363,18536,147717,165397,963658,19342,246158,245023,177559,16065,503,50896,1135,3810644,957560,,
1992:Q2,pct80to99,11583674,3907897,3123197,784700,7675777,1138195,209280,522976,424912,98064,186023,134331,51692,1311330,206480,251115,549271,1909239,1282565,109304,1682108,1674533,1357520,235991,1069,79952,7576,9901566,18187559,,
1992:Q2,pct60to80,4919292,1999348,1520739,478610,2919944,528311,42869,147960,123289,24671,30260,18987,11273,301612,87420,111864,152366,1092772,364517,59990,903766,900560,665222,215979,215,19145,3206,4015526,19124691,,
1992:Q2,pct40to60,3331771,1367486,1036854,330632,1964285,480173,30419,51414,41454,9960,82907,49550,33357,198843,61681,43714,37712,667235,269151,41035,518518,516270,334489,168791,392,12599,2248,2813252,19137548,,
1992:Q2,pct20to40,2001481,953623,734711,218912,1047858,317708,15129,32948,25740,7208,18060,10641,7419,97100,39105,16308,16219,381148,86981,27151,255953,254533,144662,104198,394,5279,1420,1745529,19137863,,
1992:Q2,pct00to20,920052,496631,394180,102450,423422,130055,3711,12478,8373,4105,7378,1818,5560,38137,10965,2115,2629,138742,63974,13237,115940,115534,61791,51308,101,2334,406,804112,19128851,,
1992:Q3,pct99to100,4108634,876870,652654,224217,3231764,247274,141770,464383,386633,77750,113719,83672,30047,899500,33115,19200,154615,160079,978498,19609,254870,253776,184618,15356,273,53528,1094,3853764,959934,225991,213796720
1992:Q3,pct80to99,11738539,3914647,3117238,797410,7823892,1132556,203868,533151,434206,98945,190202,142044,48158,1377032,210655,255352,570193,1970977,1269194,110712,1704170,1696603,1379622,237484,645,78851,7567,10034369,18233559,54012,225991
1992:Q3,pct60to80,5000887,2032624,1548984,483640,2968264,528785,40298,149629,128832,20797,28293,17460,10833,313592,88728,115775,163034,1105437,373615,61078,915107,911919,676867,216311,127,18613,3188,4085781,19173797,34261,54012
1992:Q3,pct40to60,3404860,1403496,1059616,343879,2001364,483298,30730,46975,39479,7496,91233,56987,34246,208568,64507,43960,38761,679644,271795,41892,528935,526619,342032,171038,229,13320,2316,2875925,19185963,20498,34261
1992:Q3,pct20to40,2050972,990561,769775,220785,1060411,318027,14854,32567,25136,7431,12392,5341,7051,103702,40783,17178,12800,397693,82558,27857,263525,262061,147652,108781,259,5370,1464,1787447,19186158,10872,20498
1992:Q3,pct00to20,955222,517514,415721,101793,437708,131610,3860,13850,9618,4232,6902,1581,5321,40183,10975,2218,2056,146650,65721,13682,120618,120224,65088,52962,60,2113,394,834603,19178070,0,10864
1992:Q4,pct99to100,4306870,896244,669336,226908,3410625,265331,134593,474534,389562,84973,124852,95086,29766,1048867,36909,19738,158314,159078,968240,20170,257004,255830,186210,15329,400,53891,1175,4049865,962322,,
1992:Q4,pct80to99,12008509,3950747,3146136,804611,8057762,1141288,195615,528151,429801,98350,186575,139122,47453,1538394,210763,267719,583134,2029473,1265091,111557,1725461,1717965,1392591,247257,918,77199,7496,10283048,18279644,,
1992:Q4,pct60to80,5098470,2060409,1569276,491132,3038061,531795,39787,144830,124779,20051,30375,18737,11638,349341,92296,119878,167517,1127830,372153,62260,936687,933420,692475,221568,202,19174,3267,4161783,19223226,,
1992:Q4,pct40to60,3448611,1418413,1072371,346041,2030199,482320,29984,48119,39922,8197,86069,53604,32465,219751,64490,47569,44490,700245,264632,42532,539877,537579,349023,175141,347,13067,2298,2908735,19234543,,
1992:Q4,pct20to40,2086573,995118,773018,222101,1091455,321074,15817,34681,27084,7597,11712,4806,6906,112228,41427,17100,16751,405638,86586,28441,273297,271828,153690,110967,353,6818,1469,1813277,19234681,,
1992:Q4,pct00to20,980991,524740,422065,102675,456250,132221,4467,13687,9540,4147,6771,1550,5221,43764,11456,2450,3888,149955,73575,14016,124250,123844,66914,54507,89,2334,406,856741,19227491,,
1993:Q1,pct99to100,4409733,913206,666572,246635,3496527,259518,134999,482532,384217,98315,142413,112912,29501,1097414,40613,20133,164837,156029,977361,20677,255985,254715,186332,13327,681,54375,1270,4153748,964728,,
1993:Q1,pct80to99,12156344,3982617,3186716,795901,8173727,1099830,199843,535544,420310,115234,190533,143770,46763,1593000,210644,275573,609420,2065622,1281582,112135,1728061,1720625,1392397,244184,1527,82517,7436,10428283,18325885,,
1993:Q1,pct60to80,5148637,2071081,1578075,493006,3077556,523297,40791,140710,117025,23686,34764,22293,12471,366503,95825,121862,177723,1138723,374088,63269,934892,931542,698432,212857,372,19881,3350,4213745,19273017,,
1993:Q1,pct40to60,3446215,1401887,1065617,336269,2044328,469522,30226,51325,39445,11880,80768,50039,30729,224067,64431,50134,52313,716633,261903,43006,539758,537479,351159,172708,615,12998,2279,2906457,19283359,,
1993:Q1,pct20to40,2097619,982579,755626,226953,1115040,318986,17622,37807,28747,9060,10103,3299,6804,117777,42071,16793,21108,413044,90816,28912,275382,273907,158496,106750,564,8097,1474,1822237,19283494,,
1993:Q1,pct00to20,997355,525349,417499,107850,472006,132749,5087,12637,8062,4575,7243,2094,5149,45173,11917,2644,5583,152562,82121,14290,128108,127690,67889,57437,157,2207,418,869246,19277162,,
1993:Q2,pct99to100,4472028,925579,678187,247391,3546449,268846,129719,479722,370650,109071,158153,128921,29232,1117641,44574,20541,167891,152952,985262,21149,257271,255903,188030,12497,640,54737,1368,4214757,967155,,
1993:Q2,pct80to99,12274887,4024535,3216806,807729,8250352,1089680,194709,528335,405533,122803,194488,148423,46065,1617758,211022,283759,619135,2102002,1296936,112528,1749331,1741954,1409286,250607,1384,80677,7377,10525556,18372364,,
1993:Q2,pct60to80,5214581,2109848,1607227,502621,3104733,522016,40659,131099,106155,24944,38724,25417,13307,378472,99500,124005,180670,1149677,375752,64160,955847,952413,717279,214315,372,20447,3434,4258733,19323214,,
1993:Q2,pct40to60,3477288,1418684,1077472,341212,2058604,464053,29726,52418,38056,14362,76286,47325,28961,226507,64463,52773,57182,733132,258699,43365,549527,547268,359235,174707,591,12735,2259,2927760,19332491,,
1993:Q2,pct20to40,2141289,1002315,773754,228561,1138973,320155,18794,39821,29945,9877,8764,2075,6689,122506,42726,16505,24741,420495,95161,29303,282985,281505,164793,106653,485,9573,1480,1858304,19332668,,
1993:Q2,pct00to20,1021578,535572,426640,108932,486006,133347,5697,10119,5435,4685,7615,2546,5069,45979,12430,2840,7355,155185,90917,14522,132621,132190,69722,59884,146,2439,431,888958,19327141,,
1993:Q3,pct99to100,4582063,936378,690284,246094,3645685,281313,126375,479021,357981,121040,162812,133852,28960,1184964,48665,21021,171624,149946,998243,21700,258023,256557,188424,12101,761,55270,1466,4324040,969607,,
1993:Q3,pct80to99,12460387,4066385,3245365,821021,8394001,1085674,192783,525035,391213,133822,189730,144370,45360,1692245,211631,294140,632027,2139704,1317736,113296,1784738,1777422,1425748,261248,1598,88828,7316,10675649,18419161,,
1993:Q3,pct60to80,5296144,2150743,1638201,512542,3145401,522160,40919,123538,96460,27079,39447,25297,14150,399189,103252,127173,184951,1161252,378217,65303,982724,979206,737256,220262,471,21217,3518,4313420,19373862,,
1993:Q3,pct40to60,3517659,1435180,1087778,347403,2082478,459984,29479,54515,36768,17747,73037,45866,27170,232107,64536,55919,62472,749949,256520,43960,560145,557905,365878,178565,724,12738,2240,2957513,19382017,,
1993:Q3,pct20to40,2194305,1027108,797449,229659,1167197,321987,20193,41895,30921,10975,8832,2264,6568,128653,43388,16326,28420,428020,99624,29859,291631,290146,170611,108208,532,10795,1486,1902674,19382270,,
1993:Q3,pct00to20,1047586,546292,436943,109349,501295,133963,6314,8102,3245,4857,7248,2264,4985,47797,12967,3055,9073,157858,100076,14841,135689,135246,70615,62284,175,2172,443,911897,19377483,,
1993:Q4,pct99to100,4714092,951828,700135,251693,3762264,290151,126998,498022,362889,135133,170492,141802,28689,1252107,52802,21343,174098,146647,1007485,22120,260584,259018,189389,13080,792,55758,1566,4453508,972087,,
1993:Q4,pct80to99,12657878,4113545,3281690,831855,8544333,1073784,197487,544307,389007,155300,188516,143862,44654,1766536,212297,299501,638978,2174738,1334772,113416,1818195,1810940,1437406,277723,1605,94206,7255,10839683,18466355,,
1993:Q4,pct60to80,5380245,2191296,1668844,522453,3188949,520519,42001,126192,94204,31988,41233,26229,15005,419920,107038,128003,186654,1171393,379974,66022,1011087,1007484,752540,232491,518,21935,3603,4369157,19425006,,
1993:Q4,pct40to60,3556505,1451432,1100707,350725,2105074,454041,29756,60923,37412,23511,69734,44365,25369,237696,64620,57894,66672,766330,253256,44151,573640,571420,371907,186077,771,12665,2220,2982865,19432016,,
1993:Q4,pct20to40,2239503,1043985,810885,233100,1195518,323042,22085,45489,32623,12867,8465,2016,6449,134818,44055,15902,31801,435521,104205,30135,304214,302723,176423,113699,502,12098,1491,1935289,19432371,,
1993:Q4,pct00to20,1076519,556904,444481,112423,519615,134578,6956,8870,3612,5258,7146,2243,4902,49611,13512,3225,10795,160457,109451,15013,137792,137336,72012,63098,182,2044,456,938727,19428243,,
1994:Q1,pct99to100,4723983,965446,700708,264738,3758536,295583,128945,535527,389321,146205,177809,149376,28433,1177630,56125,21641,175059,143410,1024175,22633,259137,257464,188810,11406,1113,56135,1674,4464845,974600,,
1994:Q1,pct80to99,12709864,4172077,3339708,832369,8537787,1054542,204479,560707,400518,160189,187689,143728,43962,1691521,211218,304107,638871,2211017,1359666,113969,1827934,1820735,1445361,279926,2205,93243,7199,10881930,18514026,,
1994:Q1,pct60to80,5425177,2218177,1690214,527962,3207000,517227,43367,132741,100242,32499,43037,27149,15888,414356,110403,128490,185339,1182111,382898,67031,1022803,1019113,766459,229353,771,22529,3691,4402373,19476691,,
1994:Q1,pct40to60,3559320,1442545,1095363,347182,2116775,446363,30206,66751,40443,26308,66670,43072,23598,233875,64388,59688,69617,783018,251586,44613,576878,574679,375446,185690,1123,12419,2199,2982442,19482566,,
1994:Q1,pct20to40,2265500,1046439,809117,237322,1219060,323384,24171,49068,35497,13571,8151,1783,6368,136722,44701,15445,34841,443097,108878,30601,308351,306854,181521,111099,651,13582,1497,1957149,19483038,,
1994:Q1,pct00to20,1101783,563842,447259,116583,537941,135199,7616,12258,7059,5199,7079,2234,4844,48396,13889,3388,12525,163104,119202,15284,141726,141257,72356,66402,264,2234,469,960057,19479478,,
1994:Q2,pct99to100,4763111,978640,708687,269952,3784471,296597,124686,579053,421385,157668,180982,152816,28167,1134626,59637,21841,178881,139995,1045083,23090,262287,260501,190506,11978,1491,56526,1787,4500824,977148,,
1994:Q2,pct80to99,12782708,4226448,3383980,842469,8556260,1025931,201108,578469,413544,164924,183807,140554,43253,1649481,210492,305661,652123,2245930,1389013,114245,1854706,1847559,1458162,293628,2892,92878,7146,10928002,18562255,,
1994:Q2,pct60to80,5488397,2256137,1718912,537225,3232260,511832,43467,141256,108314,32942,43744,26975,16769,414483,113877,127572,189694,1192056,386419,67860,1048422,1044642,781950,238459,1093,23140,3779,4439976,19528960,,
1994:Q2,pct40to60,3580238,1449708,1099428,350280,2130530,436495,29846,73411,44137,29274,63846,42072,21774,232078,64220,60762,74701,799523,250745,44902,590265,588087,382521,191817,1562,12187,2179,2989973,19533748,,
1994:Q2,pct20to40,2306803,1063901,823447,240454,1242902,322812,25505,53040,38752,14289,8231,1974,6257,139497,45355,14845,38352,450687,113630,30947,320323,318820,187705,115250,802,15062,1503,1986480,19534341,,
1994:Q2,pct00to20,1133180,575243,456009,119233,557937,135828,8245,16806,11691,5115,6768,2002,4766,47842,14304,3522,14157,165718,129254,15493,144966,144483,74271,67448,369,2395,483,988214,19531244,,
1994:Q3,pct99to100,4853309,985688,716384,269304,3867621,309433,125405,598339,429579,168760,185079,157180,27899,1158013,65726,22172,184451,136735,1058586,23682,265212,263314,191982,12836,1614,56883,1897,4588097,979734,,
1994:Q3,pct80to99,12924345,4252779,3394481,858298,8671566,1021212,206150,576354,412513,163841,181263,138723,42541,1677757,215123,311184,673443,2283102,1410820,115157,1881721,1874632,1471723,309584,3031,90294,7089,11042624,18611121,,
1994:Q3,pct60to80,5573616,2301118,1752681,548437,3272498,511902,44605,138572,106789,31783,44819,27160,17659,427107,118729,128497,197425,1203098,388628,69116,1077087,1073219,798375,249892,1239,23714,3868,4496529,19581860,,
1994:Q3,pct40to60,3625786,1472416,1114769,357647,2153370,432130,30139,76354,45162,31192,61054,41127,19927,234808,65025,62759,81050,816530,247932,45590,604310,602152,389573,198955,1731,11893,2158,3021477,19585639,,
1994:Q3,pct20to40,2362432,1091132,848692,242441,1271299,324716,27491,55422,40820,14603,8162,2021,6141,144356,46093,14440,42145,458378,118524,31571,333153,331643,193877,120374,775,16618,1509,2029279,19586350,,
1994:Q3,pct00to20,1163530,587022,466634,120387,576508,136491,8915,17405,12533,4873,6548,1862,4686,48726,15242,3692,15735,168413,139493,15849,147895,147398,76016,68313,402,2668,496,1015635,19583595,,
1994:Q4,pct99to100,4932064,994521,722362,272159,3937543,321096,129428,663665,481641,182024,189498,161900,27598,1130286,68981,22313,183388,133079,1071607,24201,270190,268180,193803,14913,2041,57424,2010,4661874,982364,,
1994:Q4,pct80to99,12989523,4266113,3398239,867874,8723410,1013681,216860,608317,431661,176655,179433,137644,41789,1651807,213777,310960,664018,2316585,1432263,115709,1925583,1918550,1484314,331862,3755,98619,7033,11063940,18660705,,
1994:Q4,pct60to80,5639644,2335099,1778332,556766,3304545,511350,46440,156730,122363,34367,46028,27514,18514,430000,122088,126784,192158,1212158,390673,70136,1111604,1107646,813511,267983,1649,24503,3958,4528041,19635434,,
1994:Q4,pct40to60,3662393,1490532,1129432,361100,2171861,427074,30857,87498,51194,36304,58228,40269,17959,234025,64745,63403,82246,832924,244806,46053,622462,620326,396690,209471,2271,11893,2136,3039931,19638319,,
1994:Q4,pct20to40,2405095,1105236,860750,244486,1299860,326370,29941,61281,45320,15961,7940,2003,5937,147557,46747,13768,44644,466034,123537,32040,349485,347969,200109,129096,889,17875,1516,2055610,19639133,,
1994:Q4,pct00to20,1196240,594433,472682,121750,601808,137163,9619,26248,21322,4926,6317,1770,4547,48495,15600,3808,17422,171003,150010,16122,149295,148785,78016,67843,530,2396,510,1046946,19636589,,
1995:Q1,pct99to100,5068352,1001688,724077,277611,4066664,339139,133223,657467,463188,194280,195138,167798,27339,1219197,73831,22706,191336,130162,1079523,24942,269361,267220,193543,13640,2299,57738,2141,4798991,985040,,
1995:Q1,pct80to99,13210346,4284599,3405468,879131,8925746,1018679,227286,596308,418421,177887,179021,137941,41079,1749726,215727,318283,696201,2358569,1448634,117312,1929945,1922955,1489877,335828,4113,93137,6990,11280401,18711087,,
1995:Q1,pct60to80,5724475,2367468,1800918,566550,3357006,513639,48236,143807,110030,33776,47677,28239,19439,455193,126303,128546,204384,1225544,391820,71858,1122589,1118538,825110,266456,1942,25030,4051,4601885,19689727,,
1995:Q1,pct40to60,3704138,1503029,1138266,364763,2201110,424846,31538,88281,49176,39104,55592,39494,16098,241309,65065,65813,90272,850987,240233,47174,626480,624366,399967,210254,2629,11516,2114,3077658,19691867,,
1995:Q1,pct20to40,2448468,1116561,868568,247993,1331908,329319,32401,62540,46047,16493,7696,1858,5838,154594,47455,13453,48820,473940,128723,32965,354935,353412,205295,127696,884,19538,1522,2093534,19692759,,
1995:Q1,pct00to20,1220178,602554,477906,124648,617624,137841,10332,21873,17179,4694,6240,1762,4478,50815,16282,3994,18936,173867,160805,16637,153266,152741,78642,70673,610,2816,525,1066912,19690280,,
1995:Q2,pct99to100,5240641,1007865,735438,272427,4232775,361225,139582,666858,461300,205558,199267,172189,27078,1315472,79458,23326,198963,133913,1089025,25685,270856,268579,193646,14010,2783,58140,2277,4969785,987766,,
1995:Q2,pct80to99,13412903,4282188,3389097,893091,9130715,1031346,242183,576063,412472,163591,177635,137271,40365,1855314,219261,332412,726800,2383987,1466801,118915,1960180,1953230,1504349,351274,4885,92722,6950,11452723,18762347,,
1995:Q2,pct60to80,5856431,2410382,1834830,575552,3446049,517638,50564,133436,104546,28891,48976,28603,20374,481803,130940,133421,215888,1266651,393146,73584,1153707,1149562,844211,277226,2466,25660,4146,4702724,19744784,,
1995:Q2,pct40to60,3759671,1532467,1160102,372365,2227204,424300,32535,87638,49055,38583,53022,38815,14208,249051,65672,69826,97995,863036,235832,48296,639216,637125,405993,216555,3302,11275,2091,3120455,19746360,,
1995:Q2,pct20to40,2507933,1145941,898248,247693,1361992,333052,35237,63474,47568,15906,7573,1841,5733,161878,48191,13451,52921,478289,134032,33893,366461,364932,211219,131692,953,21069,1529,2141472,19747298,,
1995:Q2,pct00to20,1250178,613797,490594,123204,636381,138513,11072,20348,16241,4106,6092,1688,4404,53289,17121,4246,20458,176167,171923,17153,156087,155547,79419,72370,774,2985,539,1094091,19744724,,
1995:Q3,pct99to100,5419960,997081,726025,271056,4422879,372515,141058,680906,461337,219568,202746,175926,26820,1439994,83531,23796,209016,137411,1105961,25946,274730,272314,195287,15080,3240,58707,2416,5145230,990545,251934,427079552
1995:Q3,pct80to99,13549977,4185729,3282657,903072,9364248,1021697,248840,579573,407506,172067,175987,136339,39648,1990559,219494,341928,768467,2406849,1492669,118184,2003914,1997003,1519986,369137,5570,102310,6911,11546063,18814565,59911,251934
1995:Q3,pct60to80,5953338,2412060,1829000,583060,3541277,516644,51905,130160,99950,30211,50164,28839,21325,513761,134764,136172,231990,1306396,395560,73761,1186489,1182247,862347,290416,3002,26482,4241,4766849,19800649,37073,59911
1995:Q3,pct40to60,3809579,1554776,1177688,377088,2254803,418616,32914,92510,49152,43358,50501,38202,12299,258632,65681,72755,107526,874660,233051,47956,655534,653466,413773,224410,3977,11305,2068,3154045,19801879,22825,37064
1995:Q3,pct20to40,2543200,1152001,903905,248096,1391199,334597,37461,66168,49149,17020,7495,1866,5629,170064,48884,13232,57488,482634,139367,33808,380034,378498,217681,137534,969,22314,1536,2163166,19802818,12289,22812
1995:Q3,pct00to20,1272379,616514,493862,122652,655865,139211,11788,19672,15680,3993,5928,1597,4331,56367,17641,4454,21950,178397,183324,17134,158429,157874,81262,73023,939,2650,555,1113950,19799978,0,12289
1995:Q4,pct99to100,5604869,1013707,743643,270064,4591163,371429,150328,683489,461769,221719,213425,187605,25820,1567615,80752,23932,213641,144179,1116374,25999,281260,278887,195699,17304,4274,61609,2373,5323609,993378,,
1995:Q4,pct80to99,13925050,4241346,3326512,914833,9683705,1034037,256270,609583,405728,203855,181566,142794,38772,2148935,229008,342772,808676,2426234,1526703,119921,2031731,2024592,1535001,384720,8105,96765,7139,11893319,18867787,,
1995:Q4,pct60to80,6084738,2427840,1841363,586477,3656898,515935,57009,140912,99484,41429,50888,29573,21315,542973,136742,143884,250145,1347658,396290,74463,1221946,1217691,873754,311927,4139,27871,4255,4862793,19857343,,
1995:Q4,pct40to60,3854494,1567447,1185264,382183,2287047,417209,34351,98367,50928,47439,51606,39267,12339,269488,67262,72672,113764,877469,236322,48536,671686,669601,417750,235921,5203,10727,2085,3182808,19858465,,
1995:Q4,pct20to40,2577472,1154461,903042,251420,1423011,340984,39192,69403,49192,20211,7542,1652,5890,178021,48666,13644,57603,490164,143775,34017,387918,386404,218610,145148,1422,21224,1514,2189554,19859356,,
1995:Q4,pct00to20,1275985,613753,489424,124329,662232,143261,12592,21987,16000,5988,7046,2949,4096,58722,17776,4187,21650,180656,177067,17288,157917,157362,79694,73139,1287,3242,555,1118068,19856071,,
1996:Q1,pct99to100,5696218,1025767,754132,271635,4670451,379499,168007,661892,439468,222424,219492,194692,24800,1626641,76652,24082,217632,150712,1119961,25880,283742,281418,197615,15730,3160,64913,2324,5412476,996260,,
1996:Q1,pct80to99,14219076,4311857,3383586,928270,9907219,1064670,277445,602557,393172,209385,183008,145128,37880,2235089,235844,343959,847357,2442602,1553848,120840,2070312,2062949,1561695,379829,5980,115444,7363,12148764,18921924,,
1996:Q1,pct60to80,6200845,2455180,1863810,591371,3745665,519566,63904,136683,91395,45288,50218,28924,21294,559415,138040,151715,267913,1387633,395962,74617,1241910,1237643,893530,311391,3006,29716,4268,4958935,19914784,,
1996:Q1,pct40to60,3885006,1576953,1189476,387478,2308053,420171,36759,95535,49910,45626,52667,40313,12354,275927,68356,72669,119766,879699,237902,48600,679202,677100,426243,236614,3433,10810,2102,3205804,19916018,,
1996:Q1,pct20to40,2616811,1164867,908691,256176,1451944,349208,41965,69060,47599,21462,7996,1865,6131,183882,48408,14068,57519,497677,148294,33868,383990,382499,220744,141460,880,19415,1492,2232821,19916814,,
1996:Q1,pct00to20,1280739,618480,490967,127513,662259,147281,13438,20082,12689,7393,8016,4174,3842,59638,17646,3924,21294,182832,170856,17252,160138,159583,79031,77183,754,2615,555,1120601,19912928,,
1996:Q2,pct99to100,5799412,1034325,768148,266177,4765087,372682,165800,686253,462508,223746,217814,194053,23761,1695069,73431,24201,218544,157242,1128273,25780,292100,289819,200935,16809,4153,67921,2281,5507313,999181,,
1996:Q2,pct80to99,14457152,4365854,3425675,940179,10091298,1064792,264473,625337,402225,223112,177751,140777,36973,2331244,244611,344150,872879,2458428,1585776,121857,2103144,2095549,1585235,387631,8534,114148,7595,12354008,18976856,,
1996:Q2,pct60to80,6318413,2482059,1888185,593874,3836354,516386,66990,149936,98529,51407,47295,26032,21263,577771,139825,159043,280273,1427601,396402,74833,1272337,1268056,908497,324249,4107,31203,4282,5046076,19972868,,
1996:Q2,pct40to60,3920054,1592910,1199189,393722,2327143,416264,36809,100070,54383,45687,53917,41570,12347,283102,69801,72431,123570,881812,240645,48722,696377,694257,435101,244363,4454,10340,2119,3223677,19974399,,
1996:Q2,pct20to40,2661244,1181780,924086,257694,1479464,354191,42222,72584,49271,23313,9226,2873,6353,190095,48176,14445,56782,505231,152754,33758,389377,387907,223049,145407,1277,18174,1469,2271868,19975063,,
1996:Q2,pct00to20,1292278,622695,495526,127169,669582,151178,14242,25570,16601,8969,8605,5036,3569,60784,17699,3654,20951,185002,164660,17237,162087,161531,79391,78119,1025,2996,556,1130190,19970449,,
1996:Q3,pct99to100,5839969,1048820,785461,263359,4791149,371642,173944,699654,476361,223293,218164,195457,22707,1686507,71695,24286,220743,163715,1134975,25824,300153,297918,204605,17828,4532,70953,2235,5539816,1002131,,
1996:Q3,pct80to99,14621350,4423435,3469275,954159,10197916,1076377,268577,615290,406496,208794,173804,137747,36057,2345457,256584,343324,905689,2473128,1616106,123579,2135401,2127575,1610288,395095,9819,112373,7826,12485950,19032458,,
1996:Q3,pct60to80,6416552,2506526,1908425,598102,3910025,515959,72256,152142,102651,49491,44644,23413,21231,581425,142420,165846,295944,1467272,396603,75514,1302531,1298235,924275,336684,4580,32697,4295,5114021,20031490,,
1996:Q3,pct40to60,3954767,1615362,1215019,400342,2339405,415130,38068,97522,57824,39699,55251,42918,12333,285081,71827,71954,128607,883693,242988,49282,713232,711095,444638,251944,4661,9851,2137,3241535,20033470,,
1996:Q3,pct20to40,2696976,1192524,931761,260763,1504451,360302,43779,73273,50254,23019,10353,3782,6572,193747,47991,14772,56224,512812,157247,33951,394555,393108,225571,149182,1420,16934,1447,2302421,20033972,,
1996:Q3,pct00to20,1300357,626601,498151,128450,673756,155035,15099,28970,19160,9809,9387,6099,3288,60288,18059,3375,20527,187149,158485,17383,164129,163573,79985,79114,1070,3405,556,1136228,20028533,,
1996:Q4,pct99to100,6027410,1062039,794031,268009,4965370,366146,184976,714759,491390,223369,238233,216590,21643,1774441,70167,23633,239100,169312,1158785,25818,306265,304079,207021,19279,3667,74113,2186,5721145,1005101,,
1996:Q4,pct80to99,14969999,4477434,3516240,961195,10492565,1078526,277101,615798,410953,204845,185614,150478,35136,2462464,269087,321046,1016533,2477729,1663600,125066,2172751,2164695,1632652,406111,7945,117987,8055,12797249,19088609,,
1996:Q4,pct60to80,6557291,2526451,1926523,599928,4030839,513430,78201,157650,107218,50433,46982,25776,21206,603737,145146,162263,345676,1502120,399600,76035,1334509,1330200,939339,352870,3660,34332,4309,5222782,20090544,,
1996:Q4,pct40to60,4004289,1635375,1233675,401700,2368914,411909,39640,97609,61504,36105,55831,43503,12328,293765,73949,66442,146893,883652,249534,49692,728608,726453,452300,261188,3401,9564,2154,3275681,20093093,,
1996:Q4,pct20to40,2720205,1188060,922657,265403,1532145,365275,45673,74771,51299,23471,9512,2712,6801,200695,47812,14095,58568,520214,161493,34038,399977,398553,227585,154497,999,15473,1424,2320227,20093413,,
1996:Q4,pct00to20,1308526,627674,495980,131694,680852,158756,15973,32859,22005,10854,11581,8576,3005,61900,18466,2911,19538,188994,152402,17472,164357,163801,79736,79934,690,3442,556,1144169,20087079,,
1997:Q1,pct99to100,6049611,1074434,805180,269254,4975177,363132,199624,676914,459523,217391,234464,213912,20552,1783107,67578,23815,235826,175959,1188903,25854,311169,309094,209394,17544,4887,77269,2075,5738442,1008083,,
1997:Q1,pct80to99,15099340,4527487,3554185,973302,10571853,1085481,291285,557090,395359,161730,177399,143208,34191,2494718,279463,323075,1025913,2493241,1717418,126770,2186936,2178701,1648557,396734,11450,121959,8235,12912404,19145188,,
1997:Q1,pct60to80,6627533,2548833,1944923,603910,4078700,512122,84926,135875,95807,40068,42612,21455,21157,610750,147330,170250,351665,1542778,403693,76698,1340968,1336655,948642,346979,5086,35949,4313,5286565,20149926,,
1997:Q1,pct40to60,4022834,1649713,1243322,406391,2373121,409915,41586,83311,58814,24497,57504,45231,12273,296994,75683,66641,147999,885636,257618,50234,734086,731911,458141,260018,4524,9228,2175,3288748,20153130,,
1997:Q1,pct20to40,2742615,1191213,921458,269754,1551403,370689,47969,69809,49096,20714,11218,4231,6987,204914,47599,14545,56860,527917,165668,34215,395776,394377,229158,149661,1511,14047,1399,2346839,20153254,,
1997:Q1,pct00to20,1305510,628952,494520,134432,676558,162431,16850,27460,16806,10654,12295,9605,2689,61811,18660,2665,19153,191188,146435,17610,167907,167353,79557,83239,993,3565,554,1137603,20145987,,
1997:Q2,pct99to100,6440083,1084332,821161,263171,5355751,361873,198573,674471,455401,219070,243849,224372,19478,2114150,66329,24534,253599,183432,1209038,25901,318302,316335,212416,18002,5417,80500,1967,6121781,1011067,,
1997:Q2,pct80to99,15744413,4578451,3595321,983130,11165962,1095815,278581,562780,391675,171105,179515,146241,33274,2872207,292741,340509,1136699,2517346,1761237,128533,2224774,2216356,1671405,401343,13327,130281,8418,13519639,19202070,,
1997:Q2,pct60to80,6854443,2583674,1978702,604973,4270769,511722,88852,138524,93916,44607,41556,20378,21178,680358,150246,185810,402083,1588021,406201,77396,1367043,1362725,963213,356094,5769,37649,4318,5487400,20209529,,
1997:Q2,pct40to60,4106969,1673198,1261478,411720,2433771,408822,41806,83780,59786,23995,58629,46290,12340,322689,77944,70447,166388,889213,263243,50810,748438,746242,466414,265976,4842,9011,2196,3358531,20213443,,
1997:Q2,pct20to40,2798893,1208656,938056,270600,1590238,376422,48443,70954,48807,22147,11675,4387,7289,220400,47426,15723,58922,535856,170001,34415,398820,397445,231396,151817,1739,12493,1375,2400073,20213366,,
1997:Q2,pct00to20,1320404,633823,500451,133372,686581,166075,17790,28343,16377,11965,14120,11683,2437,68703,19132,2549,17983,193657,140471,17759,169647,169095,79744,84806,1076,3469,551,1150758,20205155,,
1997:Q3,pct99to100,6695850,1095378,837344,258033,5600472,362660,209305,670054,448504,221550,246800,228405,18395,2303786,64957,25044,267105,190634,1234044,26084,325316,323456,217688,18551,3375,83841,1860,6370534,1014044,,
1997:Q3,pct80to99,16235109,4629072,3631550,997522,11606037,1110200,285322,571193,386664,184529,175751,143393,32358,3098486,305856,352024,1228281,2538000,1809962,130962,2277178,2268574,1707931,407319,7921,145402,8604,13957931,19259135,,
1997:Q3,pct60to80,7043241,2617367,2008518,608849,4425874,512408,95090,141488,91182,50307,38351,17129,21222,722551,153117,198562,444425,1631783,409564,78535,1400614,1396291,986799,366571,3445,39476,4323,5642627,20269249,,
1997:Q3,pct40to60,4184262,1700093,1281015,419078,2484169,408796,43303,84621,60306,24315,60335,47893,12442,338550,80174,72867,181556,892111,270057,51800,766559,764343,480322,272475,2562,8985,2217,3417703,20273894,,
1997:Q3,pct20to40,2848483,1222449,949615,272834,1626034,382589,50273,72223,48305,23918,13022,5394,7629,230973,47249,16626,60135,543759,174284,34901,402556,401207,235213,154424,818,10752,1350,2445926,20273620,,
1997:Q3,pct00to20,1332054,638956,505277,133679,693098,169719,18715,28944,15535,13409,15660,13462,2198,72531,19584,2379,16876,196028,134603,18060,171793,171244,81327,86465,419,3032,549,1160262,20264483,,
1997:Q4,pct99to100,6852683,1113353,848329,265024,5739330,367228,220851,693485,474194,219291,258768,241496,17271,2347369,61375,24966,262398,196953,1280033,25904,335719,333963,221539,20237,5189,86998,1756,6516964,1017005,,
1997:Q4,pct80to99,16501973,4705000,3700045,1004956,11796973,1132351,293052,568676,396737,171940,178898,147494,31403,3169331,314438,346326,1234091,2548376,1879779,131657,2307911,2299117,1723949,416046,13281,145841,8794,14194062,19316260,,
1997:Q4,pct60to80,7160081,2649116,2037814,611303,4510965,515100,101573,147354,98973,48381,37322,16103,21219,736895,154836,202766,449390,1670688,416522,78518,1425328,1420999,993997,380368,5576,41058,4329,5734753,20328981,,
1997:Q4,pct40to60,4226203,1718103,1298076,420027,2508100,410722,44869,85085,65555,19529,61200,48748,12452,344580,81579,71247,182087,893035,281995,51701,783584,781347,487383,281397,4029,8538,2237,3442619,20334346,,
1997:Q4,pct20to40,2870870,1219255,940683,278572,1651615,389686,52180,73675,50196,23479,13241,5356,7885,236695,47002,16712,57993,551474,178325,34631,409292,407967,237256,159791,1528,9391,1325,2461578,20333885,,
1997:Q4,pct00to20,1344694,643423,505343,138080,701271,173445,19647,33787,19859,13928,17994,16095,1898,73254,19590,2067,16391,198093,129041,17962,173234,172687,82235,86326,788,3339,547,1171461,20323871,,
1998:Q1,pct99to100,7304258,1127167,865444,261723,6177090,360191,242138,676225,452244,223980,274007,257885,16122,2736527,58785,25618,281476,205912,1290341,25871,342504,340913,226343,18706,5610,90255,1591,6961754,1019941,,
1998:Q1,pct80to99,17281400,4785404,3767771,1017633,12495995,1129928,316989,580551,385058,195494,184270,153840,30430,3608447,325191,361964,1354124,2587638,1913822,133071,2330302,2321369,1747489,406546,14904,152430,8933,14951098,19373323,,
1998:Q1,pct60to80,7419966,2695606,2081063,614542,4724360,511881,109812,148401,91378,57023,36971,15768,21202,817176,157100,217680,504657,1724205,417502,78977,1433875,1429549,1006523,374133,6138,42755,4325,5986091,20388619,,
1998:Q1,pct40to60,4319479,1747297,1321227,426069,2572182,406881,47420,85611,63772,21839,61554,49125,12430,373875,83377,74628,202185,899390,285209,52050,792217,789956,497273,280250,4170,8263,2261,3527262,20394659,,
1998:Q1,pct20to40,2926263,1233788,952575,281213,1692475,393653,55123,74724,48602,26121,12996,4881,8115,253930,46784,17818,60100,559854,182823,34671,406271,404973,240100,155322,1693,7859,1298,2519992,20394031,,
1998:Q1,pct00to20,1360959,650468,511589,138880,710490,176740,20509,32304,16569,15735,20763,19189,1574,81312,19802,1927,14945,201052,123109,18028,177494,176953,83717,89086,814,3336,541,1183465,20383217,,
1998:Q2,pct99to100,7453874,1150596,889800,260796,6303278,353882,248593,706208,476248,229961,283798,268846,14952,2788846,55990,26042,277472,217114,1319628,25705,351106,349514,230736,20002,5224,93551,1592,7102769,1022843,,
1998:Q2,pct80to99,17675974,4908305,3877519,1030786,12767669,1128718,315365,625488,394310,231178,184368,154926,29443,3689470,335608,370992,1365245,2651595,1966970,133850,2383546,2374331,1781785,417650,13972,160924,9215,15292428,19430201,,
1998:Q2,pct60to80,7569156,2752699,2134141,618558,4816457,508999,115594,167898,98559,69339,34565,13382,21183,833517,159274,229331,512262,1754263,421743,79011,1473762,1469415,1029184,390040,5698,44493,4347,6095395,20448058,,
1998:Q2,pct40to60,4381497,1777580,1345815,431765,2603917,403392,48423,95362,68904,26458,62476,50081,12395,380696,85112,76459,203640,903299,293058,51999,812957,810681,509703,289378,3559,8040,2276,3568540,20454697,,
1998:Q2,pct20to40,2968884,1252723,967780,284942,1716161,397645,56446,80169,50380,29789,13545,5209,8336,260114,46557,18610,57984,563550,187109,34432,412989,411713,243569,160411,1464,6269,1276,2555894,20453928,,
1998:Q2,pct00to20,1381384,663850,522990,140860,717534,179958,21500,38612,20618,17994,23329,22095,1234,82248,19977,1731,14346,200426,117458,17948,179383,178839,84725,90263,612,3239,544,1202001,20442421,,
1998:Q3,pct99to100,7154065,1164421,918274,246147,5989644,349244,273297,751849,522935,228914,306280,292508,13772,2395942,51015,25771,249816,227018,1333682,25731,359968,358770,235529,20860,5691,96691,1198,6794097,1025701,355533,2159244800
1998:Q3,pct80to99,17376678,4973537,3918929,1054608,12403141,1130768,344646,630811,411224,219587,195008,166551,28456,3293583,341545,359488,1265446,2701399,2004878,135568,2421000,2411838,1815033,425262,15761,155781,9162,14955677,19486773,68213,355297
1998:Q3,pct60to80,7578258,2823128,2197330,625798,4755130,506974,124465,181202,113633,67569,36058,14863,21196,764165,160308,230488,471043,1777349,423409,79667,1509108,1504799,1050290,402178,6318,46014,4309,6069150,20507194,42569,68213
1998:Q3,pct40to60,4407881,1837691,1391596,446095,2570190,400752,51258,99764,77812,21952,61495,49088,12407,357114,86032,73477,185982,904586,297194,52534,832428,830116,522160,296825,3711,7420,2311,3575454,20514322,26353,42569
1998:Q3,pct20to40,3002156,1284901,999591,285310,1717255,401951,59681,83063,53624,29439,12210,3603,8606,250981,46261,18411,51545,566974,191581,34598,418963,417721,247099,163965,1642,5015,1242,2583193,20513446,13867,26353
1998:Q3,pct00to20,1401061,682308,543537,138771,718753,183155,22314,47584,29060,18524,27101,26188,912,73726,19711,1379,14699,199386,111616,18081,182671,182143,86045,91628,636,3834,528,1218390,20501383,0,13854
1998:Q4,pct99to100,7760410,1215969,950661,265308,6544441,374623,295187,726538,510309,216229,301315,286628,14687,2876447,57607,26008,291245,226917,1342336,26217,370620,369973,241339,24616,6560,97458,647,7389789,1028513,,
1998:Q4,pct80to99,18507466,5116205,4056091,1060114,13391261,1179870,377282,600294,417114,183181,194575,164927,29647,3899904,351029,388462,1434773,2792779,2035743,136549,2487838,2479253,1865798,436742,17931,158782,8585,16019628,19542996,,
1998:Q4,pct60to80,7834645,2857768,2227630,630138,4976877,525955,125660,173141,116980,56161,35708,14924,20784,876260,167762,236741,547279,1788235,420181,79954,1534074,1529789,1067768,411571,7181,43269,4284,6300572,20566002,,
1998:Q4,pct40to60,4528331,1853933,1412577,441355,2674398,415017,53825,91480,73849,17631,63051,51057,11994,403473,89909,78709,214894,924846,287302,51893,852128,849764,534078,303564,4363,7759,2364,3676203,20573484,,
1998:Q4,pct20to40,3039382,1299378,1005780,293598,1740003,402738,59917,75642,50342,25300,14007,5405,8601,265519,47840,19356,59384,569270,191960,34371,431869,430629,251659,171157,2163,5651,1240,2607513,20572544,,
1998:Q4,pct00to20,1405579,683319,540069,143250,722260,183722,21724,43744,28024,15719,24058,22849,1210,89971,20580,1575,12527,199186,107464,17709,187156,186660,87948,93621,1128,3963,496,1218423,20560081,,
1999:Q1,pct99to100,7715483,1242816,972931,269885,6472667,371766,316735,686064,468304,217760,297274,281671,15603,2836961,60035,25666,304183,225503,1321797,26683,378243,376961,246058,26307,6337,98259,1283,7337240,1031303,,
1999:Q1,pct80to99,18800039,5198373,4125840,1072534,13601666,1168781,409174,616766,407653,209113,194845,164000,30845,3945148,351761,400385,1470696,2869910,2036773,137426,2537246,2528228,1911420,435924,16453,164430,9018,16262793,19599153,,
1999:Q1,pct60to80,7916252,2907589,2272240,635349,5008663,529967,127149,172728,109212,63517,35664,15246,20418,887491,173027,234213,564462,1791842,411948,80172,1540881,1536442,1081886,407335,6658,40563,4439,6375370,20624791,,
1999:Q1,pct40to60,4586411,1889712,1446105,443607,2696700,414816,56416,90286,65688,24598,64424,52777,11646,413766,92209,79943,220797,942369,270491,51183,861737,859377,543600,303550,4053,8174,2360,3724674,20632498,,
1999:Q1,pct20to40,3062070,1327221,1029854,297367,1734850,395504,60301,72255,45460,26795,15640,6988,8652,262398,49298,19475,62068,571217,192597,34097,437002,435729,255522,171889,2097,6221,1273,2625069,20631524,,
1999:Q1,pct00to20,1395350,684896,542367,142528,710454,183033,21232,37502,21937,15564,21254,19722,1532,94872,20596,1643,11596,198520,102894,17312,192294,191774,89150,97393,1272,3959,520,1203056,20618820,,
1999:Q2,pct99to100,7995529,1283674,1000152,283522,6711855,365934,313133,646564,437071,209493,295043,278555,16488,3067018,64172,25587,323278,224556,1359366,27203,388363,387032,251580,29402,6713,99337,1331,7607166,1034103,,
1999:Q2,pct80to99,19479177,5356045,4271355,1084689,14123133,1151345,398561,593875,399207,194668,196543,164537,32006,4281508,356054,420640,1537205,2952713,2096125,138565,2623316,2614367,1964419,443983,16904,189061,8950,16855861,19655606,,
1999:Q2,pct60to80,8076309,2966042,2323630,642412,5110267,532384,124378,163330,104513,58817,36107,16097,20009,951506,179223,235797,594777,1798137,414066,80561,1563424,1558919,1101098,412737,6871,38213,4506,6512884,20683949,,
1999:Q2,pct40to60,4663846,1912582,1469026,443556,2751265,413080,56381,83414,59557,23857,65367,54160,11207,443039,95167,83105,231868,961002,268210,50631,879666,877282,555723,308158,4263,9137,2384,3784181,20691764,,
1999:Q2,pct20to40,3090343,1356093,1051294,304798,1734251,387425,58030,66269,41507,24762,16841,8235,8606,268992,50817,19989,65874,573311,192769,33934,447077,445788,260081,177028,2366,6313,1289,2643267,20690780,,
1999:Q2,pct00to20,1401049,693894,548027,145867,707155,182207,20943,32045,18126,13919,18665,16873,1793,105588,20959,1773,10514,198024,99464,16972,196218,195701,90790,100273,1638,2999,517,1204831,20677983,,
1999:Q3,pct99to100,7860187,1320177,1032653,287524,6540010,372927,326478,622198,419204,202994,303196,285812,17384,2827380,64435,24746,317876,222232,1430464,28077,400478,399118,259615,33385,5967,100151,1360,7459709,1036943,,
1999:Q3,pct80to99,19570705,5492633,4387806,1104827,14078072,1161173,416626,583815,395948,187867,206983,173796,33188,4100454,352203,416910,1488080,3020743,2189678,141407,2697748,2688884,2025602,455253,14072,193956,8864,16872957,19712718,,
1999:Q3,pct60to80,8106425,3033496,2381427,652069,5072930,541704,124775,160264,103810,56454,39747,20086,19660,921533,183389,225500,574669,1796794,422473,82081,1591533,1586964,1123877,421780,5809,35497,4570,6514892,20743864,,
1999:Q3,pct40to60,4718239,1956223,1506366,449857,2762016,417940,58145,79969,55631,24338,65110,54249,10861,437826,96660,80706,223270,976802,274449,51138,902483,900074,572151,314825,3565,9532,2409,3815756,20751687,,
1999:Q3,pct20to40,3114161,1396508,1086544,309964,1717653,382880,57728,62097,38624,23473,16626,7983,8644,259071,52225,19363,65191,575038,192930,34504,460534,459230,265916,184392,2016,6906,1304,2653627,20750702,,
1999:Q3,pct00to20,1402517,704835,558374,146461,697682,181946,20588,29185,16495,12689,17029,14932,2097,105478,20530,1723,10282,197034,96868,17019,201438,200925,94097,102259,1533,3036,512,1201079,20737955,,
1999:Q4,pct99to100,8633194,1361213,1060420,300793,7271981,392191,360008,583488,435263,148225,323894,305633,18260,3454559,76348,25474,350448,222936,1449916,32720,415902,414150,268117,38515,5855,101663,1753,8217292,1039854,,
1999:Q4,pct80to99,20867745,5622020,4506062,1115958,15245725,1196976,468359,504549,413134,91414,227826,193481,34345,4875344,372761,463654,1620676,3122629,2230523,162429,2797184,2788097,2070799,465925,13208,238165,9087,18070561,19770851,,
1999:Q4,pct60to80,8422001,3083319,2424839,658480,5338682,557653,129103,142156,114759,27396,47009,27717,19292,1065885,193771,239860,633311,1812465,421800,95669,1606408,1601719,1131869,430745,5504,33601,4689,6815593,20804928,,
1999:Q4,pct40to60,4873181,1987720,1538306,449414,2885461,429095,62129,65595,56542,9054,63503,53036,10467,496774,102597,89961,245463,999181,268173,62988,923999,921581,584591,322526,3400,11064,2417,3949182,20812668,,
1999:Q4,pct20to40,3166671,1418237,1101216,317021,1748434,381595,59797,51297,37938,13359,14692,6063,8628,280413,54002,21118,71469,577670,193449,42932,474298,472967,270872,193568,2013,6514,1330,2692373,20811684,,
1999:Q4,pct00to20,1431051,714588,565162,149426,716463,182194,20216,27214,19700,7515,16390,14026,2364,125304,22474,2053,8878,197142,93385,21212,203658,203133,98014,102343,1669,1107,525,1227393,20799119,,
2000:Q1,pct99to100,8833166,1416374,1106909,309466,7416792,403586,383477,520492,395761,124730,325833,306812,19021,3621939,80111,25420,366777,221962,1433668,33526,428507,427114,276078,41764,6207,103065,1393,8404660,1042867,,
2000:Q1,pct80to99,21539904,5836288,4699260,1137028,15703615,1215982,503083,464545,393563,70982,232421,197069,35351,5143248,376215,485802,1676590,3206429,2234376,164925,2868783,2860113,2106815,463195,13571,276532,8671,18671120,19830368,,
2000:Q1,pct60to80,8597380,3172722,2502979,669743,5424658,569433,131742,126336,105205,21131,48190,29464,18726,1118077,199858,242033,658521,1818811,414704,96954,1599515,1594819,1132504,425030,5686,31599,4696,6997865,20867527,,
2000:Q1,pct40to60,4949821,2017684,1562583,455101,2932137,436218,65061,57038,49982,7055,63747,54046,9701,521872,105445,93511,254616,1018103,253270,63257,936068,933606,594045,323559,3578,12425,2462,4013753,20875109,,
2000:Q1,pct20to40,3219740,1466386,1142101,324285,1753354,378076,60814,44671,34110,10560,14992,6751,8241,285522,55539,21704,74768,579866,194061,43340,481364,480030,275082,196436,2249,6263,1335,2738375,20874116,,
2000:Q1,pct00to20,1440614,729063,576766,152297,711551,182096,19930,20761,14985,5777,14214,11809,2405,134517,22753,2198,8037,196650,89224,21171,207976,207474,101690,103781,2003,0,502,1232638,20861860,,
2000:Q2,pct99to100,8667651,1482974,1162935,320039,7184676,405050,376997,500117,370844,129274,315426,295665,19761,3364008,80511,24872,365440,219897,1497880,34480,442416,440922,284720,46891,5714,103597,1494,8225235,1046014,,
2000:Q2,pct80to99,21685660,6076243,4919552,1156691,15609417,1213932,487957,463126,381059,82067,226467,190138,36329,4936962,372596,491310,1649188,3278762,2320990,168127,2920970,2912324,2165303,476354,11841,258827,8646,18764690,19891631,,
2000:Q2,pct60to80,8656249,3268666,2588062,680604,5387582,575969,128841,124779,100502,24276,45638,27469,18169,1084030,204193,236177,647631,1819110,422511,98704,1626066,1621294,1151653,436196,5028,28417,4772,7030182,20932052,,
2000:Q2,pct40to60,5008935,2063200,1603560,459640,2945735,438291,64711,55434,45649,9785,65212,56269,8943,514971,107025,93212,249694,1034848,258380,63957,959561,957076,610068,331678,3157,12173,2485,4049374,20939414,,
2000:Q2,pct20to40,3246981,1507418,1175399,332018,1739563,371890,58504,42647,31286,11362,16871,9019,7851,275870,56985,21509,74802,581790,194650,44046,497664,496312,280917,205906,2046,7443,1352,2749317,20938391,,
2000:Q2,pct00to20,1446609,745786,590070,155716,700823,181610,19734,18429,12597,5832,11230,8792,2438,133555,22343,2216,7744,195768,86907,21286,213276,212775,105436,104745,1942,652,501,1233333,20926560,,
2000:Q3,pct99to100,8718750,1530072,1208122,321950,7188679,406939,395068,480421,352107,128314,321552,301072,20480,3277565,82895,24667,371983,218425,1573689,35474,457779,456352,293714,53335,4737,104566,1427,8260971,1049324,,
2000:Q3,pct80to99,22096465,6270359,5092962,1177398,15826106,1212741,513581,458119,371488,86631,234317,197038,37279,4916266,373119,508528,1659837,3358114,2419973,171509,3003991,2995513,2223866,494723,9212,267712,8478,19092474,19955002,,
2000:Q3,pct60to80,8783553,3360882,2670696,690186,5422671,582781,130676,123094,97602,25492,47946,30327,17619,1083446,209621,235878,653142,1822800,432715,100571,1658029,1653204,1170252,453185,3980,25787,4825,7125524,20998892,,
2000:Q3,pct40to60,5096284,2109380,1642571,466809,2986905,440597,67079,53739,42300,11439,65005,56815,8191,520092,109375,95602,251197,1053008,266450,64759,986694,984178,626341,342681,2469,12687,2516,4109590,21005985,,
2000:Q3,pct20to40,3293248,1558428,1222019,336409,1734820,365800,59028,40420,28964,11456,16580,9121,7459,272123,58505,21858,76279,583948,195456,44825,516453,515087,286860,218648,1629,7949,1366,2776796,21004900,,
2000:Q3,pct00to20,1457043,760398,604975,155423,696644,181153,19516,16669,11099,5570,9513,7051,2462,136360,22335,2322,7236,195108,84995,21438,216551,216059,109412,104502,1644,501,492,1240491,20993606,,
2000:Q4,pct99to100,8380504,1587454,1249457,337997,6793051,429061,425699,515719,378033,137687,346758,325574,21184,2751780,83018,23819,359473,215651,1606007,36066,472189,470357,300101,60051,5693,104512,1832,7908316,1052829,,
2000:Q4,pct80to99,21993201,6514980,5323189,1191791,15478221,1254132,559806,501060,397139,103920,257995,219785,38210,4381305,368879,503363,1581047,3423915,2473786,172933,3035539,3026830,2276616,516240,10882,223092,8709,18957662,20020845,,
2000:Q4,pct60to80,8774863,3441438,2742292,699146,5333425,600497,135010,141317,110851,30467,55725,38638,17087,986410,213889,225048,620130,1819282,434981,101135,1691734,1686785,1186727,473432,4707,21920,4949,7083129,21068435,,
2000:Q4,pct40to60,5101354,2128653,1661255,467398,2972701,453224,70871,59841,44589,15252,63178,55718,7461,487305,110879,92865,237699,1068600,263910,64329,1010571,1008046,638641,354731,3016,11658,2525,4090783,21075225,,
2000:Q4,pct20to40,3305694,1590535,1245291,345244,1715159,364876,61017,42128,29227,12901,13970,6891,7079,250983,59970,21170,74204,585782,196309,44750,537328,535934,291575,232421,2132,9807,1393,2768367,21074035,,
2000:Q4,pct00to20,1459514,772793,612612,160180,686722,181468,19315,20677,14780,5897,9166,6679,2487,127410,21861,2259,7255,193979,82192,21139,221723,221218,111568,104392,2236,3021,505,1237791,21063379,,
2001:Q1,pct99to100,8079122,1676439,1326856,349583,6402683,472573,470865,469925,309551,160374,337047,315018,22029,2338274,86146,23080,333510,214095,1620234,36934,478888,477459,306106,62885,3591,104877,1429,7600234,1056560,,
2001:Q1,pct80to99,22053945,6891977,5685927,1206050,15161968,1340092,629836,487872,343718,144154,252350,213012,39338,3951293,370921,501692,1440175,3503550,2508521,175668,3052765,3044508,2325107,517144,6302,195954,8258,19001179,20089522,,
2001:Q1,pct60to80,8806419,3588341,2881299,707042,5218078,629487,142180,131078,88891,42186,53426,36635,16791,906352,219799,215962,560630,1822656,433942,102566,1696575,1691622,1199709,470690,2800,18424,4952,7109845,21141071,,
2001:Q1,pct40to60,5137291,2174403,1705402,469002,2962888,476557,76306,58875,35449,23426,64930,57799,7131,459131,113545,90951,213923,1086950,257017,64704,1020875,1018301,649336,356092,1733,11141,2573,4116417,21147535,,
2001:Q1,pct20to40,3358092,1652810,1300604,352206,1705283,369046,64665,40893,24379,16514,16111,9017,7094,232341,61545,20649,69579,588058,197160,45235,544784,543388,295883,235042,1218,11245,1397,2813308,21146189,,
2001:Q1,pct00to20,1469038,800514,637648,162866,668525,182433,19123,14948,7903,7045,6683,3938,2744,120070,21997,2222,7577,193304,79035,21133,227878,227397,113485,107871,1359,4682,480,1241161,21136266,,
2001:Q2,pct99to100,8385083,1731694,1375262,356432,6653389,481052,472156,435292,275328,159964,338314,315455,22859,2549616,92892,22896,349791,207062,1665795,38521,489636,488336,314299,65835,2342,105860,1299,7895447,1060547,,
2001:Q2,pct80to99,22785410,7084953,5866312,1218641,15700457,1352410,627291,464012,315256,148756,255793,215345,40448,4269079,380524,519311,1498463,3575657,2576076,181842,3150516,3142479,2407140,527560,3860,203918,8037,19634894,20161395,,
2001:Q2,pct60to80,9030442,3672597,2959692,712905,5357844,640055,141067,122891,79488,43404,54258,37777,16481,969320,227680,215805,586510,1855085,438898,106276,1738708,1733710,1238491,477760,1748,15711,4998,7291734,21217189,,
2001:Q2,pct40to60,5253261,2211201,1740293,470908,3042059,482251,76853,55863,30758,25105,65656,58889,6767,488696,117605,93408,223431,1113228,257861,67207,1046835,1044226,670822,360702,1068,11634,2609,4206425,21223319,,
2001:Q2,pct20to40,3412299,1693066,1336208,356858,1719233,364397,63405,38093,21476,16617,16846,9775,7071,240930,63248,21013,72830,593050,198225,47195,556855,555446,302905,239988,764,11789,1409,2855445,21221752,,
2001:Q2,pct00to20,1482852,810648,647596,163052,672204,182221,19002,12220,5448,6772,4991,2015,2976,130164,22867,2331,6855,192957,76693,21903,234710,234242,116360,112403,897,4581,468,1248141,21212648,,
2001:Q3,pct99to100,7988303,1781224,1421654,359570,6207079,495419,495650,480543,326526,154017,383125,359430,23695,1984384,89698,22248,321399,198592,1695651,40370,512180,510488,327638,71077,3814,107958,1693,7476122,1064823,514258,2096877184
2001:Q3,pct80to99,22400339,7246813,6012621,1234192,15153526,1376893,661203,509998,366560,143438,295458,253894,41564,3621018,369262,520393,1348910,3634103,2627034,189253,3295841,3287583,2478999,534292,6223,268069,8258,19104498,20236827,82281,514258
2001:Q3,pct60to80,9014323,3767701,3048014,719687,5246622,653784,144229,142595,100877,41718,67499,51315,16184,844384,230336,208061,523580,1880384,440969,110802,1766747,1761624,1262643,481832,2814,14334,5124,7247575,21297178,51426,82281
2001:Q3,pct40to60,5268307,2263095,1787883,475212,3005213,490903,79894,60783,35957,24826,63024,56610,6415,439754,117902,92126,198418,1137048,254895,70465,1078406,1075785,694108,366138,1792,13747,2621,4189901,21302979,30855,51426
2001:Q3,pct20to40,3424657,1733940,1373348,360591,1690717,361109,64659,39268,23457,15810,12504,5449,7055,213520,64665,20622,67667,597734,199290,49679,572512,571075,311049,247739,1378,10910,1437,2852145,21301117,16816,30855
2001:Q3,pct00to20,1482742,821886,659778,162108,660855,182197,18876,16762,10579,6184,6140,2932,3209,116595,21704,2315,7167,192116,74036,22948,240190,239708,123115,113272,1645,1676,481,1242552,21292911,0,16816
2001:Q4,pct99to100,8455961,1867706,1492332,375375,6588254,509359,500685,450696,296292,154404,356315,332305,24010,2385554,102123,22779,335742,200301,1682886,41813,509951,508289,332903,68450,891,106046,1662,7946010,1069403,,
2001:Q4,pct80to99,23054066,7410717,6169361,1241356,15643349,1406413,710981,473157,328958,144199,276211,234603,41607,4013087,384810,523651,1444963,3654229,2564459,191389,3307662,3299427,2527614,561501,1297,209015,8236,19746403,20316033,,
2001:Q4,pct60to80,9329907,3836702,3102318,734384,5493205,683983,153776,128881,86509,42372,64762,48556,16206,925283,229407,220534,549041,1970292,454910,112335,1827335,1822317,1300929,507913,634,12841,5018,7502572,21381266,,
2001:Q4,pct40to60,5386571,2309055,1823265,485790,3077517,487934,87157,56898,32231,24667,65620,58445,7176,478408,119018,94072,206215,1159851,250677,71664,1105783,1103166,709191,380061,335,13578,2618,4280788,21386753,,
2001:Q4,pct20to40,3477237,1753297,1392560,360738,1723939,373004,65718,35892,20852,15040,16155,8855,7300,225870,63851,20930,68715,597040,206569,50196,591219,589813,321113,256534,245,11921,1405,2886018,21384519,,
2001:Q4,pct00to20,1514097,837274,670616,166658,676823,181585,19959,11984,5997,5987,5859,2750,3109,127509,25107,2427,7427,186732,84606,23629,243607,243081,120035,117367,284,5394,525,1270490,21377276,,
2002:Q1,pct99to100,8636619,1955371,1563618,391753,6681248,526639,472488,438804,290004,148800,344918,320538,24380,2464284,113655,22881,347270,200148,1706895,43267,523939,522070,351536,65043,262,105229,1869,8112680,1074253,,
2002:Q1,pct80to99,23259619,7575172,6334602,1240570,15684447,1442974,704325,449982,314447,135534,270019,228299,41720,3991157,398383,511282,1527927,3654585,2540303,193510,3348813,3340399,2575478,557849,360,206712,8414,19910806,20398639,,
2002:Q1,pct60to80,9563689,3914399,3169892,744508,5649290,715923,156601,121853,81647,40206,66759,50468,16291,924909,227956,225985,568828,2050655,475963,113858,1843035,1838087,1323501,501696,185,12705,4947,7720654,21469035,,
2002:Q1,pct40to60,5483552,2371068,1878840,492228,3112484,486843,90380,54029,31275,22754,67168,59115,8053,482725,119768,92507,211794,1179061,255360,72848,1136557,1133953,735937,382846,86,15085,2603,4346995,21474224,,
2002:Q1,pct20to40,3495042,1759353,1399946,359407,1735688,385747,63036,33087,19604,13483,18165,10508,7657,222186,63006,20529,69215,595845,214172,50700,605512,604131,335635,256954,62,11480,1381,2889529,21471563,,
2002:Q1,pct00to20,1536949,850751,680923,169828,686198,181178,21014,9549,4061,5487,6711,3636,3076,128137,28332,2423,7754,180626,96167,24307,252798,252217,126724,119127,68,6298,581,1284151,21465317,,
2002:Q2,pct99to100,8485395,2047439,1638452,408987,6437956,522750,438643,478791,301251,177540,323168,298463,24705,2223119,121923,22903,319650,199389,1742372,45247,537478,535631,370842,63374,-2826,104241,1847,7947916,1079320,,
2002:Q2,pct80to99,22892839,7730474,6486991,1243482,15162365,1435399,686510,500870,316516,184353,255218,213450,41768,3581801,405018,495951,1427154,3648552,2527801,198092,3399458,3391058,2641187,568214,-3615,185272,8400,19493381,20484122,,
2002:Q2,pct60to80,9642487,3984329,3227355,756974,5658158,736283,157810,138071,82921,55150,65869,49558,16311,848999,224719,230115,511444,2128517,499317,117015,1885817,1880974,1360171,510638,-1960,12125,4842,7756671,21559907,,
2002:Q2,pct40to60,5533491,2443894,1943566,500328,3089597,475467,92573,63991,32283,31708,69672,60855,8817,455213,119250,90277,187537,1197270,262785,75563,1177805,1175204,767864,392009,-784,16115,2601,4355687,21564808,,
2002:Q2,pct20to40,3484838,1756719,1397540,359179,1728119,393265,59679,36163,19308,16855,21435,13538,7897,204389,62057,19994,62445,594505,221927,52260,627206,625856,351409,263445,-542,11544,1350,2857632,21561697,,
2002:Q2,pct00to20,1551365,862764,688726,174038,688601,180205,21981,10301,3454,6848,6856,3887,2969,119197,30897,2396,8876,174246,108098,25546,261817,261191,133567,119963,-563,8223,626,1289548,21556446,,
2002:Q3,pct99to100,8129071,2135384,1720348,415036,5993687,544107,412884,484695,288916,195780,314993,289907,25086,1763410,127755,22976,288897,198613,1788286,47070,549998,547752,387626,60165,-3460,103421,2246,7579073,1084557,,
2002:Q3,pct80to99,22254573,7848003,6592117,1255886,14406570,1480640,680448,518212,298094,220118,252134,210248,41886,2905611,406448,482299,1310648,3642403,2525879,201849,3472517,3463777,2717380,579979,-4264,170682,8740,18782056,20571962,,
2002:Q3,pct60to80,9685053,4068419,3295891,772528,5616634,770382,160220,143020,76723,66297,69447,53050,16397,718079,220130,235090,448733,2207134,524774,119626,1943146,1938347,1408609,520420,-2393,11711,4799,7741907,21653303,,
2002:Q3,pct40to60,5582111,2533686,2017838,515848,3048425,476781,95417,68965,30715,38250,71136,61429,9707,402385,117776,88432,161386,1215681,272706,77761,1219456,1216879,800255,400084,-864,17403,2578,4362655,21657925,,
2002:Q3,pct20to40,3488514,1776087,1419681,356406,1712427,407087,57205,36800,17929,18872,23217,14960,8257,175925,61026,19536,55164,593184,229823,53460,646696,645365,367021,267512,-595,11427,1331,2841817,21654371,,
2002:Q3,pct00to20,1561661,878214,703134,175080,683447,180109,22897,9241,1541,7699,8107,5174,2932,103018,32972,2383,9946,167803,120372,26600,271680,270988,138268,123448,-570,9843,692,1289980,21650074,,
2002:Q4,pct99to100,8381560,2217207,1795061,422145,6164353,549453,419236,495936,271607,224329,302659,277195,25464,1954482,134318,23867,298842,199405,1736607,49549,562444,560165,405241,57931,-5682,102675,2279,7819116,1089913,,
2002:Q4,pct80to99,22593237,7969965,6707407,1262557,14623273,1492490,727465,562856,276037,286819,245796,203801,41996,3022216,409303,496611,1384741,3653003,2420102,208691,3560199,3551426,2794420,595045,-6700,168661,8773,19033038,20661637,,
2002:Q4,pct60to80,9978696,4152456,3367490,784966,5826240,795537,169377,156339,69538,86802,72175,55700,16475,746851,215865,253673,465135,2294976,532024,124287,2003013,1998312,1456670,533955,-3897,11584,4701,7975683,21748643,,
2002:Q4,pct40to60,5711531,2612304,2084030,528274,3099227,470351,102265,79544,28651,50893,73090,62501,10589,420511,116547,92983,165708,1237494,258851,81884,1264103,1261530,833490,410211,-1251,19080,2572,4447428,21752992,,
2002:Q4,pct20to40,3536073,1796361,1443551,352810,1739712,416875,58395,39457,16398,23059,25605,17001,8604,177998,60010,20360,55436,592366,237222,55989,668317,667016,382971,273928,-835,10953,1301,2867756,21749033,,
2002:Q4,pct00to20,1592112,893690,718259,175432,698422,179567,23957,9351,0,9351,9178,6293,2885,107530,35202,2587,10326,161899,130465,28359,280297,279556,143521,125939,-734,10830,741,1311815,21745614,,
2003:Q1,pct99to100,8443722,2303102,1863165,439937,6140620,584122,388193,478478,262392,216086,302395,276619,25776,1882545,143730,24395,297228,197784,1790355,51395,573023,570024,421090,52651,-5604,101887,3000,7870698,1095337,,
2003:Q1,pct80to99,22593438,8130935,6874381,1256554,14462502,1565737,709569,523533,261805,261729,250120,208103,42017,2817294,418005,498072,1404211,3637998,2425526,212435,3638812,3629430,2860875,593427,-6466,181593,9382,18954626,20752624,,
2003:Q1,pct60to80,10170378,4232843,3440452,792391,5937535,837313,169989,144985,65238,79747,79139,62674,16464,710576,213037,266372,459180,2370791,559261,126893,2039431,2034728,1497665,529122,-3849,11790,4703,8130947,21845351,,
2003:Q1,pct40to60,5788225,2667966,2136045,531921,3120259,478443,103918,73063,27499,45563,73464,62159,11305,409557,116364,94643,161462,1254636,270637,84072,1296401,1293867,862260,411579,-1144,21172,2534,4491824,21849426,,
2003:Q1,pct20to40,3543628,1798216,1447444,350772,1745412,434253,55277,35587,15325,20262,26190,17404,8786,167562,59071,20601,53592,590791,245312,57175,679530,678240,397715,271254,-770,10041,1291,2864098,21845131,,
2003:Q1,pct00to20,1614987,907792,729785,178008,707194,180049,24753,8428,0,8428,11212,8475,2738,103592,38019,2694,10884,155018,143130,29415,289964,289141,147636,131090,-610,11024,823,1325023,21842475,,
2003:Q2,pct99to100,9141373,2392357,1939401,452955,6749017,596596,363310,451671,239487,212184,344124,317977,26147,2380725,156878,25330,326219,197354,1853677,53133,592757,589545,443369,49623,-4893,101446,3212,8548616,1100780,,
2003:Q2,pct80to99,23421535,8279217,7019888,1259330,15142318,1592698,700553,485945,236194,249751,291063,248951,42111,3263019,434394,513398,1569199,3635757,2440685,215607,3842449,3832884,2963922,604680,-5559,269841,9565,19579086,20844402,,
2003:Q2,pct60to80,10584534,4324961,3521081,803880,6259573,866571,171526,134060,57478,76582,100113,83588,16525,805316,212110,286185,512331,2453808,588433,129120,2115567,2110938,1562201,538392,-3371,13716,4629,8468967,21942846,,
2003:Q2,pct40to60,5967344,2750245,2209183,541062,3217098,475772,106070,67797,24923,42874,68145,55979,12165,457377,117560,99547,179802,1274391,284736,85902,1352553,1350033,906331,419479,-940,25163,2519,4614791,21946647,,
2003:Q2,pct20to40,3579870,1809309,1460631,348678,1770561,445972,52837,32217,13684,18533,20603,11501,9103,180710,58235,21488,57290,589577,253524,58109,699754,698489,416829,275236,-645,7070,1265,2880116,21942114,,
2003:Q2,pct00to20,1663132,925908,745756,180153,737224,179870,25515,7884,0,7884,16739,14071,2668,116739,41601,2914,10981,148530,156109,30341,297848,296966,155728,134521,-457,7174,881,1365284,21940071,,
2003:Q3,pct99to100,9512425,2482866,2024009,458857,7029559,593266,333435,464850,273735,191114,335802,309427,26374,2618350,168530,26004,330987,196181,1906732,55424,612186,608921,467885,48181,-7370,100225,3265,8900239,1106192,,
2003:Q3,pct80to99,23706415,8416478,7145779,1270699,15289937,1586726,680974,465421,260558,204863,289433,247406,42026,3389392,447552,519448,1619353,3625682,2444576,221380,3918849,3909235,3057074,616106,-8104,244159,9615,19787566,20936449,,
2003:Q3,pct60to80,10864388,4423105,3604319,818785,6441283,886561,171324,128907,65564,63344,105791,89386,16404,835343,210316,301760,518613,2533766,615826,133077,2175799,2171268,1614863,548426,-5042,13020,4531,8688589,22040549,,
2003:Q3,pct40to60,6103260,2844034,2287916,556118,3259226,465561,107095,62467,28417,34050,68645,55973,12672,476206,118153,102358,180201,1292843,296336,89361,1406259,1403746,949386,429316,-1270,26313,2513,4697002,22044070,,
2003:Q3,pct20to40,3612861,1831221,1485646,345575,1781639,453519,49775,29259,14679,14580,21826,12747,9079,181373,57341,21953,56584,588101,261741,60169,725870,724635,435975,282341,-843,7162,1235,2886991,22039431,,
2003:Q3,pct00to20,1698697,945018,764209,180809,753679,179215,26134,6455,0,6455,18493,16095,2398,121473,44886,3064,11458,141690,168945,31866,310905,309973,165750,135305,-513,9430,932,1387791,22037813,,
2003:Q4,pct99to100,10161055,2575111,2106368,468743,7585944,601338,308366,511879,305406,206473,323912,297226,26686,3077238,179833,27017,357223,195649,1945678,57812,638591,635330,484950,45550,5675,99155,3261,9522464,1111523,,
2003:Q4,pct80to99,24438522,8573953,7294010,1279943,15864568,1604710,668007,514671,281317,233354,285268,243221,42047,3738961,459880,537219,1772611,3622518,2433142,227581,3987099,3977482,3138292,630839,6631,201719,9617,20451423,21028244,,
2003:Q4,pct60to80,11268538,4525193,3691873,833320,6743345,913051,171777,145296,72877,72420,111120,94729,16391,907769,208260,323519,566583,2617912,640736,137321,2248673,2244249,1666872,561376,4042,11958,4424,9019865,22137883,,
2003:Q4,pct40to60,6284788,2928678,2359519,569159,3356109,461028,108456,70712,31624,39088,69812,56421,13391,512699,118577,107958,196496,1312754,304526,93090,1452611,1450102,983019,438752,1131,27201,2510,4832176,22141115,,
2003:Q4,pct20to40,3664522,1851595,1507962,343633,1812927,464042,47238,31242,15415,15827,23824,14567,9257,188340,56422,22969,59708,586791,269939,62413,749638,748436,452136,287672,907,7721,1203,2914883,22136530,,
2003:Q4,pct00to20,1743491,965775,782973,182802,777716,178970,26716,7045,0,7045,20302,18057,2244,131590,48108,3313,11587,135037,181556,33493,323327,322346,170344,138743,555,12703,981,1420164,22135112,,
2004:Q1,pct99to100,11025729,2708025,2224623,483402,8317704,627095,283815,877136,661775,215361,324412,297302,27110,3349562,186796,27836,360318,199223,2022150,59361,650136,646867,502412,41099,5250,98106,3269,10375594,1116724,,
2004:Q1,pct80to99,25291160,8873052,7581941,1291111,16418108,1659869,654087,760193,510304,249889,292361,250157,42205,3871036,463070,548064,1815347,3663127,2461230,229726,4060779,4051150,3204920,629070,6003,211157,9628,21230381,21119265,,
2004:Q1,pct60to80,11774063,4681680,3831714,849966,7092383,950129,171824,260193,182327,77866,121211,104697,16514,937742,203839,342145,569610,2724017,672802,138871,2282192,2277875,1705364,556719,3726,12066,4317,9491871,22234268,,
2004:Q1,pct40to60,6495037,3026293,2444357,581936,3468744,465138,109503,111653,69768,41884,69221,54826,14395,531169,117324,111997,195618,1340989,321849,94284,1486416,1483911,1012910,440689,972,29339,2505,5008621,22237199,,
2004:Q1,pct20to40,3724296,1882972,1538885,344087,1841324,479383,44723,39717,23516,16201,24077,14378,9699,187636,55357,23670,58688,586774,278401,62898,762454,761284,467457,286214,778,6835,1171,2961841,22232860,,
2004:Q1,pct00to20,1818893,999737,812473,187264,819156,179370,27214,27506,20212,7294,23445,21203,2243,136304,50457,3509,12103,129946,195105,34195,332896,331865,175625,142682,424,13135,1031,1485997,22231380,,
2004:Q2,pct99to100,11302103,2824883,2338622,486261,8477221,639236,259360,804152,597214,206938,329604,302069,27536,3415462,195856,28430,361650,215254,2167307,60909,671221,667520,527392,37982,5178,96968,3701,10630882,1121743,,
2004:Q2,pct80to99,25556574,9072440,7762605,1309835,16484134,1686699,638328,699769,468544,231225,304046,261685,42361,3776634,470561,550785,1849677,3713689,2562094,231851,4189959,4179965,3311784,635011,5818,227351,9994,21366616,21208990,,
2004:Q2,pct60to80,12049104,4830480,3962094,868387,7218624,979097,171307,229002,156497,72505,133503,116863,16641,925023,200452,356944,569274,2795788,717822,140409,2349551,2345282,1768828,560467,3668,12319,4270,9699552,22329126,,
2004:Q2,pct40to60,6675080,3160041,2558857,601184,3515039,462771,110135,100500,62404,38096,67555,52136,15418,532418,116831,114166,193463,1365880,355851,95469,1541582,1539102,1059900,446658,900,31644,2479,5133498,22331741,,
2004:Q2,pct20to40,3768580,1920226,1578776,341450,1848354,491072,42176,36238,21953,14284,23417,13262,10154,179871,54342,23998,57366,589193,287307,63375,784170,783020,487719,288835,722,5744,1150,2984410,22327869,,
2004:Q2,pct00to20,1865332,1032642,844644,187998,832690,179337,27611,18188,11557,6631,27192,24947,2245,135689,53241,3642,12648,129966,210280,34896,345872,344771,185650,145586,346,13189,1101,1519460,22326029,,
2004:Q3,pct99to100,11701163,2959334,2456562,502772,8741829,641362,236115,869200,651130,218069,314055,286110,27944,3481662,204209,29159,358312,231590,2313047,63118,682364,678449,548023,36165,-1546,95807,3915,11018799,1126531,488098,1877892736
2004:Q3,pct80to99,25921649,9324230,8015744,1308487,16597419,1692741,622749,743956,492160,251796,298626,256131,42495,3675939,476518,558237,1861434,3766553,2663541,237127,4291432,4281256,3405968,651541,-1656,225402,10177,21630217,21296897,89322,487893
2004:Q3,pct60to80,12368724,4987559,4109236,878323,7381164,1001880,170533,249972,170771,79201,140324,123576,16749,911357,196622,374410,559990,2868925,763106,144044,2417797,2413607,1827005,575516,-1076,12162,4190,9950926,22421878,53593,89322
2004:Q3,pct40to60,6893770,3313958,2706449,607508,3579812,455727,110542,109568,67942,41626,69048,52632,16415,533579,116040,117493,187923,1391237,390024,98631,1593362,1590898,1099926,457587,-230,33615,2464,5300408,22424157,33881,53593
2004:Q3,pct20to40,3809360,1948646,1608780,339866,1860715,499989,39731,36928,22021,14907,26133,15554,10579,171713,53289,24553,55241,591636,296283,65219,808013,806890,505903,296022,-171,5136,1123,3001348,22421006,18924,33881
2004:Q3,pct00to20,1924607,1067209,876306,190903,857398,178981,27927,20940,13956,6984,29657,27430,2228,134999,55892,3816,13261,130054,225547,36323,356109,354947,192667,148044,-58,14295,1161,1568498,22418471,0,18888
2004:Q4,pct99to100,12393265,3025436,2525172,500264,9367829,678759,237113,962984,783643,179341,362365,333925,28440,3819257,210434,30300,396133,252912,2353638,63934,696671,692591,556096,37758,-2055,100793,4079,11696594,1131047,,
2004:Q4,pct80to99,27121532,9739795,8401985,1337810,17381737,1751433,619819,745661,560107,185553,315713,272924,42789,3982192,486653,589584,1991843,3897368,2757450,244022,4471576,4461237,3532582,670889,-2257,260023,10339,22649956,21382489,,
2004:Q4,pct60to80,12681873,5139295,4244265,895030,7542578,1008320,174043,269492,210922,58570,143040,126773,16267,983629,199907,377612,620892,2853160,763074,149408,2526023,2521785,1907152,600234,-1437,15836,4238,10155850,22511981,,
2004:Q4,pct40to60,7015372,3341300,2720137,621163,3674072,471606,110901,112461,82971,29490,64643,47139,17504,549072,119126,125927,212441,1415330,389898,102668,1628562,1626072,1130678,463158,-332,32567,2489,5386810,22513903,,
2004:Q4,pct20to40,3894751,1997048,1648125,348923,1897703,504071,40167,37406,25936,11471,22325,11112,11213,186929,57504,26884,61623,607501,285108,68186,819761,818550,512427,301801,-256,4578,1211,3074990,22511742,,
2004:Q4,pct00to20,2030057,1122877,927848,195029,907180,185938,27294,31797,26348,5448,29962,27142,2820,144504,55546,3690,12466,136447,241329,38207,360616,359472,201644,146278,-103,11653,1144,1669442,22508157,,
2005:Q1,pct99to100,12558215,3089385,2586933,502452,9468830,715849,225760,925621,743424,182196,373906,344960,28946,3844994,210496,30908,402368,270709,2404046,64173,691055,686914,553653,33454,-6070,105877,4141,11867161,1135283,,
2005:Q1,pct80to99,27672078,10109385,8751255,1358131,17562693,1808490,592802,738511,544562,193949,300515,257432,43082,3967800,483967,601984,1969507,3988972,2861918,248227,4577121,4566706,3650992,670714,-6726,251726,10415,23094957,21465362,,
2005:Q1,pct60to80,12778638,5280784,4373139,907645,7497855,1013290,173696,252911,191878,61033,134334,118553,15780,996771,199938,371140,620609,2817157,765019,152990,2615839,2611568,1994726,602467,-4227,18602,4271,10162800,22599034,,
2005:Q1,pct40to60,7104174,3398460,2769133,629327,3705714,487135,108787,110060,79098,30961,66735,48067,18668,540375,119888,129861,213713,1431905,392228,105025,1637811,1635292,1150944,454741,-1013,30620,2520,5466363,22600584,,
2005:Q1,pct20to40,3961260,2036470,1678482,357988,1924789,507489,39083,41029,28348,12681,25084,13177,11907,193480,61557,28326,62480,622172,274097,69991,812128,810831,515089,291327,-777,5192,1296,3149132,22599633,,
2005:Q1,pct00to20,2102508,1174691,975095,199596,927817,192948,26327,26702,20866,5837,27489,24031,3458,146646,53941,3407,12181,141398,257300,39478,367668,366547,203157,152272,-330,11448,1121,1734841,22594708,,
2005:Q2,pct99to100,13001904,3161140,2648295,512845,9840764,739343,219465,978196,790565,187631,394764,365368,29396,3981965,211932,31796,422464,289396,2507339,64104,706378,701952,561370,33179,-3620,111022,4426,12295526,1139239,,
2005:Q2,pct80to99,28542108,10509856,9134973,1374883,18032252,1836579,575542,777259,569969,207289,292555,249255,43300,4065336,484162,624560,2013344,4089095,3022803,251017,4723130,4712454,3788448,681769,-4197,246435,10677,23818978,21545138,,
2005:Q2,pct60to80,12970416,5424951,4504964,919988,7545465,1009314,175163,267482,202469,65013,128010,112806,15204,1031096,200691,369751,647129,2784089,777101,155638,2725466,2721131,2084433,617770,-2557,21485,4335,10244951,22682674,,
2005:Q2,pct40to60,7240992,3466332,2832625,633707,3774660,496127,107736,118259,84931,33328,67144,47431,19713,539004,121178,136220,225214,1449899,407379,106501,1670327,1667788,1184425,455354,-691,28700,2539,5570665,22683840,,
2005:Q2,pct20to40,4017639,2062794,1693051,369743,1954845,506897,38648,46092,31830,14262,26193,13709,12484,203368,65675,30253,65774,637139,263617,71189,820063,818674,521843,291666,-565,5730,1389,3197577,22684258,,
2005:Q2,pct00to20,2189870,1227582,1020387,207195,962288,199630,25474,31180,24811,6368,25529,21492,4037,151410,52604,3206,11654,146684,274486,40430,376773,375664,212241,152651,-284,11056,1108,1813097,22677783,,
2005:Q3,pct99to100,13451222,3223857,2716262,507595,10227365,772584,224469,891301,740000,151300,412348,382603,29745,4227945,215771,32505,448585,307946,2628687,65223,719896,715910,569235,33890,-3396,116181,3987,12731326,1142915,,
2005:Q3,pct80to99,29490808,10908785,9515303,1393482,18582023,1883979,579814,701017,548923,152094,280735,237335,43399,4271852,489377,640850,2085123,4186613,3203101,259564,4878822,4868487,3928080,698598,-4090,245899,10335,24611986,21621438,,
2005:Q3,pct60to80,13169470,5587908,4657844,930064,7581562,1009915,180527,228658,180838,47820,120120,105632,14488,1085752,202705,365187,685231,2748550,792795,162121,2841361,2837065,2175657,639327,-2423,24504,4297,10328109,22762536,,
2005:Q3,pct40to60,7390266,3544984,2902236,642749,3845281,509530,108962,103374,79839,23535,67959,47465,20495,544097,123381,141082,241172,1467218,426915,111590,1706500,1703906,1218638,459139,-719,26848,2594,5683765,22763315,,
2005:Q3,pct20to40,4108173,2118999,1743348,375651,1989175,508362,39644,44689,33662,11027,27772,14962,12810,216443,69886,31881,70133,652041,253431,74892,830792,829330,528630,295170,-610,6140,1462,3277382,22765197,,
2005:Q3,pct00to20,2274475,1285416,1077041,208374,989059,206691,24847,23417,18467,4950,23034,18557,4477,158651,51745,2954,11007,151893,292114,42707,385004,383943,221640,152262,-336,10378,1061,1889471,22757042,,
2005:Q4,pct99to100,13780205,3270329,2767606,502723,10509876,799358,244361,926400,753192,173208,432354,402402,29952,4306102,217248,33327,471728,326749,2685583,66668,734085,730387,575714,34680,-1741,121734,3699,13046120,1146313,,
2005:Q4,pct80to99,30303749,11286577,9871260,1415317,19017172,1917301,611627,748504,558476,190028,270126,226783,43343,4306109,489671,661319,2142150,4285808,3314830,269728,4996956,4986838,4055967,713930,-2210,219150,10118,25306793,21693883,,
2005:Q4,pct60to80,13348185,5727863,4785809,942054,7620322,1005930,190683,239550,180134,59416,112420,98831,13589,1109310,203462,362657,717568,2712693,796362,169687,2947733,2943454,2258160,659428,-1263,27129,4279,10400452,22838256,,
2005:Q4,pct40to60,7505782,3596149,2942979,653171,3909633,519782,112916,112060,81890,30170,67986,47114,20871,536942,124692,146945,254962,1484657,430990,117701,1737572,1734931,1248452,462526,-421,24374,2641,5768210,22838649,,
2005:Q4,pct20to40,4201894,2176137,1793570,382567,2025757,507780,42489,50994,36629,14365,28637,15878,12759,225068,74041,33712,73978,666995,242758,79305,841142,839603,534106,298576,-374,7295,1539,3360753,22842029,,
2005:Q4,pct00to20,2360628,1340878,1130440,210438,1019750,213658,24406,24975,18772,6203,20375,15677,4698,162082,50396,2734,10399,157182,308183,45361,393851,392831,230468,151415,-225,11172,1020,1966777,22832145,,
2006:Q1,pct99to100,14569562,3249149,2736905,512244,11320412,860567,245621,969205,799795,169410,460829,430934,29895,4939407,200961,34176,493783,346240,2703495,66128,752857,749126,586591,34443,1363,126729,3731,13816705,1149432,,
2006:Q1,pct80to99,31357912,11414304,9985350,1428954,19943608,2019913,607682,771490,584176,187314,266689,223682,43008,4901613,452881,682872,2193542,4391557,3384946,270423,5168343,5158176,4200463,721108,1859,234746,10166,26189570,21762094,,
2006:Q1,pct60to80,13497954,5748471,4796008,952462,7749484,1019206,195098,248210,189761,58449,106972,94584,12388,1234243,194817,360610,747795,2679034,792536,170962,3055814,3051509,2349183,670818,1015,30493,4306,10442140,22909470,,
2006:Q1,pct40to60,7580051,3586758,2930674,656083,3993293,545678,113287,117439,87777,29662,65583,45097,20486,564204,119275,153071,267972,1503127,425770,117887,1774222,1771550,1286420,461926,389,22814,2672,5805829,22909484,,
2006:Q1,pct20to40,4247085,2173574,1779899,393675,2073511,514861,43046,55352,40562,14790,27189,15176,12013,248669,77668,35598,77639,682123,231750,79616,849497,847872,541945,298312,364,7251,1625,3397588,22914332,,
2006:Q1,pct00to20,2422283,1363189,1145797,217392,1059094,221529,23549,28791,22516,6275,17928,13422,4506,177726,45428,2521,9799,162730,323244,45848,404084,403089,242335,150978,236,9540,995,2018199,22902753,,
2006:Q2,pct99to100,14573849,3258378,2751347,507031,11315471,884517,257397,928065,737197,190868,494891,465281,29610,4805829,201205,34736,499272,365100,2778885,65574,766832,763076,594443,33155,3604,131874,3755,13807017,1152274,,
2006:Q2,pct80to99,31677227,11646818,10195887,1450931,20030409,2045737,622695,787060,556166,230894,268177,225750,42427,4717595,450569,694260,2167530,4489309,3516393,271083,5330951,5320744,4347373,727321,5318,240732,10207,26346277,21825693,,
2006:Q2,pct60to80,13510955,5829582,4865122,964460,7681373,1011577,202809,237472,165783,71689,103093,92122,10971,1219431,194887,353614,746196,2640328,799745,172221,3167000,3162669,2446545,679639,2765,33720,4331,10343956,22975812,,
2006:Q2,pct40to60,7629928,3620115,2953581,666535,4009813,554294,115461,118646,81189,37457,61416,41911,19505,541980,120113,156765,268771,1519887,434418,118062,1807812,1805109,1322741,460134,1213,21021,2703,5822116,22975462,,
2006:Q2,pct20to40,4297771,2208550,1807822,400727,2089221,512642,44898,60145,41356,18789,24077,13340,10737,252032,81807,36990,78394,696982,221335,79919,854565,852853,548780,295410,1183,7481,1712,3443206,22981685,,
2006:Q2,pct00to20,2476373,1400282,1180736,219546,1076091,228568,22756,23061,15335,7726,15611,11614,3997,176527,43808,2231,9518,168000,339678,46333,416386,415417,252208,153953,813,8444,968,2059987,22968525,,
2006:Q3,pct99to100,14932669,3252493,2752886,499607,11680176,914748,277799,923208,749916,173291,513074,483971,29103,4993576,206523,35562,521276,384911,2844563,64936,776856,773137,597114,34233,4750,137041,3719,14155813,1154838,,
2006:Q3,pct80to99,32352375,11840463,10365725,1474739,20511911,2083504,652552,767445,565541,201904,253193,211597,41596,4857657,458838,715221,2218097,4596649,3637386,271370,5478302,5468106,4466635,748626,7612,245233,10196,26874073,21884299,,
2006:Q3,pct60to80,13602359,5890430,4913409,977021,7711929,1006278,212961,227559,164892,62667,93122,83721,9401,1262948,197621,351233,776312,2605520,805136,173239,3273824,3269478,2526394,702383,3759,36941,4347,10328535,23036919,,
2006:Q3,pct40to60,7695149,3631808,2953459,678349,4063341,565626,118887,115406,83202,32203,59992,41941,18051,538993,122869,162755,281771,1538237,440791,118015,1838326,1835590,1347181,467359,1878,19172,2736,5856823,23036225,,
2006:Q3,pct20to40,4362312,2243672,1836285,407387,2118640,511449,47783,61532,44347,17184,23862,14800,9062,264010,86105,38849,82055,712064,210862,80070,863243,861446,552065,299741,1888,7752,1797,3499069,23043668,,
2006:Q3,pct00to20,2533608,1429135,1207959,221176,1104474,235820,21918,22614,15593,7021,11472,8226,3246,182321,43210,2014,8906,173638,355820,46738,427846,426908,259036,159099,1353,7420,939,2105762,23029121,,
2006:Q4,pct99to100,15438674,3226271,2726698,499573,12212403,946613,307235,845857,679067,166789,535852,507058,28794,5422209,213864,36478,551972,405356,2881636,65333,785237,781498,596240,35500,7957,141801,3739,14653437,1157125,,
2006:Q4,pct80to99,33229516,11969067,10479760,1489308,21260449,2123718,697412,723936,529751,194185,241783,200813,40970,5240224,471318,739472,2308207,4710172,3727555,276652,5612971,5602743,4549768,764162,14586,274227,10228,27616545,21937535,,
2006:Q4,pct60to80,13696837,5905525,4919598,985927,7791311,1000821,225313,200809,140638,60171,84501,76425,8077,1349338,201404,350380,823079,2573038,805043,177586,3351768,3347399,2578842,721364,6698,40495,4369,10345069,23092427,,
2006:Q4,pct40to60,7735931,3604799,2920910,683889,4131133,577533,123399,106365,75559,30806,58370,41161,17210,549309,126386,169540,301216,1557535,440370,121110,1855312,1852546,1358569,472053,3984,17940,2766,5880620,23091414,,
2006:Q4,pct20to40,4412752,2255814,1840668,415145,2156938,510172,51711,61044,43865,17179,23449,15497,7952,282215,90467,40870,87251,727241,200119,82400,869142,867259,551920,303826,4185,7328,1883,3543610,23099860,,
2006:Q4,pct00to20,2580750,1447951,1223533,224417,1132799,243169,20960,15668,8735,6932,7925,5093,2831,193170,43016,1821,8102,179518,371156,48295,432894,431983,264005,159811,3126,5041,912,2147856,23084201,,
2007:Q1,pct99to100,15848856,3170049,2661829,508221,12678807,1009679,323439,876575,702024,174551,567399,538870,28529,5716803,216953,37083,568584,425162,2872182,64946,792157,788211,601549,33966,5595,147101,3946,15056699,1159135,,
2007:Q1,pct80to99,33812878,11965893,10465919,1499974,21846985,2225747,717388,757633,544994,212638,238974,198589,40386,5485295,474891,752823,2332988,4815619,3767441,278187,5698487,5688071,4649991,759479,10976,267625,10416,28114392,21985021,,
2007:Q1,pct60to80,13695881,5852614,4858146,994468,7843267,1009498,233976,208379,142694,65684,79004,72172,6832,1411272,202912,344347,842819,2535653,795962,179446,3407563,3403146,2638032,716734,4798,43581,4418,10288318,23141971,,
2007:Q1,pct40to60,7727817,3542565,2857200,685365,4185252,603268,125603,112786,78718,34068,55048,38507,16541,550437,128282,173708,310266,1575091,428891,121871,1868754,1865968,1379722,467327,3145,15774,2786,5859063,23140670,,
2007:Q1,pct20to40,4428429,2233333,1807607,425726,2195096,515063,54054,66543,47198,19344,21356,14345,7010,296962,94693,42355,89969,742095,188897,83111,865952,863977,554886,297869,3314,7908,1975,3562477,23149838,,
2007:Q1,pct00to20,2610427,1445478,1214598,230880,1164949,251058,19781,17429,9765,7664,5272,2757,2515,201065,41949,1548,7579,185114,385157,48998,445897,445004,273074,164797,2530,4603,893,2164530,23133426,,
2007:Q2,pct99to100,16139879,3132249,2621616,510632,13007630,1020179,343497,848501,695719,152782,614926,586770,28156,5911822,223231,38171,599996,435700,2905800,65806,799341,795438,604002,34869,4944,151624,3903,15340538,1160870,,
2007:Q2,pct80to99,34326010,11995674,10480226,1515448,22330335,2221202,743199,720901,543762,177139,253553,213880,39673,5627645,485102,783354,2425162,4931408,3853083,285727,5859359,5848967,4752037,772560,10901,313469,10392,28466651,22026378,,
2007:Q2,pct60to80,13749834,5830217,4825822,1004395,7919617,991627,243515,191603,136893,54710,79912,74359,5553,1455316,206081,346378,890930,2533797,795153,185306,3493010,3488581,2702881,733926,4442,47332,4429,10256824,23185187,,
2007:Q2,pct40to60,7729000,3511413,2820793,690620,4217586,605212,128144,106253,78483,27770,47995,32294,15701,544852,131376,182016,330295,1587245,427789,126410,1890706,1887888,1399171,470352,3342,15024,2817,5838294,23183637,,
2007:Q2,pct20to40,4435601,2225202,1790292,434909,2210400,508300,56833,66059,49171,16888,15508,9568,5940,309262,99008,44689,95297,750855,178146,86441,870375,868316,556815,300915,3574,7011,2060,3565226,23193184,,
2007:Q2,pct00to20,2641068,1452633,1217018,235615,1188435,258162,18475,15162,8498,6663,4284,2167,2117,206826,41525,1399,6728,184620,400169,51086,449622,448760,280289,164343,2795,1332,862,2191446,23176455,,
2007:Q3,pct99to100,16453439,3065341,2557350,507991,13388098,1045348,410237,1001314,791391,209923,648820,620901,27918,5974112,226113,38907,618755,445584,2912979,65929,807491,803412,602753,37007,5968,157683,4080,15645947,1162329,692871,3140705024
2007:Q3,pct80to99,34798162,11930005,10399748,1530256,22868158,2245265,849224,899463,597755,301708,253116,214008,39108,5633335,488170,801521,2458975,5039646,3909719,289724,5932058,5921508,4847256,798664,16259,259329,10550,28866104,22061228,98213,692512
2007:Q3,pct60to80,13821171,5804789,4791919,1012869,8016382,979981,263397,250454,157962,92492,75330,70924,4406,1475933,207419,342599,914733,2528530,789192,188815,3588490,3584019,2766811,761332,5978,49898,4471,10232681,23221711,59648,98213
2007:Q3,pct40to60,7798837,3524410,2827646,696765,4274427,613570,136470,140571,90275,50295,44254,29048,15206,530944,133165,187351,340952,1597958,420446,128746,1914464,1911627,1413768,480905,5465,11490,2837,5884373,23219954,36508,59648
2007:Q3,pct20to40,4470574,2222683,1780713,441970,2247891,504245,64905,84664,56346,28318,13035,7856,5179,318406,103203,46410,98392,759260,167128,88244,882303,880153,556872,308333,6020,8928,2151,3588270,23229475,20541,36504
2007:Q3,pct00to20,2674688,1455543,1217452,238091,1219145,265548,16918,26608,15835,10772,1954,51,1903,209837,40402,1163,6140,183887,414323,52366,463599,462758,285212,169310,4825,3410,841,2211088,23212948,0,20529
2007:Q4,pct99to100,16079670,3056909,2546895,510014,13022761,1080680,463349,1005882,787832,218050,669753,643849,25905,5586255,222748,41301,606364,444864,2835074,66492,815211,811195,610915,39795,6924,153560,4017,15264459,1163524,,
2007:Q4,pct80to99,34854889,11887016,10340719,1546297,22967873,2362753,936956,928370,614791,313578,321321,282848,38473,5401786,495389,802824,2456558,5127539,3837800,296578,6005650,5995025,4887106,820317,17777,269826,10625,28849239,22089488,,
2007:Q4,pct60to80,13628883,5679476,4662202,1017274,7949408,989884,274906,253247,156968,96280,91253,86056,5198,1394915,209144,341036,870494,2555745,776905,191879,3606058,3601591,2773339,768995,6633,52623,4467,10022825,23251478,,
2007:Q4,pct40to60,7717783,3429607,2724875,704731,4288176,626313,142790,144094,91303,52791,48009,34226,13783,519921,135361,185362,329104,1603947,420693,132581,1949220,1946371,1436962,490023,5873,13513,2849,5768563,23249563,,
2007:Q4,pct20to40,4458421,2217299,1769029,448270,2241122,513880,71068,84632,55462,29170,5374,0,5374,308198,101664,44398,94666,752066,174002,91174,902400,900295,571140,313374,6679,9101,2105,3556021,23258612,,
2007:Q4,pct00to20,2703888,1448495,1200292,248203,1255393,267797,18258,27114,15181,11934,9900,7799,2101,217437,41976,1248,10015,182629,424855,54164,486829,485963,297671,176973,6695,4624,866,2217059,23242859,,
2008:Q1,pct99to100,15372154,2991409,2487675,503734,12380745,1119197,530657,1019443,793496,225946,693821,669801,24021,5055923,215648,43093,571626,443349,2621361,66627,819828,815204,618633,39633,8130,148808,4624,14552326,1164508,,
2008:Q1,pct80to99,34240851,11587665,10018453,1569212,22653186,2486672,1049452,961346,636460,324886,384728,346821,37907,5021449,494781,779848,2350625,5205886,3617030,301368,6086621,6075364,4912986,821734,19904,320741,11257,28154230,22112259,,
2008:Q1,pct60to80,13274718,5499817,4476014,1023803,7774901,1001054,289651,258371,158465,99906,106544,100542,6002,1288195,208866,328127,784825,2578059,737639,193571,3588733,3584178,2768369,752568,7515,55725,4556,9685985,23275626,,
2008:Q1,pct40to60,7614576,3377100,2659072,718027,4237476,640386,150969,148628,93416,55212,51227,38663,12564,500061,136128,177448,301027,1608011,388454,135137,1971792,1968966,1455863,489981,6483,16639,2826,5642783,23273598,,
2008:Q1,pct20to40,4433171,2200799,1748153,452646,2232372,524057,78850,84986,55028,29959,5692,0,5692,294135,99981,41120,87077,744477,178779,93218,910337,908258,584401,308115,7624,8117,2079,3522834,23281783,,
2008:Q1,pct00to20,2706540,1424766,1168809,255957,1281774,270008,19562,28505,15385,13119,17193,14822,2371,221488,42793,1162,14184,181031,430356,55493,513520,512597,309871,189978,9113,3635,923,2193020,23267305,,
2008:Q2,pct99to100,14930312,2928741,2439263,489478,12001572,1078057,508668,1085603,862248,223355,663974,640700,23274,4775398,213057,45446,566806,442994,2555129,66440,831784,827023,630879,43691,6644,145809,4762,14098528,1165346,,
2008:Q2,pct80to99,33854234,11299740,9711184,1588556,22554494,2450061,1007251,1002110,693405,308705,390928,352090,38838,4891315,503600,772974,2380239,5296693,3554720,304602,6010296,5998801,4898100,829800,14211,256690,11495,27843938,22130939,,
2008:Q2,pct60to80,13031428,5354679,4328059,1026620,7676748,975061,285040,272716,177537,95179,100875,93227,7649,1225279,210960,322594,756174,2606972,726849,194228,3537524,3532946,2721716,747796,5595,57839,4578,9493904,23295593,,
2008:Q2,pct40to60,7595521,3362383,2630786,731597,4233138,619040,147978,155836,103398,52437,67523,53802,13721,493988,138599,173317,294985,1614435,390708,136729,1985391,1982564,1466672,494823,4389,16681,2827,5610130,23293493,,
2008:Q2,pct20to40,4405492,2192609,1739634,452975,2212883,517958,76527,85803,57353,28450,8080,0,8080,286056,98415,38552,84754,737212,184933,94592,927335,925297,596885,312727,5244,10441,2038,3478157,23300500,,
2008:Q2,pct00to20,2727299,1410134,1150617,259517,1317165,271250,21063,35273,21884,13389,19923,16017,3905,230258,44530,1192,17709,179914,439584,56469,534034,533077,325031,191616,7466,8964,957,2193265,23287700,,
2008:Q3,pct99to100,14074599,2870901,2384906,485995,11203699,1105823,509072,1171701,931422,240278,639875,617350,22525,4054236,207612,47688,525192,441692,2433899,66908,825223,820610,625393,43852,10962,140403,4613,13249376,1166102,,
2008:Q3,pct80to99,33023631,11044264,9442899,1601365,21979367,2552021,1003937,1094108,750591,343517,401281,361432,39848,4305582,506433,758497,2239242,5376313,3430975,310978,6128141,6116646,4887278,841756,24916,362696,11495,26895490,22146927,,
2008:Q3,pct60to80,12676856,5209254,4181235,1028020,7467601,981117,285246,303556,197585,105971,97421,87931,9490,1082816,211527,313427,660584,2630112,704821,196973,3519701,3515142,2702418,741811,9582,61330,4559,9157155,23312817,,
2008:Q3,pct40to60,7528013,3326999,2587621,739378,4201015,628278,147782,173092,113716,59376,82561,67322,15238,460863,139980,167262,262622,1618688,379591,140296,1996084,1993242,1464774,499312,7932,21224,2842,5531930,23310681,,
2008:Q3,pct20to40,4368082,2172810,1716496,456314,2195271,525869,76725,90472,59308,31164,10892,0,10892,266078,96746,35535,76145,729578,189898,97334,933232,931243,603130,310265,9991,7858,1989,3434850,23316271,,
2008:Q3,pct00to20,2738174,1394916,1128256,266661,1343258,273297,22455,44735,29266,15469,23289,17579,5710,228382,45687,1168,21580,178394,446103,58169,557012,556034,328850,206816,15479,4888,978,2181162,23305456,,
2008:Q4,pct99to100,12825634,2807263,2323595,483668,10018371,1159348,583556,1312583,1064716,247866,495398,474249,21149,3003664,200395,49051,458171,438771,2250095,67340,823998,818628,620633,44193,11508,142294,5370,12001635,1166839,,
2008:Q4,pct80to99,31696734,10812850,9216113,1596737,20883884,2706125,1129435,1192807,838890,353917,299745,259719,40026,3370348,505552,710037,1978918,5437397,3236345,317174,5868073,5855825,4855966,845976,24447,129436,12248,25828661,22161619,,
2008:Q4,pct60to80,12169581,5057049,4037328,1019721,7112532,998996,302249,348054,238709,109345,50567,39773,10793,877039,211149,288372,523196,2643597,669714,199598,3472952,3468285,2664199,730624,9594,63867,4666,8696629,23328736,,
2008:Q4,pct40to60,7406500,3259952,2521384,738568,4146548,648886,157208,194418,132716,61702,118019,102749,15270,404332,140685,152974,213437,1619348,353487,143754,1985201,1982392,1457623,499811,7583,17376,2809,5421299,23326596,,
2008:Q4,pct20to40,4325658,2148034,1691636,456398,2177624,538979,85382,94663,62825,31838,19414,7041,12372,235261,95014,30834,63437,721350,193291,99999,942741,940776,608451,306936,9830,15559,1965,3382917,23330608,,
2008:Q4,pct00to20,2728287,1376723,1105569,271154,1351563,275615,23784,62978,46243,16734,15398,8702,6696,216184,46484,888,25176,176189,449040,59828,588028,586986,333193,216248,17075,20469,1042,2140259,23321984,,
2009:Q1,pct99to100,12094161,2738602,2261681,476922,9355559,1131960,575235,1382477,1103472,279005,438845,418911,19934,2563977,197275,52047,436785,434267,2076049,66641,813265,808199,618143,40104,9960,139992,5066,11280896,1167623,,
2009:Q1,pct80to99,31025310,10566917,8972633,1594285,20458392,2696236,1111278,1319449,880914,438536,280358,239883,40475,3051384,513255,711912,1926177,5480587,3049840,317916,5815495,5803378,4858458,829377,18671,96872,12118,25209815,22176415,,
2009:Q1,pct60to80,11849085,4913910,3902234,1011675,6935175,979474,300756,386506,251205,135301,36464,24113,12351,781230,212945,286511,469133,2647721,635842,198595,3428658,3424032,2652676,696224,7647,67485,4625,8420428,23344787,,
2009:Q1,pct40to60,7318523,3211258,2471352,739906,4107265,633645,156028,218321,139686,78636,135898,120014,15884,383462,142950,150593,196701,1616539,329334,143794,1978343,1975511,1461877,489446,5457,18731,2832,5340180,23342670,,
2009:Q1,pct20to40,4284364,2126787,1671643,455144,2157578,535630,84602,101381,62945,38436,26271,11833,14438,220375,93405,28402,58574,712554,196087,100297,933975,932064,616554,290984,7228,17298,1911,3350390,23345020,,
2009:Q1,pct00to20,2730545,1361895,1087770,274125,1368650,277013,25155,72256,51478,20777,15689,7642,8047,216837,48119,982,28204,173313,450846,60237,611036,609980,338881,232006,14376,24717,1056,2119509,23338697,,
2009:Q2,pct99to100,12204467,2679367,2214746,464620,9525101,1118764,539096,1188991,906455,282536,423642,404983,18660,3162903,197131,56416,476437,432645,1862815,66259,812811,808633,621893,40375,11763,134602,4178,11391657,1168518,,
2009:Q2,pct80to99,31576898,10342489,8742159,1600330,21234409,2714737,1044770,1233035,797029,436006,296608,255729,40879,3813328,527203,756412,2156319,5555602,2816215,320179,5805139,5793636,4838198,823597,21562,110279,11503,25771759,22192711,,
2009:Q2,pct60to80,11804703,4801921,3794659,1007262,7002782,966551,292660,324713,189941,134772,36798,22880,13918,881585,216327,304363,519626,2668554,593004,198600,3373371,3368868,2613414,676333,8883,70237,4503,8431332,23362409,,
2009:Q2,pct40to60,7337803,3203904,2457220,746684,4133899,624699,151111,193584,115063,78521,145619,129162,16457,432183,146352,158265,221480,1620019,295806,144784,1979913,1977027,1464365,485434,6247,20981,2886,5357890,23360337,,
2009:Q2,pct20to40,4271409,2110804,1657376,453427,2160606,535152,80603,94110,56085,38025,26362,9863,16499,237583,91892,27812,63796,704874,197169,101252,938715,936874,625320,285627,8583,17345,1841,3332694,23361018,,
2009:Q2,pct00to20,2737134,1354817,1078625,276192,1382316,278566,26424,46973,25261,21712,19262,9865,9398,246444,50362,1415,31347,171647,448881,60995,631178,630136,348384,237508,18392,25852,1042,2105956,23357007,,
2009:Q3,pct99to100,12780179,2638529,2189423,449106,10141650,1103217,490716,1287379,1014166,273213,412651,395325,17325,3777445,197517,60935,519367,431315,1794916,66193,805104,801177,617524,40663,13876,129113,3928,11975075,1169588,,
2009:Q3,pct80to99,32499279,10181496,8578338,1603158,22317782,2728146,956732,1273060,880628,392433,314579,273350,41229,4593250,542289,803436,2404358,5633660,2744305,323966,5806975,5795556,4812872,830225,25130,127329,11420,26692303,22211906,,
2009:Q3,pct60to80,11887847,4699028,3698745,1000283,7188819,952617,281012,344082,222339,121742,38197,22725,15473,982755,220008,323376,576375,2690984,579801,199614,3334369,3329899,2579935,666670,10375,72919,4471,8553478,23383040,,
2009:Q3,pct40to60,7420661,3193523,2440773,752751,4227138,614736,144253,201361,131095,70266,154336,137387,16949,480956,149969,166430,248915,1624204,295260,146719,1980640,1977733,1459106,488085,7258,23284,2907,5440021,23381031,,
2009:Q3,pct20to40,4274480,2103315,1653607,449709,2171165,534202,75110,93161,58791,34369,26091,7581,18510,254404,90403,27195,69567,697405,200762,102864,943226,941437,631095,282741,10341,17261,1789,3331254,23380111,,
2009:Q3,pct00to20,2792836,1352782,1076521,276261,1440054,280102,27496,59049,38010,21039,22901,12181,10720,276013,52718,1888,34498,170099,453190,62100,654527,653468,352896,250328,23514,26731,1059,2138308,23378325,,
2009:Q4,pct99to100,12707805,2621871,2172024,449847,10085934,1145463,466142,1239062,985351,253712,393682,377720,15962,3840184,196574,65164,533416,428781,1710813,66652,802886,800197,619953,41699,15229,123316,2689,11904918,1170897,,
2009:Q4,pct80to99,32797468,10104285,8491500,1612785,22693182,2859672,910159,1212822,884908,327915,323982,282405,41577,4796559,554643,836305,2517507,5698415,2652826,330291,5812568,5802054,4788376,831949,26686,155044,10513,26984900,22235397,,
2009:Q4,pct60to80,11807037,4619015,3618350,1000665,7188021,965522,274711,315493,213240,102252,36755,19693,17062,982501,223011,335716,582749,2706380,562874,202309,3282318,3278019,2538770,652703,11131,75415,4299,8524718,23408117,,
2009:Q4,pct40to60,7442840,3180179,2422152,758026,4262661,630381,140470,186683,128733,57950,163986,146520,17466,494086,153100,171077,256329,1625892,290422,150233,1984465,1981487,1459167,488977,7588,25755,2978,5458374,23406184,,
2009:Q4,pct20to40,4262935,2092605,1638518,454087,2170330,545223,72327,86195,57173,29023,27365,6790,20575,255330,88887,25784,70527,689605,203516,105571,948905,947197,639037,280177,11180,16803,1709,3314030,23403810,,
2009:Q4,pct00to20,2822441,1359445,1074722,284722,1462996,282485,28508,53098,33818,19281,25753,13676,12077,290849,54809,2264,37663,168040,455740,63786,675979,674950,361449,259513,27118,26871,1028,2146462,23404064,,
2010:Q1,pct99to100,12929612,2619573,2178322,441251,10310039,1126749,405479,1318081,1040246,277836,376915,362408,14507,4035886,193096,69336,549305,433708,1736366,65118,801925,798048,618073,40403,21562,118011,3876,12127688,1172509,,
2010:Q1,pct80to99,33446288,10063538,8449812,1613726,23382750,2866537,800003,1320109,938955,381155,333806,292019,41788,5139038,561755,862257,2639744,5845482,2687000,327018,5776635,5765002,4728600,814494,44288,177620,11633,27669652,22264583,,
2010:Q1,pct60to80,11846217,4551832,3557827,994005,7294385,950400,258083,348868,230108,118760,35733,17223,18509,1006711,224706,344718,592176,2765036,569340,198614,3191495,3187024,2472496,619102,17359,78067,4471,8654722,23439079,,
2010:Q1,pct40to60,7509949,3168528,2407001,761528,4341420,619096,131017,206664,137908,68756,172626,154993,17633,515855,155296,173924,265006,1644035,310182,147718,1971130,1968204,1445727,480582,13757,28138,2927,5538818,23437231,,
2010:Q1,pct20to40,4262146,2092873,1640078,452795,2169273,543779,65168,91005,57923,33082,28168,5871,22297,260112,87311,23911,71781,684881,209054,104102,951884,950187,643287,269323,21026,16552,1698,3310262,23433625,,
2010:Q1,pct00to20,2880038,1368984,1081487,287498,1511053,284111,29041,63052,40511,22541,28398,15177,13221,309282,56393,2595,40856,169124,464935,63267,713641,712527,367279,269153,48712,27383,1114,2166396,23435636,,
2010:Q2,pct99to100,12564122,2617103,2183192,433911,9947019,1109010,375883,1411431,1142998,268434,364644,351671,12974,3561752,184736,73038,519377,434863,1848086,64197,805006,800747,622684,41975,22897,113191,4259,11759116,1174489,,
2010:Q2,pct80to99,33195779,10019362,8409949,1609413,23176417,2875282,744290,1365032,1020673,344358,346136,304289,41847,4771279,558742,862081,2542364,5963329,2821164,326718,5755425,5743341,4695704,812784,45401,189452,12084,27440353,22300861,,
2010:Q2,pct60to80,11679741,4484664,3500146,984518,7195077,935879,249090,370987,263265,107723,35759,15998,19761,909039,223861,341241,522206,2815594,594536,196885,3127253,3122723,2421687,602118,17979,80939,4530,8552488,23477363,,
2010:Q2,pct40to60,7531923,3179632,2417371,762262,4352290,608292,125884,215919,154092,61827,180034,162667,17367,493850,155672,170284,241651,1664255,349403,147046,1971712,1968795,1444755,479783,13910,30348,2917,5560210,23475605,,
2010:Q2,pct20to40,4221430,2084634,1633727,450907,2136796,542607,61623,89392,59413,29979,28073,4508,23564,245809,85607,20661,65486,676475,217150,103913,958311,956647,651137,266944,21872,16693,1664,3263120,23471067,,
2010:Q2,pct00to20,2930385,1380162,1090261,289900,1550223,285807,29628,76715,54849,21866,30947,16868,14079,308931,56993,2712,43871,171095,480097,63427,734930,733769,376890,274849,53380,28650,1161,2195455,23474452,,
2010:Q3,pct99to100,13080512,2582072,2159094,422978,10498440,1116891,375254,1410594,1178149,232445,355957,344501,11457,4026412,186243,77986,554172,438957,1892454,63518,799854,797117,621666,44113,22744,108594,2737,12280658,1176901,614192,1740979328
2010:Q3,pct80to99,34186273,9867394,8255768,1611626,24318879,2936929,739929,1319997,1064268,255729,360469,318513,41956,5399765,576510,909195,2755650,6114499,2878325,327612,5727851,5716899,4658308,823555,40679,194358,10952,28458422,22345629,94564,613788
2010:Q3,pct60to80,11837906,4444035,3466088,977947,7393871,933377,248467,355420,274762,80659,36726,15660,21065,983024,228308,360027,563653,2883508,605426,195935,3074920,3070597,2373579,596338,16709,83971,4323,8762985,23524407,57760,94564
2010:Q3,pct40to60,7699500,3226537,2459507,767030,4472963,608869,125359,205739,160892,44847,187033,169837,17195,533756,159843,177965,263329,1691229,372744,147098,1971209,1968201,1438086,485815,11835,32466,3007,5728292,23522738,35598,57753
2010:Q3,pct20to40,4232408,2085059,1636128,448931,2147349,546882,61594,81913,59217,22696,27794,2856,24938,258650,84232,19491,69816,669369,223379,104229,963058,961481,656997,268209,19187,17089,1578,3269350,23517645,20380,35592
2010:Q3,pct00to20,3010626,1405857,1114004,291853,1604769,287989,30530,78045,59695,18350,33689,18686,15003,335275,59620,3245,47227,174309,490985,63856,751320,750201,383120,285696,50967,30417,1119,2259306,23521925,0,20378
2010:Q4,pct99to100,13627365,2597503,2154655,442849,11029862,1125531,415179,1348104,1054202,293902,365372,349745,15627,4449928,195598,75170,587420,424806,1978483,64272,802272,798446,612086,50475,22673,113213,3825,12825094,1179787,,
2010:Q4,pct80to99,35141988,9867045,8253767,1613278,25274943,2896153,828920,1420204,1011759,408445,379295,336497,42798,5855412,586330,944969,2896410,6226529,2912483,328237,5743076,5731132,4606969,870052,40922,213189,11943,29398912,22399839,,
2010:Q4,pct60to80,12072547,4384265,3403727,980538,7688282,940248,253067,362068,238054,124014,46117,26176,19942,1060715,227354,381222,626370,2978920,614028,198171,3074779,3070329,2331195,642443,16973,79719,4449,8997769,23581191,,
2010:Q4,pct40to60,7626466,3093847,2338096,755750,4532619,606389,129117,215337,142199,73137,168021,152319,15701,562498,157812,182843,283530,1714868,364655,147551,1948924,1945994,1393038,509134,11872,31949,2930,5677542,23579608,,
2010:Q4,pct20to40,4245321,2060947,1608863,452084,2184374,537488,65912,93207,59937,33270,26388,3999,22389,267816,83314,22860,74312,687806,219265,106007,975946,974352,646074,293075,18760,16444,1593,3269375,23574389,,
2010:Q4,pct00to20,2944168,1353037,1062035,291003,1591130,288965,31246,66186,42115,24071,37994,24359,13635,336619,57682,3495,46912,178865,479785,63381,734038,732912,368536,281632,53576,29167,1126,2210129,23579016,,
2011:Q1,pct99to100,14087308,2588510,2130835,457675,11498798,1188094,398532,1326904,1049016,277888,363281,343757,19524,4823174,206613,71704,612769,403827,2038916,64983,807030,803009,615252,48425,21774,117558,4021,13280278,1183105,,
2011:Q1,pct80to99,35650502,9767301,8141370,1625931,25883201,2964297,816587,1400592,1029905,370687,387943,344054,43889,6255215,599647,950257,2997806,6266400,2915796,328660,5772185,5759992,4608802,862949,38279,249961,12194,29878317,22462663,,
2011:Q1,pct60to80,12232938,4343439,3355046,988393,7889499,971966,241310,350031,240555,109475,52091,32781,19310,1128727,227295,387907,676497,3036465,616939,200272,3048764,3044313,2319113,633347,16259,75594,4451,9184174,23646867,,
2011:Q1,pct40to60,7566252,3013884,2262893,750991,4552367,627453,123856,204747,140606,64140,151937,136859,15077,587349,156413,180257,298265,1724300,349936,147855,1925138,1922238,1372850,506714,10842,31832,2900,5641114,23645364,,
2011:Q1,pct20to40,4240108,2032809,1577322,455487,2207299,538790,63336,92045,63031,29014,27481,6588,20893,275096,82471,24766,77499,703845,214279,107690,967913,966328,642497,291922,16661,15248,1585,3272195,23640409,,
2011:Q1,pct00to20,2890605,1312281,1022496,289785,1578324,290712,31107,63139,42252,20887,41809,28901,12908,335554,56070,3477,46443,180629,466532,62852,726885,725794,361611,284952,52422,26809,1092,2163720,23644884,,
2011:Q2,pct99to100,14221802,2613144,2131403,481741,11608657,1239802,389330,1333015,1029068,303947,382721,359670,23051,4804181,217185,68340,617289,382092,2109013,65688,809039,804772,613405,48529,20217,122621,4267,13412763,1186789,,
2011:Q2,pct80to99,35863134,9765127,8130098,1635029,26098007,3007871,816478,1487591,1038289,449302,415081,370229,44852,6242015,612041,959945,2998345,6300970,2928625,329047,5770163,5757674,4604394,871648,33775,247856,12489,30092971,22532825,,
2011:Q2,pct60to80,12362948,4345105,3348942,996164,8017843,998684,232047,367574,238162,129412,64040,45364,18676,1126542,227004,396671,689796,3091443,621690,202351,3040806,3036345,2307117,642525,14843,71859,4461,9322142,23720125,,
2011:Q2,pct40to60,7520483,2970642,2228365,742277,4549841,643479,119901,214646,136924,77722,135065,120692,14373,587543,154839,178714,298020,1732816,336701,148117,1899853,1896985,1346883,509892,9175,31035,2868,5620631,23718698,,
2011:Q2,pct20to40,4223501,2003441,1541540,461901,2220060,537377,61693,99075,65700,33375,25732,6345,19387,271746,81631,26881,77188,719957,209425,109356,966034,964456,637130,298329,13645,15351,1578,3257468,23714335,,
2011:Q2,pct00to20,2849695,1290678,998716,291962,1559017,292256,31057,62798,40269,22529,47047,34894,12153,324055,54349,3495,45962,182172,453519,62306,710458,709399,351738,282154,48466,27041,1060,2139236,23718236,,
2011:Q3,pct99to100,13563577,2620477,2135495,484982,10943100,1296290,379831,1450395,1129773,320622,379018,352559,26458,3950728,225507,64213,570780,357223,2201640,67475,814801,811157,613054,49456,20655,127992,3644,12748776,1190775,,
2011:Q3,pct80to99,34921070,9724475,8072710,1651765,25196595,3058785,814810,1635860,1128650,507210,421698,375688,46010,5351273,619705,935164,2754409,6305201,2965054,334636,5766979,5754916,4602269,886884,35398,230365,12063,29154090,22609051,,
2011:Q3,pct60to80,12270018,4359512,3355669,1003843,7910506,1027510,222981,420428,277515,142913,69046,50737,18309,975317,225510,389066,611005,3130845,630903,207893,3039758,3035408,2295203,656417,15620,68168,4350,9230259,23799660,,
2011:Q3,pct40to60,7409446,2940902,2198500,742402,4468544,661322,115996,237436,150211,87224,121187,107089,14097,535595,152392,168744,261079,1735407,327766,151621,1883346,1880464,1322708,518133,9682,29940,2882,5526100,23798302,,
2011:Q3,pct20to40,4216267,2007915,1546515,461400,2208352,536376,60033,108358,72306,36052,27406,8994,18412,246241,80733,27356,68360,735244,204965,113279,971315,969767,632390,307493,13927,15958,1548,3244953,23794795,,
2011:Q3,pct00to20,2803334,1268783,982546,286237,1534551,293766,30977,79746,56644,23101,50606,38885,11720,291613,52147,3213,45647,182539,441351,62947,708834,707848,342769,283792,53010,28276,986,2094500,23797781,,
2011:Q4,pct99to100,14027925,2623287,2120489,502797,11404639,1355034,385674,1435541,1114033,321508,354065,324573,29493,4256821,239419,61142,600583,336284,2310346,69729,818998,815388,610044,50346,21209,133788,3610,13208927,1194996,,
2011:Q4,pct80to99,35579993,9693005,8038322,1654683,25886987,3111804,840744,1656316,1142656,513660,408758,361839,46919,5683132,639041,958553,2874453,6354411,3017313,342463,5756438,5744307,4601787,904786,37680,200054,12130,29823555,22690068,,
2011:Q4,pct60to80,12495825,4348880,3342253,1006627,8146945,1057264,218893,418325,276820,141505,67449,49640,17809,1031885,226960,404337,669695,3194089,643114,214932,3047310,3042988,2287344,674523,16637,64484,4322,9448515,23884164,,
2011:Q4,pct40to60,7394885,2874381,2142109,732272,4520504,679863,114786,233798,147025,86773,109073,95546,13528,556828,152043,170481,278491,1747047,321580,156514,1864673,1861807,1296592,526178,10439,28598,2866,5530212,23882869,,
2011:Q4,pct20to40,4232675,1990148,1526270,463877,2242528,535250,60304,110591,75495,35096,31176,14003,17174,251722,80014,30128,72141,752373,200652,118177,977582,976049,627007,317531,14515,16996,1533,3255093,23880419,,
2011:Q4,pct00to20,2762270,1240921,956523,284398,1521349,295194,31215,77006,55204,21803,52024,40920,11104,288207,51058,3348,45123,184622,429460,64093,705148,704207,332164,282861,58809,30374,941,2057123,23882226,,
2012:Q1,pct99to100,14712763,2639354,2110661,528694,12073409,1394363,366699,1362020,1027406,334614,355285,323531,31754,4894143,246616,58626,643862,316020,2365961,69812,824101,819571,612004,49026,20369,138172,4530,13888662,1199389,,
2012:Q1,pct80to99,36527227,9668141,8008251,1659890,26859086,3123437,819590,1667434,1105512,561922,418560,371488,47072,6359305,644272,1007264,3057219,6413531,3008652,339821,5765562,5752567,4591033,900154,35214,226165,12995,30761665,22774599,,
2012:Q1,pct60to80,12771664,4330371,3317897,1012474,8441293,1078445,207456,402584,250625,151959,72940,56084,16855,1146669,224822,431634,754848,3262818,644058,215019,3014641,3010213,2265646,667856,15951,60760,4428,9757023,23972329,,
2012:Q1,pct40to60,7378431,2806560,2085325,721235,4571871,689724,109459,228308,134002,94306,94986,82845,12141,597744,149111,178351,305899,1760727,302718,154844,1837825,1835025,1272186,524987,9485,28366,2800,5540606,23971091,,
2012:Q1,pct20to40,4228518,1957204,1487069,470135,2271314,529968,57501,112859,75881,36978,30816,15704,15111,265278,79090,34109,78189,770052,194914,118539,971448,969902,622417,318692,12612,16180,1546,3257070,23969836,,
2012:Q1,pct00to20,2713393,1214191,927704,286487,1499202,296533,30882,64465,42579,21886,54882,44939,9943,291670,48574,3701,44324,187079,414260,62833,696238,695298,324674,284325,57533,28766,940,2017155,23970279,,
2012:Q2,pct99to100,14765420,2692069,2154370,537698,12073351,1414005,351827,1449999,1125136,324863,362187,328575,33612,4710572,248062,54570,637446,292029,2482524,70129,828265,822797,609489,49879,20002,143427,5468,13937155,1203888,,
2012:Q2,pct80to99,36461428,9754703,8086878,1667825,26706726,3093487,804827,1731637,1200594,531043,433296,386312,46984,6176332,637403,987235,3002462,6436448,3065313,338286,5764579,5750704,4584328,915181,34391,216805,13876,30696849,22861370,,
2012:Q2,pct60to80,12879706,4383243,3367011,1016232,8496464,1091122,197450,431548,291295,140253,79905,64010,15896,1115790,219598,426320,748601,3313082,657192,215855,3012522,3007987,2251998,683084,15855,57049,4536,9867184,24062849,,
2012:Q2,pct40to60,7339121,2812275,2096621,715654,4526846,690848,104868,233447,146579,86869,81118,70352,10765,588387,143957,169463,297087,1767242,296565,153864,1815819,1813086,1244842,531687,9125,27433,2733,5523301,24061660,,
2012:Q2,pct20to40,4224595,1959191,1489167,470025,2265404,520634,55213,117124,83506,33618,29818,16701,13118,257600,77987,34827,75865,786658,190288,119389,974827,973269,616780,328394,11568,16527,1558,3249768,24061676,,
2012:Q2,pct00to20,2694291,1209485,927954,281531,1484806,297908,30585,79002,59504,19499,58141,49334,8806,275431,44889,3457,43879,188147,401547,61821,685787,684848,314393,282243,58730,29482,939,2008503,24060648,,
2012:Q3,pct99to100,15340214,2750302,2201268,549034,12589913,1439376,363552,1434598,1084682,349916,361099,325843,35257,5048050,257608,51476,663563,269875,2630012,70703,826902,821229,603275,49955,19660,148338,5673,14513313,1208428,,
2012:Q3,pct80to99,37325507,9883662,8208934,1674728,27441846,3072828,840407,1819185,1197314,621871,440533,393659,46874,6536447,647424,1011242,3101181,6481318,3153311,337971,5789330,5775184,4585622,935041,33654,220867,14146,31536177,22949108,,
2012:Q3,pct60to80,13187713,4447281,3427398,1019883,8740432,1106423,196020,443560,281247,162313,84433,69374,15059,1176834,218626,441923,803784,3375154,676164,217513,3025584,3021043,2248648,703201,15791,53402,4542,10162129,24154415,,
2012:Q3,pct40to60,7376112,2802442,2093474,708968,4573670,694217,105001,242266,139963,102303,68516,58901,9615,610360,141838,171268,312045,1778146,296367,153645,1794621,1791916,1215899,540440,8795,26782,2705,5581491,24153269,,
2012:Q3,pct20to40,4259044,1969363,1498739,470624,2289681,511940,56295,123924,85741,38183,29935,18520,11415,262901,77124,37647,78992,804182,185964,120778,976811,975261,610530,337724,10564,16442,1551,3282233,24154568,,
2012:Q3,pct00to20,2673572,1207341,929971,277370,1466232,299312,30993,74538,53782,20756,60736,52895,7841,270580,42824,3594,43035,190059,389477,61084,676057,675154,301656,284092,60072,29333,904,1997515,24152042,,
2012:Q4,pct99to100,15636336,2800457,2236797,563660,12835879,1520546,390523,1415549,1091336,324213,367997,331394,36604,5102550,266239,48083,671471,246522,2734276,72121,840535,836593,608969,53939,19431,154255,3942,14795800,1212944,,
2012:Q4,pct80to99,37728371,10002224,8316866,1685358,27726147,3160816,905452,1763098,1228321,534777,454994,408381,46613,6601603,655456,1022608,3112413,6516342,3191663,341704,5763444,5750640,4574981,954427,33304,187928,12804,31964927,23036536,,
2012:Q4,pct60to80,13384194,4500994,3474575,1026419,8883200,1145689,199330,424768,289136,135632,91205,76954,14251,1187939,217122,451549,825224,3432524,685974,221877,3015585,3011307,2223598,722310,15877,49522,4278,10368610,24245721,,
2012:Q4,pct40to60,7354113,2777717,2074444,703273,4576395,721310,107782,224475,139847,84628,55892,47359,8534,615293,139328,169980,313522,1787084,285766,155963,1783174,1780396,1195578,550880,8600,25338,2778,5570939,24244609,,
2012:Q4,pct20to40,4280543,1975889,1502509,473380,2304654,512687,59296,121405,89977,31428,29268,19435,9833,260971,76222,39875,79003,821499,180492,123936,990304,988814,607140,354395,9732,17548,1490,3290239,24247141,,
2012:Q4,pct00to20,2646462,1204035,928686,275349,1442427,300359,31818,73137,56164,16973,64032,57094,6939,258957,40543,3621,42353,191600,374736,61270,668132,667355,296728,276953,62105,31567,777,1978330,24243167,,
2013:Q1,pct99to100,16512433,2890123,2305322,584801,13622309,1557513,367931,1341088,1037846,303242,357147,318811,38336,5828949,275767,45161,707103,237521,2831185,72945,819905,815463,590509,47167,19173,158614,4441,15692528,1217372,,
2013:Q1,pct80to99,39028253,10255882,8565153,1690729,28772371,3158317,873869,1688789,1212667,476122,452653,405698,46955,7361177,665284,1055951,3253804,6700110,3219865,342552,5799934,5786613,4589090,957053,32872,207598,13321,33228319,23122382,,
2013:Q1,pct60to80,13817762,4590173,3558871,1031303,9227589,1165917,187748,391270,273816,117454,92699,78867,13831,1316237,216042,471626,900702,3567062,693950,224337,3035141,3030817,2242727,726161,15936,45993,4324,10782621,24335459,,
2013:Q1,pct40to60,7405959,2763868,2070480,693387,4642092,729113,102165,204346,131541,72805,45617,37569,8048,659182,137112,174017,335710,1825613,272735,156481,1741453,1738719,1157115,548207,8375,25022,2734,5664507,24334375,,
2013:Q1,pct20to40,4317306,1985516,1507865,477652,2331789,504981,56103,117995,91249,26745,31058,22145,8913,275077,75332,43156,83729,843878,174627,125854,972788,971297,597807,347692,8849,16949,1491,3344518,24338024,,
2013:Q1,pct00to20,2634448,1210101,934883,275218,1424347,301575,31306,62448,48263,14185,65861,59402,6459,261068,38417,3839,41144,198842,359054,60794,658345,657590,275649,287493,64055,30393,755,1976103,24332733,,
2013:Q2,pct99to100,16803695,2993130,2397465,595665,13810565,1596509,356639,1183770,938349,245421,377064,337211,39853,5924855,283610,41685,715224,220534,3036646,74029,824975,819578,589210,47885,19226,163258,5397,15978720,1221646,,
2013:Q2,pct80to99,39550413,10489044,8794184,1694859,29061369,3157375,863193,1493711,1152865,340846,479340,432165,47175,7467453,671500,1065336,3263804,6892204,3362815,344639,5832897,5818680,4594685,973067,33594,217334,14217,33717516,23205369,,
2013:Q2,pct60to80,14061996,4695376,3662142,1033234,9366620,1186987,179740,321739,241303,80436,103339,89938,13401,1334171,214015,480363,923899,3671634,723099,227634,3045128,3040696,2237984,743801,16451,42459,4433,11016868,24422323,,
2013:Q2,pct40to60,7433170,2789355,2103984,685371,4643815,737511,98509,165903,117235,48668,33373,25832,7541,666083,134211,172222,337262,1858125,282834,157783,1723562,1720898,1133619,554217,8552,24509,2664,5709608,24421256,,
2013:Q2,pct20to40,4340137,2005062,1527648,477414,2335075,497088,54328,107138,89211,17927,29771,21768,8003,273709,74372,45307,83715,871056,170269,128323,977985,976482,593211,358154,8437,16680,1503,3362152,24425848,,
2013:Q2,pct00to20,2613623,1224530,954254,270276,1389093,302715,31053,43327,33715,9612,70665,64689,5976,249289,35921,3849,40321,204549,346805,60599,647842,647088,265889,283068,68255,29876,754,1965781,24419446,,
2013:Q3,pct99to100,17466902,3073237,2472948,600289,14393665,1646134,362175,1134354,907374,226980,370086,328856,41231,6286825,294548,38766,746422,204890,3234068,75397,831005,826109,590397,48998,18397,168318,4896,16635897,1225701,696485,2885343488
2013:Q3,pct80to99,40670187,10719259,9013333,1705927,29950928,3174976,885519,1456257,1148727,307530,480160,432809,47350,7846971,684113,1100554,3381867,7098194,3494236,348080,5867603,5853705,4618151,995559,31124,208871,13898,34802584,23284224,101702,696482
2013:Q3,pct60to80,14490705,4819021,3781141,1037881,9671684,1212442,177071,304983,234456,70527,105684,92689,12995,1398119,213576,501381,993104,3783400,750077,231845,3070645,3066307,2245550,766314,15710,38733,4338,11420060,24505004,59893,101700
2013:Q3,pct40to60,7554241,2830583,2148305,682278,4723658,750171,97838,154722,112202,42520,23625,16557,7067,687981,132439,176696,356359,1893392,290491,159944,1715872,1713201,1116995,565007,7619,23580,2671,5838368,24503947,36545,59893
2013:Q3,pct20to40,4400666,2034542,1558385,476157,2366124,490450,54689,106162,90796,15366,31114,23958,7156,278434,73484,48695,87675,898695,165332,131393,985855,984380,590517,370193,6692,16978,1475,3414811,24509241,20404,36545
2013:Q3,pct00to20,2612845,1242887,978956,263931,1369958,303636,31308,38049,30088,7961,72677,67152,5525,242508,34032,4083,38945,210790,333215,60715,639376,638692,257597,284225,66373,30496,684,1973469,24502014,0,20404
2013:Q4,pct99to100,18161488,3162929,2552791,610137,14998559,1681189,362191,1080727,850989,229739,382744,342530,40214,6758950,298123,41544,796498,224484,3294962,77146,845307,839987,594481,57256,20177,168073,5320,17316181,1229487,,
2013:Q4,pct80to99,41843906,10884972,9185434,1699537,30958934,3222839,892799,1401926,1094706,307220,497274,450197,47077,8313830,689884,1137313,3558460,7310626,3577966,356018,6002661,5988334,4612852,1006451,35431,333600,14326,35841245,23357958,,
2013:Q4,pct60to80,14745211,4865464,3825340,1040124,9879747,1201386,182027,286311,216041,70269,107473,94391,13082,1443138,217029,521474,1052915,3888839,741131,238025,3084712,3080240,2233737,787120,18528,40855,4472,11660500,24582486,,
2013:Q4,pct40to60,7652565,2849101,2164094,685007,4803464,759537,99029,154227,112131,42096,24427,17378,7049,692850,133877,183703,377178,1926262,287552,164822,1725237,1722547,1110055,577935,9167,25390,2690,5927328,24581430,,
2013:Q4,pct20to40,4450285,2062284,1585432,476852,2388001,492437,55053,100876,85600,15276,28847,22193,6654,284412,74357,49553,95011,902412,171545,133497,989675,988168,586501,380474,7991,13202,1507,3460610,24587139,,
2013:Q4,pct00to20,2612918,1240371,974695,265676,1372547,297845,30642,29989,21998,7991,72378,66905,5473,250642,36718,4853,38447,213270,335425,62336,636279,635523,257418,281233,70002,26869,756,1976640,24579434,,
2014:Q1,pct99to100,18794545,3244472,2618472,625999,15550073,1750371,357511,1086277,856215,230063,402183,363061,39122,7192603,300686,43799,818278,230588,3290305,77473,859649,853968,600430,62806,21138,169593,5681,17934896,1233014,,
2014:Q1,pct80to99,42702903,11028784,9343777,1685007,31674119,3338479,890679,1402462,1100223,302239,520819,474150,46669,8743259,693508,1149701,3602418,7384887,3590807,357101,5996800,5982101,4595229,998614,36412,351846,14700,36706102,23426723,,
2014:Q1,pct60to80,14863942,4901029,3862070,1038959,9962913,1204885,185598,288594,219729,68866,111168,98059,13109,1482646,219943,530048,1057545,3922942,719887,239654,3062189,3057592,2210413,785682,20123,41375,4597,11801753,24654917,,
2014:Q1,pct40to60,7712464,2884127,2201833,682294,4828337,783560,99414,160682,119748,40934,24580,17610,6970,696400,134926,184800,376643,1931210,270695,165427,1723013,1720301,1102415,583717,9558,24611,2712,5989451,24653851,,
2014:Q1,pct20to40,4466026,2063344,1585116,478228,2402682,500333,54826,99798,84866,14932,25699,19579,6120,289753,75189,49243,97434,901207,176581,132621,985819,984282,582281,381487,7906,12608,1537,3480207,24659708,,
2014:Q1,pct00to20,2612065,1238369,969788,268581,1373696,291699,29816,30110,22204,7906,72545,67164,5381,258169,39216,5421,38578,210456,335294,62392,640281,639456,258698,284510,66622,29625,825,1971784,24651845,,
2014:Q2,pct99to100,19530519,3342116,2705840,636277,16188403,1783583,337008,1098516,841691,256825,397646,359578,38068,7654472,304827,46221,850585,237290,3400093,78162,881295,875054,608929,72455,22512,171157,6242,18649224,1236308,,
2014:Q2,pct80to99,43710434,11194484,9513258,1681225,32515951,3383109,856328,1434838,1085838,349000,521511,475258,46253,9203600,700412,1168806,3696940,7464248,3726225,359933,6006442,5991205,4589141,1011314,38871,351879,15237,37703992,23490958,,
2014:Q2,pct60to80,15055459,4973341,3930456,1042885,10082117,1193568,184104,296557,216343,80214,107361,94231,13130,1528002,223691,541852,1083275,3959654,721600,242453,3071142,3066393,2194249,808084,22494,41566,4749,11984317,24722736,,
2014:Q2,pct40to60,7845910,2963953,2277702,686251,4881957,792257,96991,171947,123970,47977,26965,20062,6903,702284,136571,187539,384307,1937043,278914,167139,1735133,1732410,1100349,598199,10509,23354,2723,6110777,24721646,,
2014:Q2,pct20to40,4502551,2083849,1604112,479736,2418703,502077,52583,100182,82781,17401,24961,19336,5625,295985,76059,49242,101690,900016,183408,132499,996960,995387,579610,394864,8392,12520,1573,3505592,24727419,,
2014:Q2,pct00to20,2623176,1246121,974952,271169,1377055,286040,28513,29176,20074,9102,70212,64913,5299,266424,42051,6053,38495,207821,339419,62851,640155,639252,261607,279086,65129,33430,903,1983021,24719679,,
2014:Q3,pct99to100,19694508,3429554,2777460,652094,16264953,1826018,341056,1106904,847483,259421,411920,374949,36971,7535276,306765,48090,857664,242653,3510163,78444,901700,895917,617486,81340,23537,173554,5783,18792808,1239393,,
2014:Q3,pct80to99,44031535,11378864,9698495,1680369,32652671,3446186,872091,1439682,1091943,347739,540131,494393,45738,9063995,702678,1162119,3674291,7529040,3861663,360795,5920831,5905907,4592959,1027216,39530,246202,14923,38110704,23551102,,
2014:Q3,pct60to80,15088338,5044027,3994297,1049730,10044312,1186370,190561,299714,220009,79705,109150,96044,13106,1473341,226267,541453,1060923,3988818,723766,243948,3086334,3081576,2186216,831206,24192,39961,4759,12002004,24786381,,
2014:Q3,pct40to60,7893973,3019411,2329130,690280,4874562,804953,98941,178262,130903,47359,27648,20849,6800,675291,137376,183997,373433,1939799,287231,167630,1748986,1746199,1100707,615425,10792,19275,2787,6144987,24785253,,
2014:Q3,pct20to40,4518707,2103312,1619106,484206,2415395,505450,53472,99466,82217,17250,22133,17010,5123,288485,76853,48004,101632,898165,190216,131518,1009828,1008248,577552,407182,8079,15435,1580,3508880,24790743,,
2014:Q3,pct00to20,2625010,1254063,977215,276849,1370947,280330,27931,29493,20379,9114,69543,64350,5193,262685,44451,6468,38905,204608,343671,62862,649783,648849,264434,280576,60133,43707,934,1975227,24783363,,
2014:Q4,pct99to100,20225148,3492800,2823863,668937,16732347,1865822,343693,1095247,843398,251849,396790,360826,35963,7856734,311399,50477,882395,249189,3601703,78899,921973,916552,625699,90355,25122,175376,5420,19303175,1242295,,
2014:Q4,pct80to99,44794218,11509935,9838341,1671594,33284283,3504240,885085,1414435,1087945,326490,531077,485801,45276,9381142,710567,1178034,3735361,7604981,3976868,362492,5917057,5902368,4595420,1040100,42272,224576,14689,38877160,23607593,,
2014:Q4,pct60to80,15195824,5080974,4028769,1052204,10114850,1178312,196666,294381,220118,74263,101823,88721,13102,1495927,230271,551816,1073233,4023719,722699,246004,3102940,3098159,2177577,853751,27033,39798,4782,12092884,24846290,,
2014:Q4,pct40to60,7960177,3051900,2361710,690190,4908277,816577,100654,179481,135904,43577,31214,24476,6738,674193,139202,185965,375986,1944689,291664,168653,1762167,1759321,1100480,629556,11885,17400,2846,6198010,24845107,,
2014:Q4,pct20to40,4538284,2110145,1622801,487344,2428139,508405,54186,97015,81002,16013,22552,17867,4685,291668,77721,47834,104619,896573,196669,130896,1020908,1019318,575276,419502,8577,15964,1590,3517376,24850152,,
2014:Q4,pct00to20,2621806,1251724,970233,281490,1370082,274704,27276,28205,19576,8629,66043,60926,5116,268190,47414,7085,38968,201809,347321,63067,650730,649760,267056,276277,57453,48975,970,1971076,24843327,,
2015:Q1,pct99to100,20730828,3578018,2894355,683664,17152809,1960537,330963,1114852,887533,227320,395350,360736,34613,8066067,315706,52694,906405,255049,3675957,79230,933431,927581,629712,94094,26944,176831,5851,19797397,1245038,,
2015:Q1,pct80to99,45541026,11668773,10003484,1665289,33872253,3670926,866594,1409685,1133329,276355,535022,490671,44351,9582862,717750,1185470,3793926,7673287,4073141,363591,5896229,5881115,4581692,1030889,45834,222699,15114,39644797,23660870,,
2015:Q1,pct60to80,15315160,5128674,4073006,1055668,10186486,1193631,197706,299042,237188,61854,98452,85546,12906,1499752,234098,558190,1084648,4054652,718649,247667,3085443,3080528,2159975,850126,30500,39927,4915,12229717,24902903,,
2015:Q1,pct40to60,8051458,3100419,2408597,691822,4951039,851718,99616,184487,149033,35454,33357,26889,6468,667085,140901,185865,378224,1947922,292553,169311,1757420,1754557,1092021,633160,13340,16036,2863,6294038,24901646,,
2015:Q1,pct20to40,4563813,2119281,1629098,490182,2444532,520958,52934,96439,83184,13255,21232,17145,4087,292283,78573,47251,107495,894592,202765,130010,1015169,1013548,570541,417732,9370,15905,1621,3548644,24906118,,
2015:Q1,pct00to20,2620561,1249838,964123,285715,1370724,268655,26194,31625,24216,7409,63611,58712,4899,271412,50323,7635,39048,198700,350384,63138,656805,655762,266996,281102,54698,52965,1043,1963756,24900000,,
2015:Q2,pct99to100,21022049,3686473,2985476,700997,17335576,1992390,321602,1082539,889242,193297,383472,350160,33312,8125459,316914,54910,916663,260194,3801730,79702,953696,947537,638017,102383,28962,178175,6159,20068353,1247647,,
2015:Q2,pct80to99,45970871,11866844,10192786,1674058,34104028,3713533,854973,1352890,1135530,217361,529339,485916,43423,9629346,718418,1192049,3789718,7733639,4224760,365364,5937798,5922361,4600121,1045948,50171,226120,15437,40033074,23711371,,
2015:Q2,pct60to80,15378046,5211360,4142939,1068421,10166686,1182710,199849,286762,239148,47613,91752,79043,12708,1478301,236279,564189,1070791,4081450,724821,249784,3119057,3114027,2164350,874920,34623,40133,5031,12258989,24956658,,
2015:Q2,pct40to60,8137532,3186972,2486881,700091,4950560,860032,99174,181110,154680,26430,36640,30417,6224,651740,141418,185554,370778,1949438,304278,170399,1775748,1772861,1095513,647367,15167,14814,2886,6361784,24955307,,
2015:Q2,pct20to40,4582707,2139428,1641944,497484,2443280,522624,52110,92577,82456,10121,21145,17601,3545,289384,79323,46619,108066,892220,209797,129414,1026481,1024832,569180,429508,10456,15687,1649,3556226,24959113,,
2015:Q2,pct00to20,2624898,1260564,966528,294035,1364334,263244,25199,29922,23989,5932,60169,55468,4701,271507,52609,8183,39355,195264,355518,63364,656183,655073,269429,277614,51437,56593,1110,1968714,24953810,,
2015:Q3,pct99to100,20648824,3774684,3071907,702776,16874140,2018076,335626,1211602,1018118,193484,371962,340125,31837,7455669,315801,56490,890318,263574,3874253,80769,974533,968609,647173,110496,30959,179981,5924,19674291,1250149,,
2015:Q3,pct80to99,45554751,12036493,10355972,1680522,33518258,3744126,891923,1477070,1263168,213902,524178,481964,42214,8915557,714200,1168525,3618658,7775400,4318626,369996,5958181,5942876,4620506,1065113,53915,203342,15305,39596570,23759534,,
2015:Q3,pct60to80,15282252,5294042,4217576,1076466,9988210,1169416,210190,334776,288131,46645,84955,72555,12400,1331720,237225,555934,990523,4098610,721054,253807,3154335,3149264,2169610,900978,38735,39941,5071,12127917,25007993,,
2015:Q3,pct40to60,8161316,3266133,2555103,711030,4895183,865755,103022,209842,184222,25620,39916,34031,5885,594491,141049,177860,337939,1947074,304951,173284,1797998,1795060,1100422,664969,16794,12875,2938,6363318,25006525,,
2015:Q3,pct20to40,4608085,2179019,1681141,497878,2429066,523246,54311,99722,89841,9882,20954,17999,2956,268778,79997,44541,102582,889085,215794,130054,1039086,1037424,568203,441773,11210,16239,1662,3568999,25009607,,
2015:Q3,pct00to20,2625635,1267816,972793,295024,1357819,257931,24768,45496,39621,5875,56633,52194,4439,255940,54431,8474,40159,191085,358654,64248,661339,660187,272424,279737,46030,61997,1152,1964296,25005188,,
2015:Q4,pct99to100,21099466,3838575,3129700,708875,17260891,2091365,339539,1133134,1037725,95409,362104,331558,30546,7793963,318647,59174,921990,269937,3888994,82043,991851,986067,659214,111640,33471,181741,5784,20107615,1252567,,
2015:Q4,pct80to99,46294946,12171325,10488192,1683133,34123621,3868715,908044,1371797,1283237,88560,520887,479715,41172,9252997,718258,1194992,3715484,7847155,4349669,375624,5944873,5929621,4645267,1038065,61756,184532,15252,40350073,23805800,,
2015:Q4,pct60to80,15429927,5357005,4273802,1083202,10072922,1176380,217149,314933,296727,18205,78499,66342,12158,1359962,240270,571432,1017928,4131253,706619,258497,3147078,3141954,2175787,881014,45340,39813,5124,12282849,25057347,,
2015:Q4,pct40to60,8257444,3325909,2606894,719014,4931535,891838,105035,202702,193593,9108,43302,37659,5643,596206,142182,182411,346431,1950723,293905,176799,1801372,1798388,1109631,657401,20324,11032,2984,6456072,25055738,,
2015:Q4,pct20to40,4655901,2209828,1710631,499198,2446072,532223,55211,93990,90214,3776,20706,18225,2481,272865,80789,44842,106789,886947,220586,131124,1033084,1031406,568517,432352,13864,16673,1678,3622817,25058073,,
2015:Q4,pct00to20,2623312,1268294,971091,297203,1355017,252312,24045,44061,41526,2535,53201,48956,4245,262047,57070,9206,40116,188059,359540,65361,667870,666672,277390,279757,42350,67174,1198,1955441,25054561,,
2016:Q1,pct99to100,21458705,3915285,3190220,725065,17543420,2171160,328642,1175947,1087887,88060,376063,346433,29630,7948119,321764,61515,943020,275529,3858749,82912,1005118,998865,664733,115070,35749,183312,6253,20453587,1254927,,
2016:Q1,pct80to99,46870307,12307044,10620758,1686286,34563263,4006133,893621,1411458,1331935,79523,540063,499501,40562,9398656,722863,1204834,3764158,7910650,4331536,379291,5938949,5923242,4647606,1034757,66347,174532,15707,40931358,23850605,,
2016:Q1,pct60to80,15535279,5406160,4313754,1092406,10129119,1186251,219023,333414,317229,16186,79128,67049,12079,1356993,243457,579070,1026207,4159599,684092,261886,3148201,3142938,2170069,882420,50639,39810,5262,12387078,25105158,,
2016:Q1,pct40to60,8334579,3380466,2655726,724739,4954114,920714,104381,217018,209103,7916,44672,39088,5584,587585,143415,182882,347622,1952612,274122,179090,1804108,1801109,1106454,662770,22461,9424,2999,6530472,25103382,,
2016:Q1,pct20to40,4681335,2223545,1718753,504791,2457790,542382,54208,95669,92333,3336,17720,15542,2179,272541,81587,44341,109237,884446,224324,131337,1030672,1028962,565123,432130,14864,16844,1710,3650663,25104983,,
2016:Q1,pct00to20,2620906,1266141,962186,303955,1354766,246720,22986,50026,47727,2299,51726,47549,4178,264221,59771,9798,40221,184691,358579,66025,670025,668751,278096,285088,33818,71749,1274,1950882,25102359,,
2016:Q2,pct99to100,22018099,4022847,3274495,748352,17995252,2184086,306482,1203388,1141530,61859,376121,347244,28877,8215348,327513,64119,966184,310519,3957391,84101,1024338,1017798,672876,122268,38189,184465,6540,20993761,1257253,,
2016:Q2,pct80to99,47645404,12566659,10879243,1687416,35078744,4011845,855489,1436043,1383188,52856,546602,506474,40128,9663058,732962,1226217,3823106,7946181,4452749,384491,5987739,5971730,4671098,1048644,69516,182472,16009,41657664,23894389,,
2016:Q2,pct60to80,15717820,5507742,4405794,1101948,10210078,1168239,216727,349922,339398,10524,75364,63301,12063,1373883,248039,592209,1038623,4194577,686196,266298,3185138,3179762,2178960,905160,55583,40059,5375,12532682,25151866,,
2016:Q2,pct40to60,8455401,3469636,2741922,727714,4985765,921084,101612,230540,225623,4917,47638,42045,5593,585829,145646,186185,350415,1953971,280501,182344,1821801,1818779,1110815,675699,23942,8323,3023,6633600,25149893,,
2016:Q2,pct20to40,4702565,2243184,1730338,512846,2459381,540894,51732,96679,94533,2146,16452,14505,1947,275079,82464,44385,112039,876744,230700,132212,1039231,1037494,563838,442199,14978,16480,1737,3663334,25150807,,
2016:Q2,pct00to20,2646335,1277677,964229,313448,1368658,241696,21692,56187,54633,1554,48969,44811,4158,268902,63015,10495,40307,187462,362891,67041,661983,660643,280270,282824,22533,75016,1340,1984352,25149011,,
2016:Q3,pct99to100,22520536,4096300,3353424,742877,18424236,2255438,293324,1133542,1113641,19902,362445,334489,27956,8506727,331341,66801,999461,346051,4044103,85002,1046147,1040213,683783,129849,40958,185623,5934,21474389,1259572,869988,3795151616
2016:Q3,pct80to99,48372864,12681858,10986254,1695605,35691006,4132636,835969,1375403,1359656,15747,540867,501435,39433,9953212,739014,1250519,3928207,7986076,4560801,388300,6049926,6034361,4701061,1068301,73288,191710,15565,42322938,23937589,111580,869988
2016:Q3,pct60to80,15914243,5611861,4502511,1109350,10302382,1174915,217569,332033,329002,3031,67139,55197,11942,1395236,251602,606758,1069246,4231852,686243,269789,3228378,3223015,2190519,930857,61305,40334,5363,12685866,25197908,67758,111576
2016:Q3,pct40to60,8635154,3601262,2860133,741129,5033892,946384,100472,226276,224960,1316,52125,46618,5508,585725,147142,190205,360162,1956186,284485,184729,1848872,1845778,1119765,693030,25714,7269,3093,6786282,25195710,41328,67741
2016:Q3,pct20to40,4777356,2306392,1795729,510663,2470965,549664,50416,92966,92358,608,16847,15185,1662,278289,83281,44562,116492,869158,236811,132479,1051118,1049378,563930,454164,15201,16082,1740,3726239,25196018,23297,41327
2016:Q3,pct00to20,2684452,1316153,1004586,311567,1368300,236314,20591,50018,49544,474,44919,40845,4074,274159,65874,11222,40282,190411,366772,67738,658950,657585,284290,285390,9725,78181,1365,2025502,25194947,0,23297
2016:Q4,pct99to100,22656999,4140176,3405716,734460,18516823,2251269,288143,1056818,1056818,0,364532,336880,27651,8612011,342943,66201,994856,369566,4084122,86362,1060064,1054689,686404,125122,47656,195506,5376,21596935,1261903,,
2016:Q4,pct80to99,48623666,12914070,11202114,1711956,35709596,4196469,820804,1326781,1326781,0,524161,484938,39223,9997890,730090,1238588,3974117,7978098,4528570,394030,6051857,6036994,4723818,1083719,68657,160800,14862,42571810,23980572,,
2016:Q4,pct60to80,16062705,5685969,4570037,1115932,10376735,1216998,214828,314820,314820,0,63576,51401,12175,1432564,251957,596598,1067304,4253565,692345,272181,3264549,3259246,2202287,958186,58170,40604,5302,12798156,25243651,,
2016:Q4,pct40to60,8676240,3611220,2860388,750832,5065019,949010,98776,210697,210697,0,50040,44634,5406,593412,145135,191336,367688,1990579,279611,188735,1874618,1871489,1125655,713099,24807,7929,3129,6801621,25241196,,
2016:Q4,pct20to40,4842697,2351554,1839690,511865,2491143,563819,49182,90954,90954,0,17009,14918,2091,281470,84223,43047,117577,872877,235919,135065,1074813,1073069,569540,471438,14706,17385,1744,3767884,25241008,,
2016:Q4,pct00to20,2735881,1336615,1024931,311684,1399267,256877,22628,46164,46164,0,40893,36934,3958,283425,63145,11074,40897,198086,365568,70510,654466,653181,284227,284873,9300,74781,1285,2081416,25240524,,
2017:Q1,pct99to100,23370937,4187305,3453193,734111,19183632,2272861,278303,1037379,1037379,0,386664,359525,27139,9158530,359130,66474,1019274,395023,4123248,86746,1068899,1062713,689705,114884,53730,204394,6186,22302038,1264247,,
2017:Q1,pct80to99,49613331,13121865,11390200,1731665,36491466,4311464,795699,1328786,1328786,0,526015,487268,38746,10499073,730634,1267644,4153966,7988760,4494373,395053,6070459,6055156,4743880,1073752,63300,174224,15303,43542872,24023408,,
2017:Q1,pct60to80,16402340,5761276,4635112,1126164,10641064,1270141,210277,315216,315216,0,66171,53843,12328,1545981,254717,605877,1117970,4285028,698251,271436,3267996,3262562,2211251,955184,54619,41508,5435,13134344,25289167,,
2017:Q1,pct40to60,8828119,3656773,2896632,760141,5171346,962627,96178,204423,204423,0,45751,40550,5201,626233,144844,202555,395587,2028953,274403,189793,1888698,1885605,1131749,720526,23456,9873,3094,6939421,25286436,,
2017:Q1,pct20to40,4922171,2390649,1873520,517128,2531522,582566,47336,91597,91597,0,14519,12037,2482,295306,85306,43496,123516,877289,234982,135609,1081902,1080116,575234,473773,13732,17377,1785,3840269,25285853,,
2017:Q1,pct00to20,2833680,1386154,1070162,315992,1447525,277381,24542,47941,47941,0,38477,34708,3769,302415,61330,11280,41131,206536,364283,72208,654889,653619,284709,292305,8509,68097,1270,2178791,25285826,,
2017:Q2,pct99to100,23983829,4236301,3508790,727512,19747527,2210202,274686,1057958,1057958,0,394208,367207,27001,9472982,373127,66487,1031827,420144,4358437,87470,1083732,1077211,694214,108861,60792,213344,6522,22900096,1266602,,
2017:Q2,pct80to99,50369017,13329525,11584750,1744775,37039492,4260314,783820,1371149,1371149,0,515179,476376,38803,10754964,726457,1284381,4281889,7994322,4669314,397702,6119702,6104358,4773079,1081863,63047,186368,15344,44249314,24066095,,
2017:Q2,pct60to80,16713771,5860685,4729433,1131252,10853086,1287863,208125,332066,332066,0,64609,51879,12729,1620398,256289,609307,1147969,4313985,740709,271767,3303481,3297981,2226395,975137,54051,42398,5500,13410290,25334458,,
2017:Q2,pct40to60,9003890,3736661,2968822,767839,5267230,940312,94775,206418,206418,0,43254,38058,5197,645751,143693,210742,415816,2066469,308127,191872,1917749,1914666,1141142,737051,24692,11782,3083,7086141,25331440,,
2017:Q2,pct20to40,4997121,2438265,1919894,518370,2558856,586538,46304,94694,94694,0,14150,11064,3087,303455,86322,43353,127576,881520,238083,136860,1104300,1102486,581848,487772,15457,17409,1814,3892821,25330549,,
2017:Q2,pct00to20,2947847,1443766,1127445,316321,1504080,298440,26622,55646,55646,0,35111,31401,3710,316501,59049,11380,41492,214833,370723,74284,650458,649227,285881,292025,9812,61509,1231,2297389,25330864,,
2017:Q3,pct99to100,24463001,4286804,3568888,717915,20176197,2181388,290718,1010053,1010053,0,400786,374646,26141,9820474,388959,66533,1049582,445388,4432697,89619,1097177,1090502,699091,102300,66406,222705,6675,23365823,1268963,,
2017:Q3,pct80to99,51055523,13535444,11779727,1755717,37520078,4276147,813391,1344068,1344068,0,503541,465654,37887,11041807,725992,1302616,4435921,7999607,4669780,407209,6162257,6147024,4808871,1094568,58375,185210,15232,44893266,24108629,,
2017:Q3,pct60to80,17006432,5955430,4820991,1134438,11051002,1319972,213478,320576,320576,0,62720,49969,12751,1701123,258808,613443,1188188,4342922,753118,276654,3342584,3337044,2246436,996567,50941,43101,5539,13663848,25379524,,
2017:Q3,pct40to60,9140651,3794601,3019366,775235,5346050,932433,97095,194294,194294,0,40409,35606,4803,667086,143215,219298,440240,2104107,309625,198249,1948748,1945666,1152290,756478,23569,13329,3082,7191903,25376220,,
2017:Q3,pct20to40,5082979,2491408,1973496,517912,2591571,596497,47809,93561,93561,0,13508,10100,3408,312342,87396,43281,132592,885747,237749,141089,1124935,1123097,588929,501651,14680,17837,1838,3958044,25375092,,
2017:Q3,pct00to20,3045248,1498342,1183407,314935,1546906,319352,29362,53102,53102,0,31557,28172,3385,331425,57123,11493,41750,223164,370639,77938,650963,649779,287184,297619,9176,55800,1185,2394285,25375650,,
2017:Q4,pct99to100,25267299,4315705,3606953,708752,20951594,2176502,311443,1007161,1007161,0,389525,363985,25540,10411556,404964,66670,1071108,470939,4551270,90456,1111009,1104245,703222,97264,72560,231198,6765,24156289,1271328,,
2017:Q4,pct80to99,52124121,13722937,11939777,1783161,38401184,4339619,851990,1363220,1363220,0,476247,438893,37354,11576522,725756,1325034,4609717,8006573,4716119,410388,6238152,6223085,4840335,1111695,55867,215189,15066,45885970,24151009,,
2017:Q4,pct60to80,17365393,6033417,4886219,1147199,11331976,1362425,220267,327879,327879,0,55909,42942,12966,1824379,261393,619560,1236207,4372848,773785,277325,3388616,3383046,2263680,1026021,49091,44254,5570,13976778,25424366,,
2017:Q4,pct40to60,9315580,3845292,3054890,790402,5470288,934775,100131,191389,191389,0,39473,34925,4548,702078,142776,228878,467948,2142261,319916,200663,1982104,1979020,1161615,778114,23563,15727,3084,7333476,25420787,,
2017:Q4,pct20to40,5184222,2545138,2023843,521295,2639083,610747,49852,95259,95259,0,15208,11304,3904,326945,88475,43409,138339,890042,238235,142571,1149794,1147935,595462,520051,15075,17347,1860,4034427,25419479,,
2017:Q4,pct00to20,3152804,1551683,1234855,316827,1601121,340244,32338,57376,57376,0,26840,23692,3148,351640,55212,11641,41913,231605,372166,80146,644297,643163,288031,297640,9448,48045,1134,2508506,25420196,,
2018:Q1,pct99to100,25475527,4386897,3679994,706903,21088630,2211668,304554,1016474,1016474,0,396185,371371,24814,10399329,419500,66168,1053991,495679,4633698,91385,1121098,1112984,706617,87071,79040,240256,8113,24354430,1273692,,
2018:Q1,pct80to99,52479513,14030267,12221101,1809166,38449247,4482986,833114,1396028,1396028,0,465635,428960,36675,11486519,722316,1317748,4605059,8003262,4722578,414002,6252766,6236820,4856412,1100011,54123,226274,15945,46226748,24193232,,
2018:Q1,pct60to80,17579330,6149537,4988840,1160697,11429793,1422245,216923,340807,340807,0,54484,41333,13151,1844427,263175,611566,1212589,4397619,787676,278281,3389143,3383367,2269305,1021237,47686,45139,5776,14190187,25468984,,
2018:Q1,pct40to60,9442921,3914365,3111290,803075,5528556,954240,98104,190857,190857,0,36699,32480,4219,703068,141754,231183,467980,2178537,322783,203352,1996293,1993273,1166853,784836,23972,17612,3020,7446629,25465154,,
2018:Q1,pct20to40,5265833,2600240,2072878,527362,2665593,632192,48368,97819,97819,0,14669,10275,4394,327214,89510,42111,137547,893969,237951,144244,1158019,1156103,600832,521950,15906,17416,1916,4107814,25463707,,
2018:Q1,pct00to20,3260723,1616980,1295303,321677,1643744,361109,34492,63811,63811,0,23534,20678,2857,359183,52983,11533,42718,239697,372225,82459,646166,645023,288669,304771,10057,41526,1143,2614557,25464514,,
2018:Q2,pct99to100,25841359,4411992,3709808,702185,21429367,2153525,315268,1049533,1049533,0,406046,382046,24000,10593091,435746,65947,1056081,521138,4741054,91937,1138306,1130140,712564,79993,87466,250118,8166,24703054,1276054,,
2018:Q2,pct80to99,52920225,14195280,12361737,1833543,38724944,4441287,850378,1455352,1455352,0,458310,422405,35905,11606468,722332,1323532,4691330,8006062,4754096,415795,6275941,6260195,4890134,1103305,55427,211330,15746,46644284,24235294,,
2018:Q2,pct60to80,17823884,6231394,5058758,1172636,11592490,1442222,219878,365249,365249,0,54099,40769,13331,1900459,265838,609772,1225087,4425656,806210,278019,3422483,3416681,2286561,1036541,47939,45640,5802,14401402,25513378,,
2018:Q2,pct40to60,9578068,3988877,3173200,815676,5589191,933866,99212,194899,194899,0,33587,29755,3831,715649,141358,236696,482230,2216220,330572,204902,2026188,2023165,1178690,799441,26219,18815,3023,7551879,25509332,,
2018:Q2,pct20to40,5331433,2643687,2111790,531897,2687746,637080,49084,102039,102039,0,13745,8850,4896,332346,90598,41440,140081,898125,238083,145126,1181157,1179220,608112,534095,18766,18247,1937,4150276,25507771,,
2018:Q2,pct00to20,3369487,1671864,1346902,324963,1697623,382315,37295,74882,74882,0,20515,17994,2521,371245,51084,11537,43195,248069,373125,84359,645479,644389,290791,304800,12238,36559,1090,2724008,25508615,,
2018:Q3,pct99to100,26524087,4443268,3746877,696391,22080819,2079380,315611,1106288,1106288,0,418029,394871,23158,11099843,452590,65753,1074192,547491,4828655,92986,1154300,1145580,718909,73972,92947,259752,8720,25369787,1278408,,
2018:Q3,pct80to99,53742328,14380062,12527533,1852528,39362266,4367725,846215,1540894,1540894,0,453288,418154,35134,12045132,723477,1330582,4854580,8016994,4763395,419983,6324077,6308116,4930341,1118619,51873,207284,15961,47418251,24277195,,
2018:Q3,pct60to80,18171726,6325248,5144011,1181237,11846478,1455252,219100,402713,402713,0,54445,40891,13554,2010984,268795,608572,1268259,4457981,821032,279345,3467857,3461960,2308549,1061558,45545,46308,5897,14703869,25557550,,
2018:Q3,pct40to60,9718787,4044044,3218084,825961,5674742,906658,98450,203387,203387,0,30288,26869,3419,745727,141164,242524,508674,2255694,334221,207955,2062002,2059001,1192278,820840,25559,20324,3001,7656785,25553332,,
2018:Q3,pct20to40,5414903,2696650,2161840,534811,2718253,639087,48486,107865,107865,0,12634,7177,5456,344788,91704,40827,145442,902582,237788,147049,1205327,1203355,615881,550288,18423,18763,1972,4209576,25551669,,
2018:Q3,pct00to20,3493167,1729368,1402579,326790,1763798,403516,39789,91755,91755,0,17703,15543,2160,390006,49289,11553,43369,256793,373211,86814,646213,645152,293062,309288,11937,30865,1061,2846954,25552513,,
2018:Q4,pct99to100,24972850,4343040,3658004,685035,20629810,2083026,361061,1163136,1163136,0,416455,394155,22300,9572094,460696,64077,977403,570390,4867063,94408,1173467,1165238,723250,68293,102907,270788,8229,23799382,1280752,,
2018:Q4,pct80to99,51550286,14122362,12239791,1882571,37427923,4449361,932458,1627012,1627012,0,436549,402161,34389,10395650,706211,1269335,4476925,7988661,4719800,425962,6332781,6317473,4958348,1132182,54523,172420,15308,45217505,24318931,,
2018:Q4,pct60to80,17785272,6268658,5073655,1195002,11516614,1502076,233485,442992,442992,0,51234,37389,13846,1771189,267097,574919,1094801,4470333,826631,281857,3510083,3504236,2322697,1088607,46355,46578,5846,14275189,25601499,,
2018:Q4,pct40to60,9608092,4041253,3198348,842905,5566838,912715,105283,211616,211616,0,28224,25235,2989,662053,137629,231653,450245,2287589,327700,212132,2095409,2092375,1200991,841450,28860,21075,3034,7512683,25597166,,
2018:Q4,pct20to40,5404754,2707499,2169616,537883,2697256,655098,53377,113691,113691,0,13141,7037,6104,309583,92544,36941,130950,905622,236557,149751,1235234,1233257,622187,568295,22562,20213,1978,4169520,25595397,,
2018:Q4,pct00to20,3526856,1739639,1411430,328209,1787217,424713,44000,110698,110698,0,14033,12254,1779,366272,45695,10976,45605,264081,371460,89685,645368,644386,294145,308216,15119,26906,983,2881487,25596218,,
2019:Q1,pct99to100,26849933,4321537,3623983,697554,22528396,2100345,395697,1211887,1211887,0,426349,404820,21529,11134489,480446,64882,1039930,600244,4979454,94674,1177876,1168782,725136,57898,104566,281182,9093,25672057,1283083,,
2019:Q1,pct80to99,53836984,14132743,12228661,1904082,39704240,4558732,995187,1705328,1705328,0,430574,396741,33833,11911718,713203,1322605,4852838,8034991,4752696,426369,6312320,6296543,4970825,1120231,46629,158859,15777,47524663,24360500,,
2019:Q1,pct60to80,18397934,6264308,5055330,1208978,12133626,1555082,243420,481825,481825,0,51431,37115,14317,2064979,271550,595664,1221956,4521000,846062,280657,3505628,3499644,2326847,1083847,41797,47153,5984,14892306,25645227,,
2019:Q1,pct40to60,9848210,4038601,3188723,849879,5809609,924648,109925,217983,217983,0,25223,22607,2616,751175,138494,248799,510034,2334387,336123,212819,2101997,2099003,1203666,847671,25268,22397,2994,7746214,25640846,,
2019:Q1,pct20to40,5487380,2704207,2155342,548865,2783172,673647,56827,119020,119020,0,12567,5600,6966,346722,93742,38542,144078,911374,236618,150034,1238398,1236377,626668,569824,18850,21034,2021,4248982,25638951,,
2019:Q1,pct00to20,3647626,1766500,1427926,338574,1881126,446012,47850,129832,129832,0,11248,9827,1421,407515,44456,11392,45021,274221,372297,91283,643553,642586,293796,314999,12198,21593,967,3004073,25639743,,
2019:Q2,pct99to100,27582001,4426515,3730256,696259,23155487,2025832,385371,1276001,1276001,0,443239,422570,20669,11524786,496063,65135,1054430,613429,5175888,95313,1190241,1181367,728570,50569,111561,290667,8874,26391761,1285396,,
2019:Q2,pct80to99,54956648,14607343,12686868,1920475,40349305,4484824,969365,1799536,1799536,0,431122,397892,33231,12223589,711431,1350351,5003832,8074665,4872015,428575,6365818,6350470,5010422,1130350,45375,164323,15348,48590830,24401898,,
2019:Q2,pct60to80,18884161,6462973,5245937,1217037,12421188,1568149,239105,532297,532297,0,53655,38792,14864,2157095,273791,604278,1259441,4571495,881235,280648,3552256,3546284,2351037,1106638,40650,47960,5972,15331904,25688735,,
2019:Q2,pct40to60,10059186,4147398,3289595,857802,5911788,897326,107333,227032,227032,0,21585,19397,2188,774689,137767,259701,534794,2375176,361747,214637,2131924,2128912,1213683,865028,26006,24194,3013,7927262,25684383,,
2019:Q2,pct20to40,5599344,2785960,2232877,553083,2813384,675662,54868,125230,125230,0,11342,3393,7949,356353,94814,38918,148977,918065,238056,151099,1260473,1258438,633279,583836,20052,21271,2035,4338871,25682327,,
2019:Q2,pct00to20,3813703,1858468,1516525,341942,1955235,467301,50273,155221,155221,0,8928,7917,1011,424233,42358,11586,45241,280845,375950,93298,638791,637890,293974,315685,13094,15137,901,3174911,25683099,,
2019:Q3,pct99to100,27630232,4367587,3690629,676957,23262645,1982218,453678,1270943,1270943,0,465464,445753,19712,11471160,511942,65121,1048361,626153,5271884,95722,1201998,1192553,733623,43745,114596,300589,9445,26428234,1287689,867873,3819800576
2019:Q3,pct80to99,54979487,14511020,12561050,1949970,40468467,4472813,1095224,1825795,1825795,0,436589,403998,32590,12079502,710099,1365815,5058594,8109412,4884949,429677,6415316,6399744,5051678,1144783,40706,162577,15572,48564171,24443124,127269,867536
2019:Q3,pct60to80,19055271,6488632,5259861,1228771,12566639,1594754,258336,544738,544738,0,57443,41924,15518,2173271,276150,607051,1257957,4619453,897588,279900,3597708,3591638,2374931,1130278,37745,48685,6069,15457563,25732021,74020,127269
2019:Q3,pct40to60,10191522,4231510,3355073,876437,5960012,883239,116757,222507,222507,0,17449,15747,1702,773559,137119,267604,544369,2414996,366648,215765,2164513,2161524,1225883,885465,24347,25829,2989,8027009,25727790,45817,74020
2019:Q3,pct20to40,5680285,2843050,2290249,552801,2837235,683275,62142,127540,127540,0,9703,606,9096,355693,95896,38705,150327,924587,237683,151685,1281361,1279290,640565,598469,18524,21732,2070,4398925,25725522,25963,45817
2019:Q3,pct00to20,3914062,1912002,1572215,339787,2002059,488631,55351,163001,163001,0,6922,6379,543,431983,40297,11675,45858,287281,375995,95065,638503,637631,295298,321408,11882,9044,872,3275558,25726299,0,25963
2019:Q4,pct99to100,28347559,4360602,3688555,672047,23986957,2078264,471023,1231175,1231175,0,445779,427318,18462,12149630,503420,66531,1085871,631015,5227220,97030,1208222,1199169,741878,53575,112568,291148,9053,27139338,1289959,,
2019:Q4,pct80to99,56636120,14424628,12450867,1973761,42211492,4677807,1172922,1805848,1805848,0,435178,400813,34365,13130064,731322,1395986,5316465,8213310,4893646,438943,6482147,6466300,5064976,1179600,45317,176407,15847,50153973,24484190,,
2019:Q4,pct60to80,19323237,6494071,5253866,1240204,12829167,1643056,268322,512619,512619,0,60706,46678,14027,2279794,276570,611015,1340983,4644322,906162,285618,3638340,3632296,2399801,1145180,38694,48622,6044,15684897,25775103,,
2019:Q4,pct40to60,10433578,4255745,3368819,886926,6177833,931211,124706,217322,217322,0,21543,18380,3163,861266,140359,262858,571557,2423459,401184,222369,2190702,2187642,1245423,888999,25017,28204,3060,8242876,25771091,,
2019:Q4,pct20to40,5775213,2838346,2282776,555570,2936867,705746,65967,123518,123518,0,10204,2294,7909,369198,93327,42126,158890,966189,245479,156224,1286704,1284695,642378,602492,19026,20799,2009,4488509,25768549,,
2019:Q4,pct00to20,3898760,1869796,1526961,342835,2028964,487163,54916,147529,147529,0,7803,7141,663,464038,41251,11894,48527,284429,385111,96303,643562,642678,296864,322346,13576,9892,884,3255198,25769369,,
2020:Q1,pct99to100,25451677,4479980,3811166,668813,20971698,2179793,581338,1205021,1199935,5085,494572,477187,17385,9048576,491745,65697,945137,626783,5236466,96569,1213095,1203104,749264,56094,116558,281188,9991,24238582,1292208,,
2020:Q1,pct80to99,54149255,14850460,12857584,1992876,39298795,4893777,1429413,1795312,1790670,4642,493075,457121,35954,10286124,746097,1323400,4716482,8216804,4958598,439714,6510367,6493143,5065666,1169925,55825,201727,17224,47638888,24525167,,
2020:Q1,pct60to80,18733777,6677235,5427925,1249310,12056542,1693554,303971,488120,487157,963,81871,69128,12743,1733616,275339,566127,1085573,4617827,924859,285684,3619405,3613203,2415540,1106495,42463,48705,6202,15114372,25818052,,
2020:Q1,pct40to60,10416611,4398046,3503266,894780,6018565,981612,146346,214005,213534,471,19619,15147,4472,733582,142428,232992,465277,2412184,446870,223651,2192345,2189286,1261412,867473,29565,30836,3059,8224265,25814370,,
2020:Q1,pct20to40,5819939,2905437,2347433,558004,2914502,729148,80686,120339,120049,290,6902,0,6902,294466,90654,40639,136145,1004257,254190,157076,1267829,1265846,643130,579256,23941,19520,1982,4552111,25811483,,
2020:Q1,pct00to20,3890394,1908592,1562839,345753,1981802,485488,56667,135768,135536,233,12787,12002,785,414810,41573,11221,54005,277815,396082,95587,661870,660913,298082,333875,18836,10120,957,3228524,25812390,,
2020:Q2,pct99to100,27638514,4528792,3865979,662813,23109722,2400452,624080,1095232,1042514,52718,479576,463213,16362,10966066,489111,68610,1048950,628773,5211297,97574,1212440,1203264,758463,60444,111506,272851,9177,26426074,1294437,,
2020:Q2,pct80to99,57930355,15050087,13055260,1994827,42880268,5348038,1557176,1677157,1620491,56666,493816,456606,37210,12589431,779937,1422284,5287988,8289314,4987565,447562,6511648,6494493,5076931,1168209,56801,192552,17156,51418707,24566139,,
2020:Q2,pct60to80,19491637,6799003,5551066,1247936,12692634,1795461,320743,409150,397524,11626,85186,73643,11543,2055898,278920,602719,1290497,4626547,937057,290455,3616451,3610332,2437957,1082192,41822,48361,6119,15875186,25860958,,
2020:Q2,pct40to60,10922727,4514415,3619342,895072,6408312,1083114,158105,191724,185432,6293,23167,17601,5565,888966,147953,245002,541158,2414457,485291,229374,2196155,2193001,1281681,850656,27964,32700,3154,8726572,25857722,,
2020:Q2,pct20to40,6023684,2947581,2391998,555583,3076103,773810,87536,111456,108057,3399,5943,0,5943,337520,88251,47349,156067,1044867,262301,161003,1252265,1250356,645159,564075,21833,19288,1909,4771419,25854415,,
2020:Q2,pct00to20,3936223,1923393,1579008,344384,2012830,483297,56638,98559,96141,2418,13585,12724,862,473191,43748,12036,55663,273768,405852,96493,668768,667818,300377,336890,18337,12214,950,3267455,25855457,,
2020:Q3,pct99to100,28768720,4684034,4013782,670252,24084685,2464942,562904,1029268,1029268,0,449909,434388,15521,11895841,486005,70801,1090757,629088,5305522,99650,1218402,1209768,773622,68836,105975,261335,8635,27550317,1296649,,
2020:Q3,pct80to99,60363960,15614313,13554905,2059409,44749646,5489889,1484119,1616317,1616317,0,480313,441844,38469,13871792,812933,1487905,5560365,8343533,5141902,460577,6656667,6639353,5122587,1195968,56761,264036,17314,53707293,24607194,,
2020:Q3,pct60to80,20059071,7062044,5776507,1285537,12997027,1829442,309678,385730,385730,0,84125,73582,10543,2207627,282270,623485,1378243,4625845,971921,298660,3664365,3658292,2481946,1086485,40775,49087,6074,16394705,25903909,,
2020:Q3,pct40to60,11359659,4713735,3791482,922253,6645924,1117824,154648,184604,184604,0,27684,21071,6613,987578,153325,248866,570841,2413118,549094,238340,2232184,2228951,1315872,850697,26040,36342,3233,9127474,25901245,,
2020:Q3,pct20to40,6212675,3042393,2470188,572204,3170282,790432,82170,105790,105790,0,6335,1164,5171,357500,85826,52469,165111,1084916,272558,167175,1251948,1250105,651368,562638,19443,16656,1843,4960727,25897437,,
2020:Q3,pct00to20,4043896,1989254,1629277,359976,2054643,481250,54627,91184,91184,0,13397,12428,969,510097,45836,12563,58210,269022,419875,98582,677551,676595,306223,342995,17446,9932,955,3366346,25898666,,
2020:Q4,pct99to100,31191614,4830035,4153563,676472,26361579,2635308,521556,1036796,1036796,0,454651,439931,14720,13858222,486931,72829,1173621,635466,5386205,99994,1232942,1225193,791362,78913,104373,250544,7749,29958672,1298847,,
2020:Q4,pct80to99,64385441,16095736,13977456,2118280,48289705,5843392,1445423,1637674,1637674,0,496940,457460,39479,16222292,854516,1545984,6030833,8464876,5282496,465279,6809969,6792778,5156225,1220908,60602,355043,17190,57575473,24648417,,
2020:Q4,pct60to80,20962068,7298733,5979151,1319582,13663334,1908850,303176,384535,384535,0,92094,82487,9606,2538162,287778,640649,1542879,4659539,1004338,301335,3702973,3696992,2513192,1091925,41596,50280,5981,17259095,25946993,,
2020:Q4,pct40to60,11945599,4911763,3964689,947074,7033836,1197962,153552,187637,187637,0,29290,21787,7503,1145869,160253,250868,630902,2425055,610349,242099,2271463,2268132,1350276,850831,26547,40478,3331,9674136,25945035,,
2020:Q4,pct20to40,6444158,3125626,2538605,587021,3318532,825838,78976,105103,105103,0,5050,614,4436,401832,83517,57228,181326,1127307,282614,169740,1258319,1256552,657851,565362,19770,13569,1767,5185839,25940640,,
2020:Q4,pct00to20,4175810,2047528,1673683,373845,2128282,478554,52940,90581,90581,0,15234,14190,1044,569935,48757,13024,60225,266801,433472,98760,681762,680817,314289,341088,18798,6641,945,3494048,25942112,,
2021:Q1,pct99to100,32588483,5045444,4356093,689351,27543038,2842762,530961,832209,832209,0,448394,434069,14325,14950497,476764,73686,1196845,637995,5452930,99994,1241392,1232910,805756,84984,101094,241076,8482,31347091,1301032,,
2021:Q1,pct80to99,67247114,16867615,14703398,2164217,50379499,6270865,1506636,1369737,1369737,0,503462,462176,41286,17671931,873045,1550731,6211964,8543973,5408808,468346,6914566,6896156,5182508,1228831,62193,422625,18410,60332549,24689892,,
2021:Q1,pct60to80,21573070,7633586,6285984,1347602,13939484,2003725,311025,286830,286830,0,96903,87866,9037,2718587,287431,632448,1593882,4671531,1034202,302920,3715906,3709795,2541967,1075176,41440,51212,6111,17857164,25990298,,
2021:Q1,pct40to60,12428755,5146956,4182873,964083,7281799,1294072,160226,150030,150030,0,32023,23312,8712,1253941,162996,239823,646328,2428655,668867,244837,2293659,2290316,1379409,840915,25893,44099,3343,10135096,25989188,,
2021:Q1,pct20to40,6660955,3232428,2630706,601722,3428527,867646,81822,88181,88181,0,5310,1226,4084,425872,80862,59447,187005,1168323,292461,171597,1249508,1247773,662691,555028,18844,11211,1735,5411447,25984117,,
2021:Q1,pct00to20,4277407,2135032,1746789,388243,2142376,475272,52435,53718,53718,0,16443,15165,1277,610811,49429,13022,63083,262978,446625,98560,692246,691236,320076,347556,18980,4624,1010,3585162,25985891,,
2021:Q2,pct99to100,34472599,5440843,4722877,717966,29031756,2861858,512799,813038,783652,29386,449277,435391,13886,16152193,472727,75483,1246813,641941,5705762,99866,1283071,1275347,842656,102361,98152,232179,7724,33189527,1303207,,
2021:Q2,pct80to99,71094513,18300937,16018547,2282390,52793576,6322487,1511010,1341936,1306526,35410,515914,473118,42796,19234973,904548,1598163,6522343,8638937,5732451,470814,7204115,7185718,5355949,1311033,63803,454933,18397,63890398,24731707,,
2021:Q2,pct60to80,22608036,8262721,6842165,1420556,14345315,2018146,310749,269422,263392,6030,103332,94890,8442,2918136,290354,644511,1695029,4691651,1099882,304105,3904704,3898668,2666271,1139496,41351,51550,6036,18703332,26033912,,
2021:Q2,pct40to60,13124987,5564758,4552407,1012352,7560229,1309601,162361,145612,142000,3612,34081,24333,9748,1368399,168093,239181,681558,2435424,768717,247202,2409660,2406225,1464717,869261,25374,46874,3435,10715327,26033802,,
2021:Q2,pct20to40,6971263,3443114,2804973,638140,3528149,876255,81284,84923,83129,1794,4851,1175,3676,452558,78389,63703,197362,1209931,305698,173195,1296780,1295118,684302,582896,18087,9832,1662,5674483,26027958,,
2021:Q2,pct00to20,4515884,2317455,1895898,421557,2198429,473229,51325,46905,45861,1043,17970,16517,1453,654228,51361,13391,65600,259748,466454,98219,708686,707681,338798,345183,19234,4466,1005,3807198,26030097,,
2021:Q3,pct99to100,35051579,5672523,4937159,735363,29379056,2900463,482138,844943,788324,56619,460768,447260,13508,16208957,464537,76768,1231934,642680,5965016,100850,1298285,1290914,858617,110868,98048,223381,7372,33753293,1305374,,
2021:Q3,pct80to99,72854272,19109016,16738292,2370724,53745256,6413252,1487307,1393796,1319596,74200,538017,493702,44315,19605652,927523,1622321,6515666,8698855,6064206,478662,7356730,7338007,5435129,1349966,68636,484276,18723,65497542,24773947,,
2021:Q3,pct60to80,23081743,8647099,7173187,1473912,14434644,2040927,306378,275383,262762,12621,112562,104653,7908,2920417,291099,645492,1672733,4693687,1167102,308864,3993218,3987200,2737477,1155118,42762,51843,6018,19088526,26077923,,
2021:Q3,pct40to60,13580686,5849701,4800676,1049025,7730984,1333565,162126,151835,143956,7880,35443,24687,10756,1415805,171641,232831,668441,2435234,871118,252944,2460028,2456523,1507444,872939,26563,49577,3505,11120657,26078973,,
2021:Q3,pct20to40,7173723,3578358,2914847,663512,3595365,888333,79119,86315,82618,3696,3482,167,3315,452601,75781,66853,196223,1250476,319051,177131,1305641,1304041,692689,583664,19148,8539,1600,5868082,26072254,,
2021:Q3,pct00to20,4661006,2424274,1979632,444643,2236731,471015,49920,47626,45648,1977,20110,18480,1630,672364,52458,13557,68889,255174,486509,99110,723542,722522,344378,352539,21142,4463,1020,3937464,26074827,,
2021:Q4,pct99to100,36044842,5767824,5015830,751994,30277018,3025045,492887,730352,730070,282,460687,447537,13150,16921835,456233,77797,1274681,647774,6088502,101224,1321945,1314817,876394,121124,102690,214609,7128,34722897,1307536,,
2021:Q4,pct80to99,75006294,19417355,16951657,2465698,55588939,6675794,1549724,1238412,1238068,345,548872,503127,45745,20657757,950418,1634827,6789674,8807028,6252841,483593,7508667,7489526,5519872,1393009,80557,496088,19141,67497626,24816696,,
2021:Q4,pct60to80,23576210,8837356,7306452,1530904,14738854,2100266,314639,237042,236989,53,118261,110859,7402,3036145,291808,640915,1759122,4720548,1208426,311682,4094589,4088575,2811500,1178127,47140,51808,6014,19481621,26122420,,
2021:Q4,pct40to60,14017797,6039429,4950210,1089219,7978368,1394464,168874,133878,133845,33,37497,25801,11696,1501422,175174,223611,698058,2444680,943849,256861,2518457,2514887,1553518,878217,31296,51857,3570,11499340,26124798,,
2021:Q4,pct20to40,7348513,3652427,2962552,689874,3696086,915528,82068,76824,76808,16,3257,292,2965,468042,73164,69451,205233,1292657,330060,179802,1324431,1322890,702050,589092,24036,7712,1541,6024081,26117098,,
2021:Q4,pct00to20,4743501,2469523,2001256,468266,2273978,468011,49568,37592,37583,9,21445,19655,1790,705065,53542,13623,71510,252430,501863,99328,737442,736402,351156,353152,26713,5382,1040,4006059,26120175,,
2022:Q1,pct99to100,35516995,6148789,5374007,774782,29368207,3097809,472245,764058,764058,0,499914,487514,12401,15880703,441339,77475,1206044,626132,6201087,101399,1328775,1321106,887903,125499,101887,205817,7669,34188221,1309695,,
2022:Q1,pct80to99,75494551,20756856,18191169,2565687,54737695,6835179,1544276,1294742,1294742,0,595671,550048,45622,19867417,959684,1586148,6514929,8621562,6430498,487587,7635352,7615137,5605259,1419054,84778,506046,20215,67859199,24860042,,
2022:Q1,pct60to80,23793586,9420814,7828739,1592075,14372772,2137602,313001,248323,248323,0,135285,128668,6617,2849496,289048,607247,1635316,4595780,1247799,313874,4181922,4175804,2894760,1181068,48237,51739,6118,19611664,26167490,,
2022:Q1,pct40to60,14389554,6435615,5305162,1130453,7953939,1433259,170010,141280,141280,0,36164,24257,11907,1481903,176232,199431,645463,2395486,1014517,260195,2556909,2553316,1593861,873248,32110,54098,3593,11832645,26171373,,
2022:Q1,pct20to40,7570305,3849073,3129382,719691,3721232,933657,81036,78922,78922,0,2278,0,2278,442505,70338,69141,194506,1325854,340929,182067,1322329,1320827,708982,580223,24689,6934,1502,6247976,26162581,,
2022:Q1,pct00to20,4906235,2632285,2137138,495147,2273950,465399,48459,41040,41040,0,25119,23414,1705,697771,53295,13158,75081,238398,516901,99328,752133,751037,353224,363127,28284,6402,1097,4154101,26166238,,
2022:Q2,pct99to100,32713910,6436203,5660334,775868,26277707,3061920,474052,839853,839853,0,474737,463098,11639,12758150,422156,76825,1065107,599549,6403098,102260,1352249,1345331,908379,137624,102486,196842,6918,31361661,1311852,,
2022:Q2,pct80to99,72907861,21750513,19128556,2621956,51157348,6778062,1586584,1414017,1414017,0,580791,535647,45144,16839486,960136,1522651,5874370,8402167,6704165,494919,7743577,7723359,5697916,1471078,91424,462941,20218,65164283,24904070,,
2022:Q2,pct60to80,23359203,9900229,8276749,1623481,13458973,2128975,318423,276489,276489,0,132944,127083,5861,2303073,284040,566520,1380400,4445179,1304648,318282,4292869,4286824,2972886,1212976,50297,50665,6046,19066333,26213223,,
2022:Q2,pct40to60,14535888,6806153,5650441,1155712,7729735,1425562,175080,156897,156897,0,39055,27095,11960,1329543,175689,171612,541821,2342781,1106071,265624,2621557,2617872,1644979,883655,34125,55112,3686,11914330,26218795,,
2022:Q2,pct20to40,7697705,4022098,3290587,731512,3675607,932820,82821,84360,84360,0,1619,0,1619,367597,67374,68131,171037,1360661,353404,185784,1346105,1344676,719757,590712,26659,7548,1429,6351600,26208794,,
2022:Q2,pct00to20,4983083,2758260,2252791,505468,2224823,463826,47941,50004,50004,0,24451,22858,1593,638456,52186,12564,78294,221893,535117,100091,767357,766264,361798,363082,31131,10253,1093,4215726,26213110,,
2022:Q3,pct99to100,31522362,6178458,5395607,782851,25343904,3004226,483141,1002414,1002414,0,439982,429003,10979,11904123,409567,76789,1013000,579326,6328000,103337,1375913,1369337,929839,149948,101641,187910,6576,30146449,1314011,1197734,9455046656
2022:Q3,pct80to99,71293968,20999705,18317067,2682638,50294264,6677639,1644788,1657314,1657314,0,555513,510750,44763,16188582,974557,1487119,5668521,8254287,6682630,503314,7859020,7838455,5762923,1514518,95425,465589,20565,63434948,24948864,151328,1197734
2022:Q3,pct60to80,22909971,9778908,8120230,1658677,13131063,2111170,326219,341873,341873,0,127411,122200,5212,2148653,282550,539062,1291891,4330932,1307906,323395,4367059,4361029,3025715,1233533,51326,50456,6029,18542912,26259705,90796,151328
2022:Q3,pct40to60,14528055,6851123,5669396,1181727,7676932,1408576,181483,189930,189930,0,42194,30141,12052,1312533,177680,150598,503546,2304354,1134314,271724,2678299,2674543,1690426,892061,34840,57215,3757,11849756,26267160,54444,90796
2022:Q3,pct20to40,7716577,4011552,3264932,746620,3705025,928203,85536,95850,95850,0,3577,2502,1075,346017,64606,68455,163199,1398528,361091,189963,1363940,1362573,729455,598967,27196,6955,1367,6352637,26255828,31247,54417
2022:Q3,pct00to20,4908504,2673203,2154225,518978,2235301,462471,47625,72844,72844,0,23136,21617,1519,631066,52431,12212,80687,207990,543745,101094,782471,781362,371833,365261,32582,11686,1109,4126034,26260886,0,31166
2022:Q4,pct99to100,32231904,6124008,5333276,790732,26107896,2919883,522615,1264420,1264420,0,418651,407938,10713,12599597,415507,77128,1059509,566906,6158125,105556,1397657,1392340,943234,156576,104113,188417,5317,30834247,1317078,,
2022:Q4,pct80to99,71981226,20713377,18008341,2705035,51267849,6510816,1732964,2014195,2014195,0,533792,490091,43701,16948739,987264,1497788,5903921,8123420,6500935,514016,7876998,7857445,5821100,1547057,100220,389068,19553,64104228,25007106,,
2022:Q4,pct60to80,22882906,9541880,7868772,1673108,13341026,2077287,339222,461088,461088,0,120814,115778,5035,2269280,285851,543740,1374834,4263350,1275076,330485,4430767,4424899,3056064,1266473,53168,49193,5868,18452139,26321007,,
2022:Q4,pct40to60,14386766,6659216,5468320,1190896,7727550,1372649,188931,242701,242701,0,42903,31305,11599,1358967,179988,152706,535930,2279996,1094445,278334,2722225,2718391,1715797,909780,37143,55671,3834,11664541,26328480,,
2022:Q4,pct20to40,7657419,3915184,3161010,754174,3742235,914325,90658,112870,112870,0,5280,4392,888,362774,64909,68957,171332,1397955,358630,194544,1395096,1393760,737955,617038,29720,9046,1337,6262322,26317122,,
2022:Q4,pct00to20,4938100,2641503,2116133,525370,2296598,464396,48627,120755,120755,0,21594,20215,1378,649714,53568,12303,81037,202608,538479,103517,793540,792488,379942,361515,35085,15946,1052,4144560,26322191,,
2023:Q1,pct99to100,33324084,6163376,5366420,796956,27160708,2831426,611749,1447330,1447330,0,407482,396734,10747,13476364,425007,78501,1113007,573722,6089156,106966,1409821,1404034,955720,158957,100271,189087,5787,31914263,1321422,,
2023:Q1,pct80to99,73677610,20855962,18115544,2740418,52821648,6336362,1926296,2244776,2244776,0,523051,479208,43843,17904085,1007539,1553377,6174242,8204105,6426989,520825,7876166,7856173,5840574,1542827,92256,380516,19993,65801444,25089585,,
2023:Q1,pct60to80,23344353,9611291,7916698,1694593,13733062,2042373,366878,551577,551577,0,117404,112352,5052,2421272,291103,569591,1470667,4305299,1261922,334976,4418766,4412816,3053182,1260262,50182,49190,5950,18925588,26407819,,
2023:Q1,pct40to60,14565648,6704058,5497182,1206876,7861590,1335058,204826,280302,280302,0,43622,31986,11636,1417021,183670,165569,573347,2298182,1077532,282460,2733730,2729907,1730257,910734,33264,55652,3822,11831919,26415316,,
2023:Q1,pct20to40,7738987,3946761,3183129,763632,3792226,900069,101990,122798,122798,0,6336,5446,890,383844,65372,71594,180698,1403928,358189,197407,1399903,1398550,744116,619679,25412,9343,1353,6339084,26403921,,
2023:Q1,pct00to20,5032793,2663444,2130572,532871,2369350,466780,50530,161224,161224,0,20844,19462,1383,672931,55402,12783,81379,205384,537060,105032,796191,795114,388204,359526,30841,16543,1077,4236602,26409007,,
2023:Q2,pct99to100,34772868,6493640,5687058,806582,28279228,2788730,664556,1460040,1460040,0,408353,397695,10658,14365340,431218,79495,1165104,580825,6227463,108104,1423438,1417656,966041,163776,98627,189213,5782,33349430,1322709,,
2023:Q2,pct80to99,76500687,22129697,19358217,2771480,54370990,6251712,2037677,2260593,2260593,0,523732,480248,43484,18860393,1020656,1596411,6435368,8283450,6574683,526314,7941841,7921837,5879713,1559941,89207,392976,20004,68558845,25114009,,
2023:Q2,pct60to80,24173707,10091527,8377092,1714435,14082181,2024973,382330,557946,557946,0,117629,112636,4993,2575055,294459,589867,1566002,4346417,1288888,338615,4455653,4449699,3072102,1279164,48991,49442,5954,19718054,26433527,,
2023:Q2,pct40to60,14912808,6900040,5680264,1219776,8012768,1316836,213738,282924,282924,0,43476,31992,11484,1473873,186052,175861,610573,2314557,1109019,285859,2760110,2756284,1748834,919680,31814,55956,3827,12152698,26441031,,
2023:Q2,pct20to40,7947882,4114751,3340890,773862,3833131,892925,108576,123466,123466,0,6232,5404,828,404977,65613,73640,189874,1407125,360940,199763,1415865,1414511,750325,631324,23838,9024,1354,6532017,26429624,,
2023:Q2,pct00to20,5219757,2812279,2270568,541711,2407479,467608,51460,164115,164115,0,20854,19518,1336,695261,56637,13156,81426,208372,542311,106278,793751,792674,394725,352786,29272,15890,1077,4426006,26434716,,
2023:Q3,pct99to100,34255924,6555103,5750366,804738,27700821,2746555,719304,1488121,1488121,0,378443,367779,10664,13783345,428202,82327,1138124,571923,6255410,109066,1436753,1430619,976860,166836,97881,189043,6134,32819172,1322085,,
2023:Q3,pct80to99,76068092,22366555,19592321,2774233,53701537,6167107,2150475,2293941,2293941,0,493696,450187,43509,18235359,1014287,1725411,6300254,8185481,6604581,530945,8025649,8005359,5928867,1567200,87946,421345,20291,68042443,25102173,,
2023:Q3,pct60to80,24134869,10182878,8467232,1715645,13951991,2006570,397559,572641,572641,0,108582,103585,4998,2474404,292829,651211,1516520,4295692,1294282,341700,4494143,4488143,3100041,1289709,48479,49914,6000,19640726,26421068,,
2023:Q3,pct40to60,14910985,6936658,5715116,1221542,7974327,1298663,222551,288781,288781,0,44710,33213,11497,1436823,184895,207429,591252,2294833,1115604,288785,2784898,2781092,1771141,922190,31229,56533,3806,12126087,26428569,,
2023:Q3,pct20to40,7972600,4149928,3376180,773748,3822672,885285,115296,124774,124774,0,8596,7761,835,391161,65496,79777,185119,1404055,361324,201789,1427960,1426597,757176,637953,23217,8251,1363,6544640,26417168,,
2023:Q3,pct00to20,5238390,2840821,2299352,541469,2397569,467713,52257,171104,171104,0,18923,17582,1341,680744,56037,14275,81418,204598,543152,107348,789709,788615,401598,344057,28646,14315,1093,4448682,26422257,,
2023:Q4,pct99to100,35859972,6509018,5696040,812978,29350955,2762691,772249,1593311,1593311,0,389856,379251,10605,15276351,432594,79786,1233951,594970,6103768,111428,1450921,1444448,985959,171328,98020,189142,6472,34409052,1322758,,
2023:Q4,pct80to99,78243528,22196127,19417570,2778557,56047401,6199701,2258758,2416571,2416571,0,505055,461781,43275,19832999,1023541,1609499,6778532,8437897,6442522,542325,8080208,8059629,5965909,1585948,88145,419627,20579,70163320,25114948,,
2023:Q4,pct60to80,24635096,10110583,8390722,1719861,14524513,2013887,412051,628584,628584,0,112009,107049,4959,2732454,295191,596077,1693809,4426348,1264842,349262,4533208,4527159,3119132,1309556,48566,49905,6049,20101888,26434515,,
2023:Q4,pct40to60,15073760,6903432,5681751,1221681,8170328,1305655,230945,310814,310814,0,44184,32784,11399,1530927,186575,179046,660482,2345235,1080564,295900,2812185,2808396,1788303,932256,31317,56520,3790,12261575,26442020,,
2023:Q4,pct20to40,8007575,4115242,3337326,777916,3892333,888340,121762,129433,129433,0,7683,6887,796,426496,65657,74262,202049,1411227,358706,206717,1445173,1443801,762767,649421,23306,8307,1372,6562402,26430613,,
2023:Q4,pct00to20,5288399,2818718,2273141,545577,2469681,467835,52978,198152,198152,0,19631,18320,1311,717417,56916,13269,81230,214393,537907,109953,791323,790213,407330,339718,28737,14428,1110,4497076,26435704,,
2024:Q1,pct99to100,37574869,6655015,5833059,821956,30919854,2821813,790691,1563340,1563340,0,388549,378006,10542,16766254,442897,80913,1306192,600983,6045316,112907,1458392,1451163,992496,169741,99159,189767,7229,36116477,1327122,,
2024:Q1,pct80to99,80970699,22758317,19953426,2804891,58212382,6320086,2298362,2384180,2384180,0,503821,460795,43026,21427841,1045498,1653840,7139498,8509973,6379815,549468,8129128,8107869,5982409,1574387,89862,461211,21259,72841571,25197802,,
2024:Q1,pct60to80,25313547,10324740,8588006,1736735,14988807,2041876,417655,611647,611647,0,111561,106647,4914,2989982,300869,616580,1827085,4463846,1253731,353974,4522567,4516397,3121963,1294344,49297,50793,6170,20790980,26521723,,
2024:Q1,pct40to60,15354201,6994635,5762063,1232572,8359566,1331443,234171,304432,304432,0,44273,32994,11280,1624920,190563,189158,712525,2361765,1066081,300234,2818714,2814952,1796437,928842,32088,57585,3762,12535486,26529252,,
2024:Q1,pct20to40,8154046,4189317,3402719,786597,3964729,900102,124090,128374,128374,0,7845,7106,739,461768,66146,76364,214802,1417068,358446,209724,1443276,1441880,766421,644097,24098,7263,1396,6710770,26517807,,
2024:Q1,pct00to20,5389297,2885014,2332206,552808,2504283,468974,53347,189481,189481,0,19489,18219,1270,754064,58913,13652,81143,216824,536852,111544,799141,797994,411201,344952,29550,12290,1147,4590156,26522916,,
2024:Q2,pct99to100,38238305,6879699,6054749,824950,31358606,2744833,813086,1618184,1618184,0,383400,372943,10457,17102414,446744,81569,1326818,604666,6122710,114183,1469618,1462388,1002087,172321,97766,190214,7229,36768687,1329903,,
2024:Q2,pct80to99,82429754,23630420,20814057,2816362,58799334,6167669,2344968,2448054,2448054,0,498549,455864,42685,21791589,1053800,1679318,7243135,8554293,6462334,555627,8199404,8178113,6025677,1582233,87282,482922,21291,74230350,25250596,,
2024:Q2,pct60to80,25792874,10649246,8905389,1743856,15143629,2010757,424022,640840,640840,0,109957,105100,4857,3048190,303046,628327,1864589,4486908,1268946,358045,4553856,4547674,3144661,1303442,48288,51284,6181,21239019,26577290,,
2024:Q2,pct40to60,15536100,7119184,5881604,1237581,8416916,1298625,237850,315922,315922,0,44426,33294,11132,1646765,192071,194924,727168,2371982,1083178,304004,2840142,2836371,1814627,932711,30862,58171,3771,12695958,26584836,,
2024:Q2,pct20to40,8281255,4302355,3512434,789921,3978900,887343,126858,130796,130796,0,8254,7576,677,469799,66374,77571,218429,1420752,360387,212338,1453593,1452195,772629,650067,22767,6731,1398,6827662,26573367,,
2024:Q2,pct00to20,5521518,2985527,2430129,555399,2535990,470618,53701,203608,203608,0,19103,17879,1224,762716,59631,13871,81196,218310,540308,112927,797505,796356,416855,340080,28224,11198,1149,4724012,26578486,,
2024:Q3,pct99to100,39784922,6847172,6018320,828852,32937751,2745479,867407,1699912,1699912,0,413357,403039,10318,18401773,453530,82385,1388689,611097,6158317,115804,1477127,1470717,1010403,173524,96280,190510,6410,38307795,1331852,,
2024:Q3,pct80to99,84384758,23499281,20666944,2832336,60885477,6169959,2454683,2539655,2539655,0,528286,486156,42130,23169999,1068181,1713260,7550319,8627433,6500260,563444,8261062,8240430,6070864,1596243,84709,488614,20632,76123696,25287608,,
2024:Q3,pct60to80,26231028,10607523,8853736,1753787,15623504,2012261,438482,685744,685744,0,118969,114201,4768,3272454,306741,644198,1980594,4524850,1275985,363227,4590602,4584526,3171285,1314534,47255,51452,6076,21640426,26616247,,
2024:Q3,pct40to60,15717527,7112023,5867491,1244532,8605504,1299078,246242,333192,333192,0,43000,32096,10905,1726706,194682,202889,772470,2387518,1090885,308842,2866076,2862254,1832480,941746,29660,58369,3822,12851451,26623803,,
2024:Q3,pct20to40,8328599,4290124,3495496,794628,4038475,888046,133436,134029,134029,0,5818,5228,589,500327,66659,79182,229401,1424483,361402,215692,1462989,1461610,778395,655123,21483,6610,1379,6865610,26612317,,
2024:Q3,pct00to20,5572636,2972767,2413521,559246,2599869,471333,54354,226015,226015,0,20979,19822,1157,793453,60968,14165,80857,220989,542056,114701,807203,806090,421618,346594,26933,10947,1112,4765433,26617444,,
2024:Q4,pct99to100,40007637,6804579,5969677,834902,33203058,2793608,951216,1677087,1677087,0,311892,301708,10184,18602071,456086,81788,1388724,617595,6205423,117570,1453888,1447447,1022026,169949,64484,190989,6441,38553749,1333732,,
2024:Q4,pct80to99,84675462,23327912,20459586,2868325,61347550,6267118,2621347,2515605,2515605,0,424707,383116,41592,23386521,1073698,1683417,7551462,8701243,6550476,571956,8283193,8262514,6114461,1570055,45886,532112,20679,76392269,25323305,,
2024:Q4,pct60to80,26256948,10559864,8784196,1775667,15697084,2034010,460020,672603,672603,0,88342,83659,4683,3307131,308189,629786,1979741,4563137,1285255,368871,4565592,4559504,3191800,1286317,29045,52342,6088,21691356,26653819,,
2024:Q4,pct40to60,15783859,7109317,5848571,1260745,8674542,1319923,258773,328306,328306,0,46191,35504,10687,1739687,195685,195306,772135,2403164,1101254,314119,2859316,2855490,1852970,929597,13483,59439,3826,12924543,26661386,,
2024:Q4,pct20to40,8357333,4281069,3476707,804361,4076264,897123,143480,133288,133288,0,13162,12656,507,505108,66812,77759,229383,1428190,362611,219348,1441793,1440411,785392,643298,6221,5501,1381,6915540,26649884,,
2024:Q4,pct00to20,5559368,2959435,2392246,567188,2599934,471653,55199,219177,219177,0,14454,13360,1094,798588,61444,13905,80987,223698,544196,116634,798050,796936,428881,348843,10535,8677,1115,4761318,26655018,,
2025:Q1,pct99to100,39755630,6895422,6036412,859010,32860208,2846941,974698,1709408,1709408,0,327507,317470,10037,18191743,450829,81845,1356752,617564,6184350,118570,1437205,1429390,1027304,169930,39838,192318,7815,38318425,1343152,,
2025:Q1,pct80to99,84664133,23683586,20778621,2904965,60980547,6378530,2672722,2555830,2555830,0,440987,399979,41007,22980200,1063534,1671780,7398095,8714653,6527401,576816,8293335,8271406,6139536,1574115,25227,532528,21929,76370798,25502165,,
2025:Q1,pct60to80,26302028,10685232,8883736,1801496,15616796,2062718,467436,688797,688797,0,92912,88330,4582,3237076,305872,623061,1914689,4570498,1281713,372023,4563993,4557680,3201274,1286564,17195,52647,6313,21738035,26842076,,
2025:Q1,pct40to60,15824105,7164309,5891080,1273229,8659796,1343679,263031,334972,334972,0,45900,35474,10426,1719163,193846,190946,746724,2410567,1094117,316852,2863665,2859884,1859834,933776,6494,59781,3781,12960439,26849697,,
2025:Q1,pct20to40,8397665,4308536,3487728,820808,4089129,909393,146484,134987,134987,0,12274,11881,393,496007,67024,77189,223574,1436954,363989,221254,1441946,1440521,789216,644185,1493,5626,1426,6955718,26838114,,
2025:Q1,pct00to20,5603920,2997313,2415699,581614,2606607,474713,55728,226525,226525,0,15311,14301,1010,791725,60150,13799,81887,223409,545715,117646,800122,798937,430935,354737,4350,8915,1184,4803799,26843284,,
2025:Q2,pct99to100,41699659,7058916,6182483,876433,34640743,2841651,988468,1743167,1743167,0,322594,312686,9908,19816954,454861,83289,1455234,621290,6193680,119556,1432682,1425169,1036813,172009,22545,193803,7513,40266977,1351741,,
2025:Q2,pct80to99,87712132,24312711,21347324,2965387,63399421,6372368,2704560,2596966,2596966,0,435967,395472,40494,24717025,1072739,1724107,7889294,8767937,6536859,581598,8382801,8361023,6190855,1584839,13334,571995,21777,79329331,25665243,,
2025:Q2,pct60to80,27097625,10934047,9094471,1839576,16163578,2065882,472291,706055,706055,0,91349,86854,4495,3517916,308437,646819,2097208,4598461,1284033,375129,4594503,4588198,3228080,1296924,9505,53689,6305,22503122,27013723,,
2025:Q2,pct40to60,16151765,7279464,5980525,1298938,8872301,1342179,265801,341970,341970,0,46049,35848,10201,1821228,195522,202324,817997,2425495,1094173,319564,2884811,2880987,1877367,939485,3121,61014,3824,13266954,27021392,,
2025:Q2,pct20to40,8563544,4397266,3557714,839552,4166278,911060,148314,136670,136670,0,12691,12395,296,534429,67488,79664,240982,1446075,365762,223143,1452435,1451009,796066,650079,136,4728,1426,7111110,27009735,,
2025:Q2,pct00to20,5738366,3075247,2478197,597050,2663119,477939,56145,234532,234532,0,14906,13968,938,831420,60769,14248,81650,224743,548117,118649,798569,797393,435561,352960,1810,7062,1176,4939797,27014938,,
2025:Q3,pct99to100,43614296,7017265,6137056,880210,36597031,2855132,1041164,1774118,1774118,0,322509,312853,9657,21473230,457766,84411,1529649,625315,6313462,120274,1438691,1432630,1046231,173262,18177,194960,6061,42175605,1355868,,
2025:Q3,pct80to99,90051058,24130765,21119502,3011263,65920293,6401425,2809620,2632421,2632421,0,435346,395861,39485,26467845,1079190,1768577,8258223,8817983,6664588,585075,8502657,8482039,6240285,1597954,10581,633220,20618,81548401,25743588,,
2025:Q3,pct60to80,27597856,10895741,9029185,1866556,16702115,2074240,485912,722760,722760,0,91225,86884,4341,3803617,310182,667413,2237246,4624547,1307568,377405,4631445,4625324,3255677,1306975,7622,55049,6122,22966411,27096184,,
2025:Q3,pct40to60,16393465,7293304,5972651,1320654,9100160,1348341,273723,348479,348479,0,45787,35974,9813,1922114,196695,212504,872684,2437536,1120693,321607,2913408,2909492,1896293,948142,2416,62641,3915,13480057,27103877,,
2025:Q3,pct20to40,8641993,4400699,3550519,850180,4241294,914690,154640,137975,137975,0,12642,12482,160,573227,67740,81772,254193,1451129,368721,224564,1462228,1460836,802590,655030,0,3217,1392,7179765,27092184,,
2025:Q3,pct00to20,5784269,3064497,2459372,605125,2719772,479359,56692,242728,242728,0,14794,13962,832,869989,61264,14632,81169,226335,553409,119402,806121,805011,440744,358963,1341,3962,1111,4978148,27097403,,
2025:Q4,pct99to100,44311101,6976363,6094959,881404,37334738,2870328,1127407,1796473,1796473,0,312898,303435,9464,22069377,456734,83966,1553176,632655,6309288,122436,1449140,1442191,1054026,176485,16269,195411,6949,42861961,1354601,,
2025:Q4,pct80to99,90891964,23963939,20904333,3059606,66928025,6431140,2975407,2655459,2655459,0,424694,385987,38707,27088615,1076916,1750372,8373301,8896434,6660204,595484,8613824,8592482,6281019,1616470,9407,685585,21342,82278140,25719539,,
2025:Q4,pct60to80,27786051,10861784,8967192,1894592,16924267,2079925,506387,735833,735833,0,88302,84073,4229,3906201,309572,658928,2283002,4665096,1306682,384338,4675827,4669588,3280791,1325898,6807,56092,6239,23110224,27070872,,
2025:Q4,pct40to60,16492480,7300336,5956371,1343965,9192145,1354754,285704,353285,353285,0,45648,36113,9535,1956893,196281,208268,890555,2452535,1120042,328178,2941814,2937951,1913951,957976,2125,63898,3864,13550666,27078558,,
2025:Q4,pct20to40,8684684,4407499,3546723,860776,4277185,916989,164745,138647,138647,0,13112,13037,75,587017,67658,80908,258410,1452178,368408,229113,1475470,1474056,807779,664410,0,1868,1414,7209214,27066876,,
2025:Q4,pct00to20,5800582,3057280,2443845,613435,2743302,478766,57204,249621,249621,0,14147,13384,763,882948,61083,14475,80806,229493,552953,121806,807325,806174,445643,358170,1157,1204,1151,4993256,27072090,,
2026:Q1,pct99to100,44039382,7104826,6195668,909158,36934556,2951141,1154222,1775906,1775906,0,340961,331747,9214,21494597,456752,83444,1515334,635179,6404426,122594,1454839,1445495,1058824,174597,16760,195314,9344,42584543,1352315,,
2026:Q1,pct80to99,90951668,24497866,21357722,3140144,66453802,6591414,3025448,2632386,2632386,0,452905,415206,37700,26479857,1076750,1730243,8185842,8920730,6761991,596236,8635648,8612346,6293920,1606719,9709,701998,23302,82316020,25676139,,
2026:Q1,pct60to80,27870677,11058985,9112194,1946790,16811693,2112922,512308,724541,724541,0,96653,92566,4087,3807023,309468,649660,2211651,4677570,1325040,384858,4669484,4662926,3286353,1313192,7017,56366,6558,23201193,27025192,,
2026:Q1,pct40to60,16554474,7370676,5994139,1376537,9183798,1389253,289189,348940,348940,0,44601,35417,9184,1921692,196250,203728,862691,2456238,1142491,328726,2947648,2943922,1922458,955031,2200,64232,3726,13606826,27032865,,
2026:Q1,pct20to40,8736384,4466274,3577435,888839,4270110,930542,167826,137831,137831,0,11157,11157,0,573531,67568,79955,251688,1450830,369693,229489,1472134,1470661,810271,658969,0,1421,1473,7264250,27021202,,
2026:Q1,pct00to20,5853227,3124517,2486184,638333,2728710,477235,57269,243990,243990,0,15836,15157,679,869449,61141,14301,81071,230632,555783,122003,816439,815178,449158,364523,1204,293,1261,5036788,27026408,,
