Date,Category,Assets,Nonfinancial assets,Real estate,Consumer durables,Financial assets,Deposits,Money market fund shares,Debt securities,U.S. government and municipal securities,Corporate and foreign bonds,Loans (Assets),Other loans and advances (Assets),Mortgages,Corporate equities and mutual fund shares,Life insurance reserves,Annuities,DC pension entitlements,DB pension entitlements,Miscellaneous other equity,Miscellaneous assets,Liabilities,Loans (Liabilities),Home mortgages,Consumer credit,Depository institutions loans n.e.c.,Other loans and advances (Liabilities),Deferred and unpaid life insurance premiums,Net worth,Household count
1989:Q3,age70plus,3964197,1166145,1004870,161275,2798052,954231,60313,363996,310863,53132,46923,26693,20230,471603,35229,8845,14538,473268,341720,27387,103943,102390,41518,36498,366,24009,1552,3860255,13621435
1989:Q3,age55to69,8015961,2365520,1902011,463509,5650441,981987,169960,356883,312110,44774,189728,111162,78566,753803,100229,132425,190823,1700516,1016071,58016,428739,424348,292769,91039,1106,39433,4391,7587222,19197157
1989:Q3,age40to54,7781766,3146215,2473161,673054,4635551,657246,95709,240294,174266,66028,46111,27532,18579,643636,130709,157287,362344,1092225,1128801,81189,1242232,1236409,872870,300369,1620,61548,5824,6539534,24579466
1989:Q3,ageunder40,3830840,2111469,1513126,598342,1719371,363004,36662,85305,76684,8622,11104,3475,7629,221402,94025,30275,117486,216322,483030,60757,1377860,1373651,1003997,356301,1440,11913,4209,2452980,35622043
1989:Q4,age70plus,4086326,1223290,1051144,172146,2863036,971009,65454,365596,310209,55387,55562,32334,23228,477456,36885,9102,14328,485912,353385,28348,102167,100395,39786,37263,356,22990,1771,3984159,13724617
1989:Q4,age55to69,8183765,2410775,1943688,467087,5772990,988592,172319,359054,311324,47730,197990,119462,78528,790000,106824,136831,200970,1729612,1031248,59550,451810,447108,306708,99589,1092,39718,4702,7731955,19250073
1989:Q4,age40to54,7886536,3140461,2467049,673413,4746075,669571,100440,248223,181165,67058,49001,30559,18442,659089,132872,164574,377366,1133003,1129742,82192,1268873,1262906,895260,304191,1537,61918,5967,6617662,24596086
1989:Q4,ageunder40,3888900,2145374,1532437,612938,1743525,370876,39023,85066,76099,8967,11951,4309,7642,225559,95050,30533,122532,218540,482451,61946,1404694,1400486,1018827,368241,1405,12012,4208,2484206,35691463
1990:Q1,age70plus,4095117,1233225,1049867,183358,2861891,977917,73354,359896,306706,53190,71561,45050,26511,430806,37033,9352,12091,496090,363304,30488,100806,99166,40916,34506,442,23302,1640,3994311,13824828
1990:Q1,age55to69,8222673,2429676,1949264,480412,5792997,982430,179923,353212,306051,47161,211923,133331,78592,757779,111524,141063,199305,1750847,1042910,62080,472976,468269,325758,98683,1381,42447,4707,7749697,19289216
1990:Q1,age40to54,7949298,3161313,2477836,683477,4787986,671068,108011,250294,186653,63641,53654,35381,18273,634190,133789,171956,379448,1171311,1130152,84112,1293044,1287237,928081,294551,1872,62732,5807,6656254,24635411
1990:Q1,ageunder40,3891290,2155753,1536017,619737,1735537,369055,42371,85864,75697,10167,14105,6432,7673,210736,95648,30770,123356,219693,480028,63910,1423560,1419418,1040644,364580,1762,12433,4142,2467730,35754314
1990:Q2,age70plus,4195108,1281740,1087981,193759,2913368,985449,72054,368540,313330,55210,76866,47226,29639,438861,37686,10096,10288,507279,375762,30487,101326,99692,42728,33881,361,22723,1633,4093782,13922138
1990:Q2,age55to69,8356047,2470557,1988500,482057,5885489,976543,168329,366792,316675,50117,213351,135249,78103,797946,116787,151268,200552,1773741,1057501,62678,492920,488103,340816,102606,1148,43532,4817,7863126,19315451
1990:Q2,age40to54,8036785,3149509,2465853,683656,4887276,674074,106219,263388,199016,64372,55432,37269,18164,653694,135283,183941,385383,1212362,1132943,84557,1321566,1315804,957869,293108,1483,63344,5762,6715219,24696454
1990:Q2,ageunder40,3919761,2175742,1542827,632915,1744018,367895,42353,85101,74468,10633,14239,6590,7649,215937,96364,31863,125274,221226,479343,64423,1441800,1437703,1054505,369117,1443,12639,4097,2477960,35810795
1990:Q3,age70plus,4147326,1291220,1091399,199821,2856106,995279,79259,377000,322093,54907,84229,51260,32969,328557,37815,9969,6735,516629,389158,31476,97875,96268,42066,33687,158,20356,1608,4049451,14016614
1990:Q3,age55to69,8312315,2498054,2006218,491836,5814261,972980,173723,382580,331332,51249,215878,138275,77602,677947,121353,150669,191777,1790650,1072597,64107,509110,504201,354070,108274,510,41347,4909,7803205,19329642
1990:Q3,age40to54,8084500,3199683,2506495,693189,4884816,680503,113174,276688,213855,62833,57753,39716,18037,576759,136434,188277,380550,1251988,1136909,85781,1347543,1341838,983803,293932,622,63481,5705,6736956,24778227
1990:Q3,ageunder40,3899604,2189923,1558615,631308,1709681,369015,45424,84205,72636,11568,14698,7069,7629,177731,96929,31422,123668,221972,479032,65585,1460826,1456777,1067326,376409,628,12414,4049,2438778,35861104
1990:Q4,age70plus,4274635,1298911,1091768,207142,2975724,1011370,82814,396778,330956,65821,98577,62308,36269,373728,38020,10210,6491,526644,398714,32379,93537,91771,37910,33113,176,20572,1766,4181098,14108324
1990:Q4,age55to69,8480970,2492620,1994467,498153,5988350,976469,171545,408979,347024,61955,222125,145348,76778,770783,125954,154505,202887,1808374,1081310,65419,529451,524294,366009,113829,580,43877,5156,7951519,19332656
1990:Q4,age40to54,8260981,3203563,2503632,699931,5057419,694946,116492,301338,230040,71299,61633,43689,17944,630582,137775,196104,398644,1293925,1138967,87013,1370377,1364566,1005376,294079,674,64438,5811,6890604,24879743
1990:Q4,ageunder40,3930704,2190345,1556529,633816,1740359,376245,47154,80270,70249,10021,16400,8823,7577,197119,97502,31619,129174,222959,475240,66677,1481438,1477407,1080517,383371,707,12813,4031,2449266,35905440
1991:Q1,age70plus,4411548,1331953,1113448,218506,3079594,1020226,95965,382941,312718,70223,105292,66173,39120,449451,38248,10179,7383,536530,400994,32385,86200,84491,34379,29740,306,20067,1709,4325347,14197338
1991:Q1,age55to69,8643661,2500026,1999029,500997,6143635,970847,187281,384010,316630,67381,221655,146530,75125,904041,130523,154933,220620,1824828,1078974,65922,539698,534481,376852,111517,1032,45079,5217,8103963,19325357
1991:Q1,age40to54,8415844,3186684,2483618,703065,5229161,701673,129361,299732,226252,73480,64216,46231,17984,706976,139257,201615,424507,1337025,1137120,87680,1383043,1377307,1027452,283481,1144,65231,5736,7032801,25000014
1991:Q1,ageunder40,3973426,2196524,1551307,645216,1776902,376474,52263,81831,72070,9761,16652,9217,7435,226946,98071,31343,136963,223864,465325,67170,1486738,1482763,1091008,377470,1247,13037,3975,2486688,35944001
1991:Q2,age70plus,4437390,1357292,1132338,224954,3080097,1015189,93040,391047,316885,74162,108638,66225,42413,430387,39087,10328,5745,547062,407029,32546,85130,83511,35596,28361,93,19460,1618,4352260,14283725
1991:Q2,age55to69,8674889,2520511,2017094,503418,6154377,948537,172413,396755,324157,72598,218972,145163,73809,910435,135767,157481,223873,1842091,1081525,66529,556162,550916,390912,113594,321,46089,5246,8118726,19308610
1991:Q2,age40to54,8509523,3205346,2497636,707710,5304177,692908,126470,315054,240062,74992,66216,48266,17950,709242,141393,208950,434702,1382450,1138267,88524,1412216,1406579,1059899,280306,330,66044,5637,7097307,25138052
1991:Q2,ageunder40,3958212,2203359,1555744,647615,1754852,363383,51692,80049,70484,9564,16211,8876,7335,222752,98783,31373,139690,224998,458164,67758,1500819,1496905,1104244,379044,379,13238,3914,2457392,35976986
1991:Q3,age70plus,4497275,1360915,1130608,230307,3136360,1017249,94111,391428,323665,67763,118434,73211,45223,460303,38702,10407,5653,557278,410088,32707,90452,88925,39743,27641,77,21464,1527,4406824,14367551
1991:Q3,age55to69,8788222,2542697,2031332,511365,6245526,934504,165124,405933,336766,69166,218616,146916,71700,982479,139480,159122,236030,1857680,1079451,67108,567523,562250,394731,115455,271,51793,5273,8220700,19283281
1991:Q3,age40to54,8696713,3260852,2542359,718492,5435861,693060,127592,325278,257269,68009,69752,51693,18059,750083,142570,215822,455264,1428796,1138210,89434,1436079,1430539,1083872,278714,261,67692,5540,7260633,25292870
1991:Q3,ageunder40,3971298,2209401,1566091,643310,1761897,357269,52506,80623,68100,12523,16933,9787,7147,235887,99182,31283,145494,225976,448406,68339,1495078,1491226,1096157,380689,316,14064,3852,2476220,36004594
1991:Q4,age70plus,4670288,1385368,1148939,236429,3284920,1025753,96811,389800,323587,66214,135320,88402,46918,571649,38961,10526,6176,567620,408915,33388,95457,93990,42580,27563,148,23699,1467,4574831,14448887
1991:Q4,age55to69,9001316,2558103,2045212,512891,6443213,927797,160782,407734,337765,69969,219032,150880,68151,1159124,143909,161164,251550,1872813,1071206,68101,589751,584426,405679,120356,536,57854,5325,8411565,19250234
1991:Q4,age40to54,8927640,3285223,2561635,723588,5642417,701326,130417,334427,269488,64939,74841,56376,18465,849975,144424,223235,480033,1476724,1136240,90775,1472401,1466927,1116457,280556,480,69434,5474,7455238,25463479
1991:Q4,ageunder40,4021827,2219339,1574799,644539,1802488,357371,53888,80867,66780,14088,18980,12190,6790,276616,99734,31255,152419,226976,435132,69248,1509620,1505824,1103164,387105,617,14938,3795,2512207,36027023
1992:Q1,age70plus,4674231,1425818,1181200,244618,3248413,998985,104112,395422,326020,69402,130084,81278,48807,538995,39286,10482,3301,583220,410442,34084,100033,98600,51522,25065,173,21841,1433,4574198,14527800
1992:Q1,age55to69,8996199,2577536,2066475,511061,6418663,880678,164383,418782,343664,75118,210266,145528,64738,1150300,148360,161206,248475,1900653,1066483,69077,590278,584880,411022,116645,648,56565,5397,8405921,19210336
1992:Q1,age40to54,8995234,3291452,2566062,725390,5703782,669212,137874,350443,285030,65413,77003,58154,18849,846313,146444,229269,484721,1533894,1136423,92187,1497543,1492110,1149650,271870,533,70057,5433,7497692,25648893
1992:Q1,ageunder40,3985514,2231943,1580809,651134,1753571,324493,56882,79067,64704,14363,16855,10405,6450,268078,100296,30956,153018,230009,423759,70157,1495175,1491432,1096082,379773,735,14842,3743,2490339,36044472
1992:Q2,age70plus,4713630,1461723,1207622,254101,3251907,998452,101505,386186,316179,70007,137329,86648,50681,524169,38771,10682,1539,604165,414160,34950,106484,105072,57837,24164,221,22850,1412,4607147,14604359
1992:Q2,age55to69,9016314,2595939,2083797,512142,6420375,863797,150774,405415,327186,78228,205526,144301,61226,1164714,151763,164099,251723,1927883,1064514,70166,599754,594274,415179,117863,856,60375,5480,8416560,19164451
1992:Q2,age40to54,9101904,3304348,2574323,730025,5797556,668033,135638,352292,288636,63656,81188,61926,19261,856271,147831,237812,496875,1589506,1138332,93778,1526756,1521350,1179308,269847,639,71555,5406,7575149,25848123
1992:Q2,ageunder40,3981223,2239264,1582312,656952,1741959,316463,56364,80974,65526,15448,16998,10899,6099,265689,100650,31059,155777,232980,413840,71165,1489450,1485758,1088919,380457,958,15424,3692,2491773,36057140
1992:Q3,age70plus,4781251,1470037,1211441,258597,3311214,1002876,101310,383992,319345,64647,141648,89078,52570,546408,39794,10807,1080,624916,422506,35878,105529,104121,58237,23509,132,22244,1408,4675722,14678632
1992:Q3,age55to69,9137261,2627831,2106853,520978,6509430,852504,141561,411076,334884,76192,199191,141538,57653,1226680,156934,166036,262049,1953635,1068483,71280,615789,610214,426185,122201,532,61296,5576,8521471,19113443
1992:Q3,age40to54,9328102,3377460,2633357,744103,5950642,673070,135837,363986,306608,57378,85365,65672,19693,893691,150669,245807,517407,1646127,1143212,95471,1561366,1555971,1212560,270429,348,72633,5396,7766736,26060183
1992:Q3,ageunder40,4012500,2260384,1612338,648046,1752116,313099,56674,81501,63067,18434,16537,10797,5740,275797,101368,31034,160922,235803,407180,72202,1504540,1500896,1098896,385794,582,15623,3644,2507960,36065224
1992:Q4,age70plus,4921849,1480732,1217815,262917,3441117,1002860,98621,383482,319135,64346,139677,88642,51036,658909,42290,11438,2446,643215,421361,36817,108613,107153,62124,23429,188,21411,1460,4813236,14750693
1992:Q4,age55to69,9342867,2643798,2116490,527308,6699069,862716,137224,414597,335859,78738,199129,142380,56749,1352043,152848,175541,270417,2003636,1059329,71589,623827,618438,432226,122358,739,63115,5389,8719040,19058289
1992:Q4,age40to54,9599068,3450396,2697997,752399,6148673,689639,132239,361248,302212,59037,91515,71473,20042,998398,156830,255031,530215,1677782,1158310,97467,1602778,1597248,1241616,282331,552,72749,5530,7996290,26283958
1992:Q4,ageunder40,4066239,2270745,1619901,650844,1795494,318814,52179,84676,63482,21194,16034,10410,5624,302994,105373,32444,171017,247585,391278,73102,1521358,1517627,1104937,396651,831,15208,3730,2544881,36068966
1993:Q1,age70plus,5054558,1549921,1278282,271640,3504637,978161,101772,391672,313574,78098,147471,97900,49571,698744,44655,11732,5465,653782,433697,37486,110973,109449,66353,20112,312,22672,1524,4943585,14820630
1993:Q1,age55to69,9437627,2649804,2131668,518136,6787823,845775,142479,421129,326913,94217,202396,146453,55943,1385836,148557,180988,287568,2033833,1067601,71661,618948,613739,430772,113173,1194,68600,5209,8818679,19000402
1993:Q1,age40to54,9684003,3398894,2654514,744380,6285110,677847,134566,363242,292192,71050,98643,78259,20384,1053337,162978,261121,553941,1698628,1181486,99321,1623225,1617548,1261494,281512,1023,73520,5677,8060778,26517839
1993:Q1,ageunder40,4079714,2278100,1605642,672459,1801614,302120,49750,84512,65127,19386,17314,11795,5519,306019,109312,33299,184010,256370,385087,73820,1509040,1505222,1096085,392465,1388,15284,3818,2570674,36068776
1993:Q2,age70plus,5106134,1564468,1287215,277253,3541666,968502,100499,387320,302598,84722,154210,106155,48055,717768,47334,12047,6273,664358,445392,37963,111757,110169,69248,18860,284,21777,1588,4994377,14888536
1993:Q2,age55to69,9513754,2681155,2153359,527795,6832599,845869,140498,412149,308806,103344,205787,150673,55114,1394105,144589,186619,293003,2063779,1074630,71570,626043,621016,438786,110886,1056,70287,5028,8887711,18941304
1993:Q2,age40to54,9875982,3475984,2719189,756795,6399998,684282,132474,354986,276906,78080,105652,84908,20744,1094645,169502,267572,564856,1720158,1204788,101084,1663971,1658143,1293681,289760,1018,73685,5827,8212011,26760088
1993:Q2,ageunder40,4105780,2294926,1620323,674603,1810855,299443,45834,87060,67463,19597,18382,12971,5411,302344,113290,34184,192842,265149,377918,74408,1525811,1521906,1106631,399157,1260,14859,3905,2579970,36065106
1993:Q3,age70plus,5185739,1571846,1290014,281832,3613893,961587,100724,386620,292141,94479,148553,102055,46498,771296,50161,12524,7440,675313,460861,38812,113124,111471,68799,18447,328,23898,1653,5072615,14954504
1993:Q3,age55to69,9649640,2715720,2177078,538642,6933919,849381,140977,407852,292554,115298,204949,150673,54276,1443173,140764,194055,300367,2094532,1086094,71775,642061,637216,447136,111663,1185,77232,4845,9007579,18882520
1993:Q3,age40to54,10121236,3566129,2794706,771423,6555107,694594,131914,350351,262846,87505,110355,89236,21119,1160967,176248,275735,578550,1742818,1230424,103152,1707261,1701282,1323239,301991,1291,74760,5980,8413975,27008970
1993:Q3,ageunder40,4141529,2308392,1634222,674169,1833138,299519,42448,87283,69045,18238,17250,11949,5300,309520,117266,35321,202209,274066,373036,75220,1550504,1546514,1119358,410568,1458,15130,3990,2591025,36058406
1993:Q4,age70plus,5310653,1605089,1314292,290797,3705564,950606,104112,407064,293496,113568,147385,102464,44921,824742,53027,12623,7822,685254,473926,39003,118633,116915,71453,19944,330,25188,1718,5192020,15018628
1993:Q4,age55to69,9800704,2750849,2204766,546083,7049856,848847,146560,431237,296184,135052,205670,152213,53457,1491343,136973,197087,303584,2122863,1094232,71460,656847,652185,452169,116151,1155,82709,4663,9143857,18825571
1993:Q4,age40to54,10342892,3624002,2842179,781822,6718890,700549,134565,364704,261133,103571,115596,94095,21501,1228132,183112,280311,587649,1764381,1255113,104780,1756782,1750647,1352120,321506,1417,75605,6135,8586110,27262748
1993:Q4,ageunder40,4170492,2329050,1645505,683545,1841442,296113,40046,80798,68934,11864,16935,11745,5190,316471,121213,35848,209943,282587,365873,75615,1573250,1569174,1123935,428567,1467,15205,4076,2597242,36049131
1994:Q1,age70plus,5354652,1660385,1360882,299502,3694268,935850,108613,427657,308934,118724,146504,103106,43398,773222,54797,12664,7307,695528,492503,39623,115374,113586,71196,17395,449,24546,1788,5239278,15081000
1994:Q1,age55to69,9838772,2783119,2238508,544611,7055653,844667,153923,467045,323826,143218,206567,153833,52734,1417230,132010,199441,302082,2152236,1108956,71497,657673,653189,455843,110975,1527,84844,4484,9181099,18771981
1994:Q1,age40to54,10428087,3621509,2838636,782873,6806578,702302,138334,383567,273472,110095,120683,98810,21873,1220939,189057,284379,591101,1786763,1282712,106742,1785774,1779478,1376037,325400,2130,75911,6296,8642313,27519687
1994:Q1,ageunder40,4164115,2343514,1644342,699172,1820601,289479,37914,78785,66850,11935,16683,11593,5090,291110,124860,36275,215762,291229,362234,76270,1578008,1573847,1126879,430107,2021,14841,4161,2586107,36037731
1994:Q2,age70plus,5392268,1692974,1385601,307373,3699294,916371,108128,451215,327307,123909,141511,99729,41781,744862,56783,12477,8415,705213,514363,39955,120159,118297,75454,18177,582,24083,1862,5272109,15141714
1994:Q2,age55to69,9914248,2823332,2271842,551489,7090917,835872,153313,510117,358529,151589,205578,153620,51959,1370828,127331,199199,309310,2180616,1127427,71325,667991,663682,461133,113319,1919,87311,4308,9246258,18723274
1994:Q2,age40to54,10587643,3677194,2883774,793420,6910449,698495,137091,405386,288574,116812,124535,102270,22265,1229105,195249,286195,605543,1808437,1311897,108516,1835919,1829459,1407661,342475,3048,76275,6461,8751724,27778050
1994:Q2,ageunder40,4160277,2356577,1649246,707332,1803700,278757,34326,75316,63415,11901,15755,10774,4981,273212,128522,36332,224639,299642,360458,76742,1596900,1592654,1130868,444609,2657,14520,4245,2563378,36024658
1994:Q3,age70plus,5445813,1695309,1381772,313537,3750504,908152,111702,454554,330441,124113,138093,97966,40127,765141,62145,12582,10465,715563,531181,40926,123827,121893,78884,19460,608,22942,1934,5321986,15200863
1994:Q3,age55to69,10033642,2852459,2288947,563512,7181183,840114,159230,521950,365793,156158,205187,153995,51192,1381896,126251,202342,321670,2211200,1139670,71671,678917,674786,467063,117149,1934,88640,4131,9354725,18680973
1994:Q3,age40to54,10835934,3773755,2963359,810396,7062180,709017,139913,408413,288172,120241,128524,105860,22664,1273406,204580,290967,626772,1831190,1338628,110769,1887830,1881206,1439377,361929,3461,76439,6624,8948104,28036101
1994:Q3,ageunder40,4187629,2368632,1659563,709069,1818997,278602,31860,77529,62989,14540,15122,10252,4870,270323,132961,36853,235342,308303,354503,77600,1618802,1614473,1136221,461416,2787,14050,4329,2568826,36010364
1994:Q4,age70plus,5502850,1708702,1390024,318677,3794149,898314,118039,496267,359487,136780,135289,97034,38255,747588,63731,12265,8773,724481,547878,41524,133959,131953,83531,22561,742,25119,2006,5368892,15258539
1994:Q4,age55to69,10130242,2867238,2296723,570515,7263005,843282,169588,596536,425645,170891,204960,154711,50250,1349692,121246,200692,314213,2239206,1151834,71756,699184,695229,472256,124979,2280,95714,3955,9431058,18646600
1994:Q4,age40to54,11016486,3831771,3009799,821972,7184715,717912,145470,445946,313489,132457,132577,109472,23106,1288713,210500,291392,622556,1851677,1365215,112757,1949066,1942278,1471360,388707,4652,77559,6789,9067419,28292103
1994:Q4,ageunder40,4175381,2378223,1665250,712972,1797159,277225,30050,64991,54880,10110,14619,9884,4735,256178,136462,36687,238335,316417,347968,78226,1646408,1641996,1139296,484921,3461,14318,4412,2528973,35995302
1995:Q1,age70plus,5619956,1733085,1406063,327022,3886871,894140,124253,486136,346823,139313,134233,97651,36582,815663,67400,12496,12048,736223,561095,43185,131427,129336,84948,20503,805,23080,2091,5488529,15314836
1995:Q1,age55to69,10281809,2881999,2303722,578277,7399810,853478,179806,578625,400832,177794,205793,156229,49564,1417071,118463,205417,333442,2274923,1160108,72685,697194,693404,474701,120730,2378,95595,3790,9584615,18621679
1995:Q1,age40to54,11251049,3872808,3039310,833499,7378241,734480,150849,434733,296927,137806,136932,113434,23498,1370470,218364,297475,652989,1876324,1390095,115529,1980272,1973306,1495134,395226,5499,77446,6965,9270777,28544321
1995:Q1,ageunder40,4223143,2388007,1666108,721899,1835136,281365,28109,70782,59461,11321,14407,9780,4627,267630,140436,37407,251471,325598,338441,79490,1647683,1643187,1137651,488088,3795,13653,4497,2575459,35979922
1995:Q2,age70plus,5706877,1712618,1385052,327566,3994259,893219,132656,471899,343790,128109,131877,97013,34865,889273,72076,13218,15096,754446,575657,44843,131471,129291,84528,21244,938,22582,2180,5575406,15369848
1995:Q2,age55to69,10465301,2898478,2308385,590093,7566823,868153,193593,570746,396531,174215,205994,157106,48888,1490398,116752,215858,351601,2309758,1170328,73642,711527,707899,482615,124443,2661,98181,3628,9753774,18607733
1995:Q2,age40to54,11576601,3985889,3134401,851488,7590712,755825,158326,423885,290170,133715,140697,116805,23892,1456699,227190,308688,682214,1903528,1415365,118297,2030152,2023008,1524644,413562,7046,77756,7144,9546449,28791019
1995:Q2,ageunder40,4278978,2395655,1680470,715185,1883323,288878,26597,81287,60692,20596,13999,9483,4517,280438,144627,38917,264115,334312,329409,80744,1673356,1668775,1147049,503878,4517,13331,4581,2605622,35964678
1995:Q3,age70plus,5823208,1693075,1364164,328911,4130133,881487,137042,479216,341881,137334,129120,95998,33123,984023,74651,13600,19442,771612,595834,44107,139111,136842,87784,22883,1048,25127,2269,5684097,15423666
1995:Q3,age55to69,10606263,2842237,2243578,598659,7764026,871814,201101,581828,394813,187015,206026,157784,48242,1587180,112971,222520,376781,2343473,1187492,72838,732209,728740,490437,129406,2846,106051,3468,9874054,18606286
1995:Q3,age40to54,11835009,4016264,3151250,865014,7818745,763382,161771,428539,284558,143981,144130,119849,24281,1559080,234075,316345,720814,1928665,1442666,119280,2087974,2080651,1557795,435293,8642,78920,7324,9747035,29030460
1995:Q3,ageunder40,4283951,2366585,1654145,712440,1917366,286598,24052,79407,61522,17886,13545,9138,4406,299093,148299,39874,279399,342597,323939,80564,1699836,1695170,1154321,522017,5161,13671,4665,2584116,35950021
1995:Q4,age70plus,5983945,1715079,1385667,329411,4268866,886436,139367,504497,341101,163396,137066,103938,33128,1060359,74840,13970,19799,799300,588355,44877,141948,139654,86423,26771,1386,25074,2295,5841997,15476364
1995:Q4,age55to69,10896026,2873090,2263826,609264,8022936,879029,214092,608419,397383,211035,209385,162021,47364,1718837,114610,229421,394502,2381510,1199379,73752,755923,752420,502648,145131,3865,100776,3503,10140103,18618311
1995:Q4,age40to54,12074966,4053896,3175052,878844,8021070,766082,169027,446567,283191,163376,149816,126336,23480,1652510,238368,317129,757295,1943375,1460328,120573,2126191,2118793,1570740,453937,11931,82186,7398,9948776,29261532
1995:Q4,ageunder40,4367672,2376489,1664702,711787,1991183,291309,27256,64258,61424,2833,15806,11545,4261,334048,152388,40571,293882,342174,348470,81022,1728396,1723670,1160698,542322,7248,13402,4726,2639276,35936192
1996:Q1,age70plus,6083684,1763099,1430043,333056,4320584,900051,148147,492553,326754,165799,140343,107266,33077,1085390,73286,14361,19891,825924,575842,44796,145948,143634,85306,24839,1015,32474,2314,5937736,15527933
1996:Q1,age55to69,11110759,2920158,2299282,620876,8190601,896303,238333,590994,374015,216978,209884,163430,46454,1793873,114588,236680,411302,2418341,1206226,74077,783228,779691,521234,147504,2855,108097,3537,10327531,18642591
1996:Q1,age40to54,12245534,4081690,3189166,892524,8163844,780201,182861,435761,269322,166439,153698,131037,22662,1707526,241012,318079,792316,1955597,1475584,121207,2145885,2138419,1593227,449346,8231,87615,7466,10099649,29485617
1996:Q1,ageunder40,4458719,2388158,1672170,715988,2070561,303839,32178,66501,64140,2361,17470,13363,4108,353802,156060,41298,307972,341292,369172,80977,1744234,1739448,1179092,540519,5110,14727,4787,2714485,35922588
1996:Q2,age70plus,6156580,1780260,1450701,329558,4376320,899184,140426,514107,339329,174778,135497,102520,32977,1117418,72919,14673,18229,852347,566717,44804,152979,150639,88834,26752,1336,33718,2339,6003601,15578342
1996:Q2,age55to69,11338085,2963096,2330079,633018,8374989,898035,236303,630421,402807,227615,206349,160836,45513,1877162,115834,243159,419732,2455855,1217625,74515,807063,803486,536894,157689,3855,105049,3577,10531022,18677359
1996:Q2,age40to54,12438687,4145887,3237845,908042,8292799,775243,180552,453991,280149,173841,154862,133034,21828,1768231,244773,318196,816105,1966838,1492126,121885,2186670,2179132,1616626,459951,11265,91291,7538,10252017,29704722
1996:Q2,ageunder40,4515201,2390381,1682183,708198,2124820,303031,33254,61231,61231,0,17900,13952,3948,375254,160017,41897,318933,340277,392043,80985,1768709,1763861,1189855,552188,7092,14726,4848,2746492,35908392
1996:Q3,age70plus,6173271,1810448,1480931,329517,4362823,903727,140787,506463,346205,160259,132299,99440,32859,1092478,74543,14905,17373,878360,556370,45519,159974,157612,92788,28557,1456,34810,2362,6013297,15627562
1996:Q3,age55to69,11497851,3003678,2357364,646314,8494173,906112,248091,642408,421551,220857,203726,159157,44569,1895978,119141,248811,432791,2493424,1228170,75521,830598,826980,553284,167627,4286,101783,3618,10667253,18720848
1996:Q3,age40to54,12580902,4202700,3278932,923767,8378202,777519,186431,451025,285736,165289,156867,135891,20976,1784432,250442,317480,845931,1976934,1508057,123085,2226865,2219257,1641669,470248,12411,94929,7608,10354038,29920853
1996:Q3,ageunder40,4577946,2396442,1690865,705577,2181504,307087,36413,66953,59254,7700,18712,14927,3785,379619,164449,42363,331640,339052,413808,81408,1792564,1787656,1201620,563415,7929,14691,4909,2785382,35892792
1996:Q4,age70plus,6333354,1868531,1536861,331671,4464823,903654,143106,507928,353553,154376,149386,116633,32752,1138849,76458,13565,26694,900800,558403,45981,167201,164818,94312,31137,1170,38199,2383,6166153,15675563
1996:Q4,age55to69,11782828,3032992,2379085,653906,8749837,909425,263785,662288,442102,220186,209616,165971,43645,1996276,122798,236202,496038,2523618,1253421,76370,858589,854931,569167,179977,3472,102315,3658,10924240,18771290
1996:Q4,age40to54,12782996,4204542,3273088,931453,8578455,773926,194476,454174,291751,162423,165527,145427,20100,1857230,256432,300338,941480,1981129,1529650,124093,2263373,2255698,1662617,484296,9522,99263,7675,10519623,30136016
1996:Q4,ageunder40,4688541,2410969,1700071,710899,2277571,307036,40197,69056,56964,12092,23225,19603,3622,404647,168938,40284,362096,336475,443941,81677,1817304,1812335,1212535,578467,6198,15134,4969,2871237,35874971
1997:Q1,age70plus,6331824,1908871,1575013,333857,4422953,905844,147918,448996,334007,114989,140976,108428,32548,1126938,76979,13991,22634,927073,564951,46653,171244,168886,97726,28518,1563,41079,2358,6160579,15722315
1997:Q1,age55to69,11886533,3066582,2400940,665642,8819950,915459,284332,597678,406817,190861,204621,161995,42626,2029572,125109,244191,494007,2563306,1284274,77401,870139,866470,581044,178672,4762,101992,3669,11016394,18826920
1997:Q1,age40to54,12850130,4228902,3284761,944140,8621228,773508,205234,407894,273206,134688,166461,147233,19228,1883683,261152,301754,951522,1991104,1553650,125266,2280239,2272537,1679821,475877,13358,103481,7703,10569890,30352217
1997:Q1,ageunder40,4778958,2416277,1702873,713404,2362680,308960,44756,95891,61374,34516,23434,19988,3447,412101,173074,41055,369253,335236,476860,82061,1815220,1810198,1214858,571108,8768,15464,5022,2963737,35854115
1997:Q2,age70plus,6623000,1929054,1600892,328163,4693946,909651,140134,451289,330361,120928,146517,113941,32575,1351420,79295,15541,32174,956368,564185,47373,179496,177160,100651,29455,1731,45324,2335,6443505,15767788
1997:Q2,age55to69,12414990,3113574,2436368,677206,9301416,923424,284153,604173,404557,199616,204942,163100,41842,2336578,129256,265480,557556,2610392,1306975,78487,896285,892603,596716,186640,5380,103867,3682,11518705,18885971
1997:Q2,age40to54,13296269,4298451,3340008,958443,8997818,775439,203567,409598,269312,140286,171591,153309,18282,2101008,267656,314919,1047130,2005753,1574666,126491,2316708,2308975,1702730,483032,15069,108143,7733,10979561,30571463
1997:Q2,ageunder40,4930946,2421055,1717901,703153,2509892,312216,46190,93792,61732,32059,26296,22999,3297,489501,177612,43632,398814,335012,504364,82463,1834536,1829460,1224490,578910,9991,16069,5076,3096411,35829409
1997:Q3,age70plus,6814124,1948084,1622080,326004,4866040,915447,141272,455344,325074,130270,144646,111974,32672,1471851,81462,16667,39248,984446,566894,48765,190871,188558,105156,30608,1066,51728,2313,6623253,15811953
1997:Q3,age55to69,12818407,3155800,2464154,691646,9662607,933650,299607,610444,399056,211388,202357,161238,41119,2523749,133283,281817,608789,2654947,1333877,80087,930519,926823,618845,195499,3300,109180,3696,11887887,18946675
1997:Q3,age40to54,13654046,4370612,3394926,975686,9283434,780222,211095,412585,264055,148529,174905,157606,17299,2235523,274111,323526,1126751,2018645,1597820,128250,2360301,2352536,1739001,491611,8447,113476,7765,11293745,30795760
1997:Q3,ageunder40,5052422,2428817,1732158,696659,2623605,317054,50033,90152,62311,27841,28011,24858,3153,535754,182080,45491,423591,334277,533923,83240,1862325,1857196,1246279,588087,5726,17104,5128,3190098,35800038
1997:Q4,age70plus,6955139,2020603,1690490,330113,4934535,925113,142743,456424,338679,117745,152451,119860,32591,1484127,80709,16509,34428,1008918,584742,48371,202846,200552,112282,33135,1645,53490,2294,6752293,15854780
1997:Q4,age55to69,13065958,3204592,2505061,699531,9861366,948133,316154,635563,431840,203723,202307,162101,40206,2587535,134403,283135,604017,2691301,1378465,80353,950960,947248,629018,206026,5244,106960,3712,12114998,19007266
1997:Q4,age40to54,13783571,4375392,3392273,983119,9408178,790313,219206,415908,275707,140201,180927,164582,16345,2286679,277885,319137,1134230,2026206,1629008,128679,2404937,2397135,1760604,504997,14001,117533,7801,11378634,31027113
1997:Q4,ageunder40,5151837,2447663,1742464,705198,2704174,324973,54070,94166,59287,34879,31737,28750,2987,549782,185822,45303,429675,332194,573480,82971,1876325,1871145,1244455,600007,9500,17182,5181,3275512,35765188
1998:Q1,age70plus,7317582,2054251,1725889,328362,5263331,922539,151454,460239,324763,135476,164062,131612,32450,1751322,81289,17942,45525,1043572,576685,48702,211388,209159,119505,30681,1776,57197,2229,7106194,15896238
1998:Q1,age55to69,13675708,3266174,2553720,712454,10409533,949069,345581,631432,408317,223115,202367,163149,39218,2942654,136860,303129,673628,2750768,1392884,81160,964398,960702,642789,204322,5758,107833,3697,12711309,19065977
1998:Q1,age40to54,14301404,4456437,3457539,998898,9844967,785020,234862,418056,262956,155100,187711,172320,15391,2538588,283056,330954,1238620,2050095,1648307,129698,2431839,2424041,1789382,497114,15324,122221,7798,11869565,31267531
1998:Q1,ageunder40,5317630,2462869,1762522,700346,2854762,322645,60093,88090,61588,26502,36420,33608,2812,638703,189832,47610,459715,333615,594930,83108,1875037,1869812,1249768,591927,10469,17648,5225,3442593,35724044
1998:Q2,age70plus,7460621,2114325,1785407,328918,5346295,920504,148434,500790,337275,163515,168959,136669,32289,1768951,81614,18882,41272,1066192,582321,48376,220895,218607,122401,33054,1646,61506,2288,7239726,15936298
1998:Q2,age55to69,14002334,3353015,2627852,725163,10649318,950422,355343,690349,439172,251178,199786,161594,38192,3013385,139050,317316,671746,2807382,1423078,81461,998885,995119,663687,216432,5381,109618,3766,13003449,19121042
1998:Q2,age40to54,14574277,4547995,3533608,1014387,10026282,780882,238998,451549,273751,177798,193206,178778,14428,2598739,288124,337851,1251303,2080157,1675217,130255,2485460,2477549,1824424,512054,13904,127167,7911,12088818,31519018
1998:Q2,ageunder40,5393537,2490418,1791178,699240,2903120,320785,63145,71049,58820,12228,40131,37498,2633,653816,193729,49117,466630,336517,625350,82851,1908504,1903218,1269190,606204,9598,18226,5286,3485033,35675791
1998:Q3,age70plus,7179258,2107236,1783280,323956,5072022,920074,159274,513316,361699,151617,190065,157839,32226,1461348,79076,18267,20903,1083779,576919,49001,226574,224520,126627,34636,1791,61466,2054,6952684,15974931
1998:Q3,age55to69,13821449,3408790,2662153,746637,10412659,953282,389171,743426,499019,244407,199824,162585,37239,2704497,138338,313147,596520,2851950,1440046,82458,1023208,1019575,683122,226072,5945,104436,3633,12798241,19170692
1998:Q3,age40to54,14564793,4740980,3697267,1043713,9823812,779283,257353,465902,295444,170458,201189,187767,13422,2397582,290567,329405,1170021,2103394,1697514,131602,2538279,2530522,1860658,523567,15370,130926,7758,12026513,31783581
1998:Q3,ageunder40,5354600,2508980,1826556,682424,2845620,320206,69864,71629,52125,19504,47073,44611,2462,572084,196892,48195,451086,337589,647881,83120,1936077,1930772,1285749,616443,10653,17927,5305,3418523,35619614
1998:Q4,age70plus,7731820,2197724,1863451,334273,5534096,951239,173914,484095,357236,126859,187708,154311,33397,1869614,85616,18102,49615,1079077,587687,47431,230855,229225,127854,36837,2286,62249,1630,7500966,16012240
1998:Q4,age55to69,14537066,3468499,2722147,746353,11068567,977014,408457,706559,490297,216262,201021,164080,36941,3143083,145720,326741,722834,2887159,1467617,82363,1045471,1042131,698632,230101,7096,106301,3340,13491595,19213941
1998:Q4,age40to54,15261590,4803888,3749495,1054393,10457703,815885,278146,438081,298469,139612,201643,187328,14315,2706835,302973,356342,1315721,2194947,1713458,133672,2606506,2599080,1906973,543126,17969,131013,7426,12655084,32062213
1998:Q4,ageunder40,5545336,2556461,1857716,698745,2988875,337787,73077,82106,50618,31488,42342,40072,2270,692042,200418,49667,471932,340051,616225,83229,1980853,1975633,1315131,631208,11975,17318,5220,3564483,35555227
1999:Q1,age70plus,7782050,2218129,1882077,336052,5563922,952005,188193,488772,335551,153220,186558,151893,34664,1894424,86633,16636,58661,1068929,577355,45756,231963,229889,127870,35756,2400,63863,2074,7550087,16048864
1999:Q1,age55to69,14610330,3501498,2748992,752507,11108832,967105,427566,680442,444558,235884,202253,165500,36753,3137769,147524,324955,760006,2909653,1469395,82164,1057417,1053772,711659,225670,6976,109467,3646,13552913,19252910
1999:Q1,age40to54,15572399,4948980,3872496,1076484,10623418,813711,299006,434475,285015,149460,202199,187014,15185,2710301,310174,370614,1348705,2280165,1718368,135700,2652765,2644855,1948315,548422,16721,131397,7910,12919634,32351855
1999:Q1,ageunder40,5510827,2582000,1885772,696227,2928827,331045,76242,71912,53129,18783,38091,35998,2094,698141,202595,49119,466431,340614,571384,83253,2005259,1999996,1339793,632550,10773,16879,5263,3505568,35484460
1999:Q2,age70plus,8084016,2292473,1946940,345534,5791543,949521,183179,464224,318771,145453,187357,151642,35715,2117264,89889,15747,71414,1060367,608236,44344,240960,238871,127708,36885,2745,71533,2088,7843056,16085576
1999:Q2,age55to69,14979696,3575614,2818500,757114,11404081,953628,413875,636254,412356,223898,203572,167195,36377,3361766,151558,330206,815530,2935807,1519735,82151,1089011,1085357,728373,227167,7569,122249,3654,13890685,19290502
1999:Q2,age40to54,16048444,5077295,3982311,1094984,10971149,807412,299950,409905,275404,134501,203181,187065,16116,2876467,319714,391461,1408733,2369851,1746511,137964,2719757,2711765,1996368,564187,17554,133656,7992,13328687,32648434
1999:Q2,ageunder40,5594098,2622946,1915733,707213,2971152,321814,74421,75116,53452,21664,34456,32555,1901,762156,205232,49477,467838,341717,555519,83406,2048335,2043093,1371242,643343,10887,17622,5242,3545763,35409674
1999:Q3,age70plus,8044377,2328337,1976966,351371,5716040,960892,191116,452928,309333,143595,200687,163761,36926,1987442,88019,13182,68366,1046250,662525,44634,248178,246090,131475,39122,2590,72903,2088,7796199,16123148
1999:Q3,age55to69,14914963,3639814,2871515,768299,11275149,955240,422773,613646,396000,217647,208114,171940,36174,3182420,150464,314816,796280,2949527,1598435,83435,1113730,1110078,747502,230774,6785,125017,3652,13801233,19329617
1999:Q3,age40to54,16235199,5268374,4144910,1123464,10966824,819029,314465,397172,272092,125080,206674,189669,17005,2759371,324278,393772,1368927,2451964,1789531,141640,2797045,2788984,2055645,584565,14746,134027,8062,13438153,32947879
1999:Q3,ageunder40,5577697,2667348,1959779,707568,2910349,323410,75986,73781,52287,21494,33217,31488,1729,722510,206681,47178,445796,340902,556370,84519,2095261,2090043,1406636,657434,8840,17133,5218,3482436,35333226
1999:Q4,age70plus,8713038,2398089,2038278,359811,6314949,985482,214262,388312,320695,67617,228708,190700,38008,2506936,101509,14037,89076,1043617,679762,63249,275522,273166,141259,42244,2692,86972,2355,8437517,16162352
1999:Q4,age55to69,15754759,3691670,2919219,772451,12063089,971174,458218,548754,419645,129110,216509,180634,35875,3747951,164763,342150,891941,2990265,1632796,98567,1148143,1144310,755672,233893,6763,147982,3834,14606615,19373158
1999:Q4,age40to54,17106107,5385204,4243632,1141571,11720903,847875,345602,349784,288471,61314,213466,195541,17925,3171193,344171,435608,1487340,2554107,1811524,160233,2873960,2865577,2106744,606673,14072,138088,8383,14232147,33246116
1999:Q4,ageunder40,5819939,2712135,1994876,717260,3107804,335173,81531,87448,48525,38923,34631,33082,1550,872200,211511,50325,461888,344032,533164,95902,2123823,2118594,1420588,670811,8121,19073,5229,3696116,35257477
2000:Q1,age70plus,8953166,2471946,2101838,370108,6481221,1001624,229684,350602,297071,53531,232815,194549,38267,2680785,104225,13174,99316,1034319,671567,63107,298962,296893,152393,42094,3017,99388,2069,8654204,16203962
2000:Q1,age55to69,16089478,3802759,3018790,783970,12286719,978072,480681,482353,376972,105381,218446,183602,34845,3919568,168331,348419,938270,3016671,1636313,99594,1165813,1162173,758671,227835,7315,168352,3639,14923666,19424026
2000:Q1,age40to54,17638171,5589336,4420466,1168870,12048835,865478,368681,316141,270386,45754,216013,196981,19032,3304374,353415,458322,1539244,2645957,1817477,163735,2928864,2920683,2150903,613525,14774,141481,8181,14709307,33539074
2000:Q1,ageunder40,5899809,2774476,2049505,724971,3125333,340218,85061,84746,49178,35568,32121,30820,1301,920449,213949,50753,462478,344873,493947,96737,2128575,2123407,1424245,670311,8188,20662,5168,3771234,35184785
2000:Q2,age70plus,8906203,2562521,2181397,381123,6343682,1007232,222497,346181,281865,64316,222013,183525,38488,2529277,102489,11192,98571,1020718,719844,63668,302146,300023,158522,45341,2902,93258,2122,8604057,16248750
2000:Q2,age55to69,16057714,3922288,3127612,794676,12135426,973877,464643,467580,351928,115652,216311,182486,33825,3727535,167528,340816,931838,3034488,1709617,101193,1178310,1174632,775827,232673,6806,159325,3678,14879404,19485122
2000:Q2,age40to54,17846221,5807078,4612925,1194153,12039143,868661,366859,309759,259875,49885,215207,195088,20119,3177677,358178,467860,1517730,2730710,1858722,167780,3008443,3000146,2209838,637472,13055,139780,8297,14837778,33822680
2000:Q2,ageunder40,5901947,2852401,2117646,734755,3049546,336972,82746,81013,48269,32744,27312,26254,1058,874906,215458,49427,446360,344258,493133,97960,2171055,2165901,1453908,686285,6963,18746,5153,3730892,35117510
2000:Q3,age70plus,8993467,2603691,2218539,385152,6389776,1013390,233748,340033,270243,69790,230738,192068,38671,2506244,103377,9969,102628,1009289,775963,64397,316276,314223,165526,50263,2495,95938,2052,8677192,16297488
2000:Q3,age55to69,16246325,4022155,3214501,807653,12224171,970645,480732,453092,334104,118988,219611,186795,32816,3682146,169440,343057,949539,3058982,1793946,102981,1207915,1204280,793078,241157,5679,164366,3635,15038410,19559348
2000:Q3,age40to54,18260916,6054351,4831136,1223215,12206564,871888,385245,302484,252295,50189,218676,197495,21181,3151262,365465,486512,1528991,2818724,1905397,171920,3096162,3087870,2269094,668131,10242,140404,8292,15164753,34092862
2000:Q3,ageunder40,5944636,2909322,2177168,732154,3035314,334088,85221,76853,46917,29936,25888,25067,821,866201,217568,49318,438518,344408,497973,99279,2219144,2214020,1482748,707522,5255,18495,5124,3725491,35058012
2000:Q4,age70plus,8848615,2710641,2312964,397677,6137974,1041255,254304,374408,288498,85911,261780,222928,38853,2145024,101293,7351,95348,992906,801170,63134,310264,307936,167755,55753,3145,81282,2328,8538350,16350949
2000:Q4,age55to69,16053184,4142878,3327584,815295,11910305,991036,513282,503315,367509,135806,229569,197715,31854,3247159,168497,327245,911353,3074069,1841435,103346,1214629,1210799,809954,252013,6992,141840,3830,14838554,19649604
2000:Q4,age40to54,18238632,6207736,4966340,1241396,12030897,903283,414039,332080,274335,57745,227352,205144,22207,2834131,369600,486965,1460237,2897322,1931535,174354,3175791,3167176,2317239,701670,12423,135843,8615,15062842,34345547
2000:Q4,ageunder40,5874699,2974597,2227209,747389,2900102,347683,90094,70939,44278,26661,28091,27497,594,758878,219107,46963,412870,342912,483046,99519,2268399,2263259,1510278,731830,6106,15045,5139,3606301,35008648
2001:Q1,age70plus,8762282,2856377,2450162,406215,5905906,1091529,285645,364301,242307,121994,252006,212088,39918,1865832,103169,5007,80670,981108,813456,63183,302258,300243,170325,55443,2029,72446,2014,8460025,16409906
2001:Q1,age55to69,15959137,4361066,3536930,824136,11598071,1035898,564814,467654,293080,174574,228600,196880,31720,2898762,171659,314773,834727,3102190,1874202,104791,1210617,1206991,825184,248820,4402,128584,3626,14748520,19758793
2001:Q1,age40to54,18317018,6484177,5223744,1260433,11832841,964289,454839,308481,230702,77779,226109,203063,23046,2568918,377554,489754,1334965,2982300,1947868,177764,3218336,3209970,2360464,709751,7180,132575,8365,15098683,34576663
2001:Q1,ageunder40,5865470,3082863,2326899,755964,2782607,378471,97678,63154,43802,19352,23832,23389,443,673948,221569,45024,375032,343015,460383,100500,2290555,2285470,1533652,735710,3392,12717,5084,3574916,34971779
2001:Q2,age70plus,9098908,2919795,2510156,409639,6179113,1105124,284110,346038,218382,127656,255055,214161,40894,2064063,109810,3794,90389,1006540,847511,66678,302902,301002,168390,56426,1360,74826,1901,8796006,16475131
2001:Q2,age55to69,16423347,4472716,3639405,833311,11950631,1042108,560519,437290,258808,178482,231401,199860,31540,3123073,179781,318061,883514,3129803,1936122,108960,1253247,1249685,860828,252581,2892,133384,3562,15170100,19889817
2001:Q2,age40to54,18856246,6676886,5397852,1279034,12179360,974502,458247,286779,209041,77738,227682,203803,23880,2730079,390108,507901,1385485,3057070,1977586,183921,3299135,3290833,2427624,725960,4425,132824,8301,15557111,34782138
2001:Q2,ageunder40,5970845,3134762,2377951,756811,2836083,380654,96898,58265,41522,16742,21720,21433,288,730590,225116,45007,378493,343626,452329,103386,2361976,2356920,1593176,749282,2003,12459,5056,3608868,34949765
2001:Q3,age70plus,8881487,2959292,2547772,411521,5922195,1125051,299101,379980,255457,124523,309131,267242,41889,1659706,103400,1645,75100,1027318,870357,71406,340905,338736,182453,58711,2309,95263,2169,8540582,16547397
2001:Q3,age55to69,16116635,4579133,3733279,845855,11537501,1055817,585254,491830,318764,173066,249856,218444,31411,2619332,174978,308588,802208,3149404,1986027,114209,1315162,1311397,885402,253709,4837,167449,3765,14801473,20045575
2001:Q3,age40to54,18729905,6901709,5601551,1300158,11828196,991886,479839,321188,248767,72421,241427,216742,24685,2333380,389109,512108,1249815,3120564,1997931,190949,3397071,3388471,2500361,742236,7340,138534,8600,15332834,34957900
2001:Q3,ageunder40,5850643,3174523,2420696,753827,2676120,387551,100316,56952,40969,15984,27337,27200,137,607236,226080,43425,340017,342690,437560,106954,2412737,2407659,1629336,759695,3180,15448,5079,3437906,34944963
2001:Q4,age70plus,9277367,3044504,2610746,433759,6232863,1147817,324662,359577,235218,124360,280172,237511,42661,1912777,118561,3857,86539,1084536,840941,73423,313753,311529,165451,68288,573,77217,2223,8963615,16627072
2001:Q4,age55to69,16788424,4740488,3877789,862700,12047935,1082358,612679,446026,277012,169014,247491,214828,32664,2963356,190491,321339,863717,3249281,1953863,117335,1338654,1334783,918306,275865,1052,139560,3871,15449770,20228041
2001:Q4,age40to54,19169707,6996329,5690647,1305682,12173378,1014310,497531,293561,217756,75806,233763,209935,23829,2607754,394913,515542,1311753,3099752,2011513,192985,3450547,3442085,2546478,764269,1451,129887,8461,15719161,35101202
2001:Q4,ageunder40,5982340,3233429,2471270,762159,2748910,397794,103404,58343,40852,17491,23496,23241,255,671824,220352,43655,350093,334876,437790,107283,2482604,2477695,1681550,783405,610,12131,4909,3499736,34958935
2002:Q1,age70plus,9446729,3135500,2683540,451960,6311229,1174352,324566,347739,231662,116077,269782,226085,43698,1912522,132599,5213,96464,1135440,837121,75430,336244,333792,182886,73297,178,77432,2452,9110485,16712909
2002:Q1,age55to69,17142364,4900690,4025470,875220,12241674,1113995,597100,420162,263732,156431,251310,217116,34194,2999131,205151,322192,918384,3337391,1956252,120605,1358953,1354850,937035,276242,296,141277,4103,15783411,20435466
2002:Q1,age40to54,19336932,7095360,5791755,1303605,12241571,1040311,485982,278732,205039,73694,230187,207295,22892,2641837,398973,505765,1360452,3063267,2041244,194821,3518013,3509533,2625786,756653,390,126703,8480,15818919,35214608
2002:Q1,ageunder40,6049445,3294565,2527056,767509,2754880,410646,100196,60669,40607,20062,22461,22068,393,659909,214376,42436,357489,324821,454243,107634,2497444,2492683,1703103,777324,159,12097,4760,3552002,34990047
2002:Q2,age70plus,9378060,3225671,2752664,473008,6152389,1178798,319257,398470,240900,157570,246914,202455,44459,1669920,142327,6401,84656,1184566,841144,79935,350468,347954,196788,81515,-1988,71639,2514,9027592,16803256
2002:Q2,age55to69,17117590,5051767,4160742,891026,12065823,1122746,573614,466176,269351,196825,251827,216301,35525,2737002,215718,320993,857195,3424159,1970452,125941,1389309,1385083,967981,286879,-3066,133289,4226,15728281,20665174
2002:Q2,age40to54,19098684,7183442,5880429,1303013,11915241,1035226,468477,308287,204511,103776,223876,201904,21972,2447898,398240,493270,1246755,3019695,2074997,198522,3605518,3597187,2715348,763992,-3747,121593,8331,15493166,35302006
2002:Q2,ageunder40,5996082,3364738,2588795,775942,2631344,406600,95849,55254,40970,14284,19601,19091,510,577896,207579,40971,328501,314058,475707,109327,2544286,2539691,1744922,785259,-1489,10998,4595,3451796,35035866
2002:Q3,age70plus,9119171,3260107,2770608,489499,5859064,1209981,319177,420184,232508,187676,240432,194939,45494,1271506,148791,7691,71475,1233981,852238,83608,357682,354795,200884,88350,-2519,68080,2887,8761489,16896461
2002:Q3,age55to69,16891889,5204149,4288748,915401,11687740,1161472,560034,475156,251930,223226,258155,221007,37149,2261618,223201,321421,786145,3514315,1995427,130795,1439043,1434471,1010163,298960,-3655,129003,4571,15452847,20914487
2002:Q3,age40to54,18779212,7352107,6039063,1313044,11427105,1065049,456921,316208,189186,127022,221217,200243,20974,2084515,393910,481912,1120305,2973242,2112450,201376,3693218,3684752,2802525,769430,-4303,117100,8466,15085994,35367285
2002:Q3,ageunder40,5910711,3423431,2650591,772840,2487280,422604,92937,49385,40293,9092,19228,18579,649,450788,200205,39690,296849,303282,501725,110587,2613552,2609089,1805588,794868,-1669,10303,4462,3297159,35093959
2002:Q4,age70plus,9336003,3302267,2798678,503589,6033736,1224212,343369,462883,220094,242789,229067,182582,46485,1351693,156185,10729,80121,1289404,795640,90432,370468,367477,206870,96362,-4236,68482,2991,8965535,16990873
2002:Q4,age55to69,17420108,5364656,4428057,936599,12055453,1182762,588753,502270,231188,271082,263711,224926,38785,2410585,231862,345441,837369,3621351,1933104,138244,1497107,1492373,1053213,313674,-5856,131342,4734,15923001,21180729
2002:Q4,age40to54,19086022,7497644,6180201,1317443,11588379,1071413,472547,339279,171898,167381,217555,197597,19959,2203080,390188,492904,1159451,2934058,2101303,206601,3785195,3776853,2890683,779056,-6533,113647,8341,15300828,35414335
2002:Q4,ageunder40,5951076,3477417,2708863,768553,2473660,425886,96024,39052,39052,0,18170,17385,785,464229,193010,41008,303246,294329,485224,113481,2685604,2681303,1865548,807916,-2473,10312,4302,3265472,35161894
2003:Q1,age70plus,9416745,3397370,2877381,519989,6019375,1269682,337603,435583,213845,221738,232125,185044,47080,1239613,167328,13045,82539,1336045,811722,94091,383884,380280,211512,99498,-4282,73552,3604,9032861,17084840
2003:Q1,age55to69,17680622,5546676,4598031,948645,12133946,1239478,567134,468768,219590,249178,274014,233911,40104,2305591,244644,359422,854244,3710196,1967057,143400,1550123,1544860,1092269,316668,-5684,141607,5264,16130499,21461221
2003:Q1,age40to54,19053878,7560082,6252549,1307533,11493796,1118479,454984,317204,160675,156529,216978,197968,19010,2124174,389810,493173,1150835,2878256,2140739,209163,3848296,3839620,2966453,768145,-6181,111203,8677,15205581,35447045
2003:Q1,ageunder40,6003133,3536727,2763311,773416,2466406,452278,91978,42520,38149,4371,19402,18511,892,421750,186445,41138,298939,282520,514704,114731,2734857,2730670,1917008,804812,-2294,11145,4187,3268276,35237238
2003:Q2,age70plus,9941537,3472221,2935278,536943,6469315,1291430,335740,407234,196814,210420,288555,240586,47969,1526642,183415,16354,101626,1387049,834123,97147,430112,426270,221523,106030,-3821,102538,3842,9511425,17176710
2003:Q2,age55to69,18605807,5727906,4760172,967734,12877901,1271219,552962,432501,196538,235964,298836,257093,41743,2736076,262874,385939,966630,3811978,2010661,148225,1672010,1666476,1150042,329115,-4902,192221,5535,16933796,21753288
2003:Q2,age40to54,19603184,7672572,6366861,1305711,11930611,1133729,442099,294229,142429,151800,224415,206430,17985,2449814,393855,504028,1264936,2828321,2184022,211164,3968536,3959875,3079287,772361,-5232,113460,8661,15634648,35469303
2003:Q2,ageunder40,6207261,3609298,2833628,775670,2597963,461101,89010,45609,35985,9623,28982,27959,1022,491354,180635,42540,322630,272070,548358,115676,2830270,2826234,1997528,814424,-1909,16192,4036,3376991,35317558
2003:Q3,age70plus,10147898,3511832,2959708,552123,6636066,1295995,328779,394698,223572,171126,282546,234489,48057,1622882,197430,19122,107478,1435149,849132,102857,448942,444984,241055,114451,-5826,95304,3959,9698955,17264832
2003:Q3,age55to69,19166371,5908477,4914457,994019,13257894,1284753,530892,420861,224586,196275,307025,264356,42670,2914508,279282,405142,1005199,3909342,2045613,155278,1721638,1715912,1198863,341885,-7281,182445,5725,17444733,22054251
2003:Q3,age40to54,19873069,7844856,6532096,1312761,12028213,1126590,424087,283378,156350,127028,221336,204201,17135,2579372,395679,507242,1280478,2773042,2221834,215174,4079311,4070778,3191183,779282,-7394,107706,8533,15793759,35485000
2003:Q3,ageunder40,6310708,3677557,2905617,771940,2633151,457510,84980,58422,38446,19977,29081,27990,1091,505376,174387,43081,324041,260730,577577,117967,2899977,2896103,2059832,824058,-2641,14855,3874,3410731,35400422
2003:Q4,age70plus,10600982,3572384,3002948,569437,7028598,1312436,324656,442647,248096,194551,272635,224051,48585,1868828,210873,22799,125365,1485287,854086,108985,457125,453092,244009,121484,4669,82930,4033,10143858,17347553
2003:Q4,age55to69,20091375,6105958,5087156,1018802,13985417,1312484,514396,466758,250375,216382,315362,271309,44053,3287676,295423,435406,1112889,4014181,2068024,162819,1782610,1776722,1249929,357300,5654,163839,5889,18308765,22361434
2003:Q4,age40to54,20402358,7992986,6676449,1316538,12409372,1135342,409743,313936,167816,146120,217609,201427,16182,2842250,396819,519108,1381253,2721104,2252756,219452,4178385,4170018,3275623,786993,6337,101065,8366,16223974,35498024
2003:Q4,ageunder40,6466199,3748977,2976152,772825,2717222,462878,81766,57504,40351,17153,28631,27435,1196,557842,167965,44682,344701,250089,600710,120454,2981820,2978112,2126053,837155,2281,12624,3707,3484379,35483397
2004:Q1,age70plus,11256655,3701073,3109321,591752,7555582,1347649,319856,711197,503503,207694,279612,229923,49689,1977369,218339,26059,130201,1549946,884459,110894,473391,469277,253015,125037,4361,86865,4114,10783264,17423223
2004:Q1,age55to69,21266520,6402667,5357997,1044670,14863853,1362587,497484,824649,598089,226559,328613,282569,46044,3486841,305504,460177,1147981,4157299,2125586,167133,1835392,1829332,1290480,360646,5184,173022,6060,19431128,22672159
2004:Q1,age40to54,20969871,8202621,6882600,1320021,12767250,1168725,395286,488806,330750,158056,215606,200522,15084,2977261,392426,525352,1389098,2692812,2301387,220490,4240652,4232445,3352433,776910,5618,97484,8207,16729219,35512264
2004:Q1,ageunder40,6636131,3865396,3084073,781323,2770735,482024,78539,51745,35560,16185,30897,29548,1349,571977,160574,45631,344405,244020,640105,120817,3025437,3021897,2172760,833880,1991,13266,3540,3610694,35564050
2004:Q2,age70plus,11364388,3759025,3151753,607272,7605363,1367686,313952,651749,460798,190951,293441,242654,50787,1935922,228474,28761,133950,1577044,961647,112737,501654,497146,269287,130657,4338,92864,4508,10862734,17490190
2004:Q2,age55to69,21806934,6642950,5565519,1077430,15163984,1396624,479435,731703,522684,209019,343641,295554,48086,3498421,318696,478008,1177607,4320368,2247996,171485,1918112,1911645,1350832,369740,5078,185994,6468,19888822,22983750
2004:Q2,age40to54,21256491,8467664,7134051,1333612,12788827,1183397,380328,441272,292763,148509,213855,199877,13978,2984474,390575,525372,1390034,2676208,2381775,221537,4355975,4347651,3472121,776099,5349,94082,8324,16900516,35531609
2004:Q2,ageunder40,6788961,3971074,3194275,776799,2817887,490503,75203,63124,41924,21201,34381,32878,1503,546279,153540,45824,342488,236150,709245,121150,3106614,3103219,2249033,838042,1868,14275,3396,3682346,35639950
2004:Q3,age70plus,11618533,3892555,3268580,623975,7725978,1376283,307873,706063,498739,207323,280572,228790,51782,1890574,237477,31852,134948,1603811,1038756,117768,512709,507972,277654,138438,-1290,93170,4737,11105824,17546801
2004:Q3,age55to69,22547949,6950968,5856239,1094729,15596980,1418489,461818,794402,571895,222508,353988,303903,50085,3506914,330939,500552,1191873,4487390,2372084,178531,1989811,1983053,1408401,386835,-1497,189314,6759,20558137,23293529
2004:Q3,age40to54,21519714,8659625,7332159,1327466,12860088,1184720,365931,470195,307217,162979,209490,196600,12890,2992438,387858,528837,1372943,2660495,2462087,225093,4456984,4448687,3573402,787097,-1454,89642,8298,17062729,35559949
2004:Q3,ageunder40,6933078,4097788,3316098,781690,2835291,491188,71975,59904,40131,19773,33792,32139,1652,519323,146296,46427,336396,228299,778619,123070,3189573,3186336,2320035,852505,-494,14290,3237,3743505,35708662
2004:Q4,age70plus,12043180,3999593,3378355,621238,8043587,1393394,307422,731267,581951,149316,312598,260078,52520,2091480,241561,32015,143746,1600447,1065308,124349,536600,531795,286801,138274,-1687,108407,4805,11506580,17591949
2004:Q4,age55to69,23661878,7240605,6112771,1127834,16421273,1475040,467137,876295,706422,169874,368092,316939,51153,3834305,344739,521649,1314749,4577394,2454670,187205,2121505,2114508,1497810,407649,-2052,211102,6996,21540373,23599084
2004:Q4,age40to54,22262885,8892898,7544460,1348438,13369987,1229546,363091,493694,371478,122216,217392,204070,13322,3173945,394399,551399,1481429,2746256,2490272,228565,4552784,4544364,3652360,803796,-1995,90203,8420,17710101,35600204
2004:Q4,ageunder40,7168907,4232655,3431946,800709,2936252,502146,71688,58545,30078,28467,39967,37929,2038,565853,148471,48935,355474,238621,780246,126305,3292320,3289041,2403607,870400,-706,15739,3279,3876587,35768082
2005:Q1,age70plus,12097659,4108841,3491255,617586,7988818,1408011,295676,704759,551080,153680,294689,241352,53338,2074582,237254,30706,134499,1582604,1097941,128096,508987,504194,270272,128470,-4860,110312,4793,11588672,17626697
2005:Q1,age55to69,24181094,7524600,6370505,1154095,16656494,1531056,453356,832984,656205,176779,373466,321141,52326,3884589,349485,524907,1333197,4632714,2547079,193661,2221429,2214252,1597615,413341,-6237,209533,7177,21959665,23899061
2005:Q1,age40to54,22582830,9086000,7724704,1361296,13496830,1273987,348553,492364,364477,127887,221640,207902,13738,3174063,393620,560296,1466471,2812219,2523615,230002,4583332,4574852,3698487,793479,-5889,88776,8480,17999498,35651426
2005:Q1,ageunder40,7315290,4369735,3547573,822161,2945556,512147,68870,64726,36414,28311,38267,35827,2440,556833,149428,49717,346691,244777,785972,128126,3387873,3384558,2502185,869684,-2157,14845,3315,3927418,35817420
2005:Q2,age70plus,12383299,4267634,3648622,619012,8115665,1406801,288543,738072,576206,161866,288099,234243,53856,2133290,234713,30149,132857,1566715,1166085,130340,516944,512000,276481,125185,-2852,113186,4945,11866355,17652653
2005:Q2,age55to69,25009298,7814060,6637240,1176819,17195238,1569826,447242,887182,699525,187657,380665,327458,53207,4034403,356280,537594,1397888,4694095,2691126,198937,2338774,2331288,1697758,427796,-3867,209601,7486,22670524,24192370
2005:Q2,age40to54,23053462,9245801,7876919,1368883,13807660,1300125,339135,531788,395078,136709,227012,212767,14245,3237595,394641,576651,1505193,2883730,2581384,230407,4675728,4667045,3783037,800238,-3757,87526,8683,18377734,35711698
2005:Q2,ageunder40,7516871,4525161,3671514,853646,2991711,511139,67108,61426,33766,27660,38418,35592,2826,566892,150608,51392,349641,251762,814131,129194,3490690,3487330,2595483,879169,-1438,14115,3360,4026181,35856213
2005:Q3,age70plus,12600322,4365855,3758473,607381,8234468,1414054,291509,654903,539388,115515,275552,221736,53816,2266244,235304,29118,134310,1549212,1245810,138452,526091,521532,283033,123580,-2615,117534,4559,12074231,17671423
2005:Q3,age55to69,25852959,8114329,6911728,1202601,17738631,1620534,458646,781292,639304,141988,386389,332878,53511,4282727,366713,544273,1483062,4751794,2853952,209248,2462840,2455460,1800200,446768,-3774,212267,7379,23390120,24477923
2005:Q3,age40to54,23661634,9512655,8128971,1383684,14148979,1339570,340487,484699,382413,102286,232335,217416,14919,3360323,398650,588582,1566556,2954838,2647673,235266,4774828,4766401,3869602,813999,-3708,86509,8428,18886805,35779102
2005:Q3,ageunder40,7769499,4677111,3812861,864249,3092388,516904,67621,71563,40626,30937,37693,34524,3168,595445,152196,52486,357323,258417,849608,133132,3598617,3595248,2689046,894039,-1478,13640,3369,4170882,35883997
2005:Q4,age70plus,12753287,4444321,3846593,597728,8308965,1413449,307244,686018,543044,142974,264665,211686,52980,2281583,232720,28387,133963,1531730,1281019,148186,529384,525098,290284,122015,-1309,114109,4286,12223902,17684616
2005:Q4,age55to69,26614827,8395518,7164970,1230548,18219309,1662762,493106,819749,646216,173534,391706,338745,52961,4379972,373574,554763,1558492,4809419,2954697,221067,2566675,2559320,1896119,464696,-2026,200531,7355,24048152,24754630
2005:Q4,age40to54,24202699,9749217,8348283,1400935,14453482,1370417,355147,525333,398431,126902,238222,222389,15832,3389899,399922,603609,1616176,3027744,2685645,241369,4863956,4855686,3946553,826745,-2047,84435,8270,19338743,35851720
2005:Q4,ageunder40,7929631,4808877,3931818,877059,3120754,517181,70985,71384,41403,29980,37304,33864,3441,594159,153292,53933,362153,265191,857344,137827,3691324,3687940,2769911,907099,-850,11779,3384,4238308,35900309
2006:Q1,age70plus,13204909,4479818,3883517,596301,8725091,1444775,306511,705523,567082,138441,263800,213086,50714,2683173,206808,27731,132903,1516073,1289581,148213,551487,547239,304287,118622,1001,123329,4248,12653422,17693838
2006:Q1,age55to69,27625988,8481517,7230752,1250765,19144471,1747443,498564,858627,687439,171188,397394,346542,50852,4979940,353100,566164,1630410,4871211,3017011,224609,2696429,2688914,1998960,476287,1677,211990,7515,24929559,25021403
2006:Q1,age40to54,24744197,9716026,8308749,1407278,15028170,1447098,352572,556677,430945,125733,245387,228234,17153,3713516,380114,619496,1661425,3104935,2706640,240310,4970252,4961934,4045310,830744,1779,84100,8318,19773945,35927637
2006:Q1,ageunder40,8099754,4858083,3951616,906467,3241670,542439,70638,69659,39122,30537,38609,35032,3577,689235,151007,55457,365792,272592,848510,137733,3786648,3783234,2858381,911932,768,12153,3414,4313105,35904687
2006:Q2,age70plus,13106047,4505859,3919396,586463,8600188,1438844,314590,693668,524181,169487,269736,222364,47372,2548418,202723,26370,123069,1497595,1336936,148239,560122,555918,310087,113554,2570,129707,4204,12545925,17700697
2006:Q2,age55to69,27924814,8648184,7369643,1278541,19276630,1785085,520181,822844,616269,206575,403093,355571,47522,4885347,357779,567898,1645967,4924206,3136143,228086,2825367,2817699,2109389,485405,4722,218183,7669,25099446,25277151
2006:Q2,age40to54,24970073,9864751,8439672,1425079,15105322,1474122,359012,564231,410347,153883,253376,234628,18748,3629858,380099,628255,1644790,3178693,2753619,239268,5067572,5059211,4137121,833474,5251,83366,8361,19902501,36004934
2006:Q2,ageunder40,8165169,4944931,4025784,919147,3220238,539283,72233,73706,46228,27478,41060,37457,3604,649772,151789,56073,355854,279113,863756,137599,3890483,3887041,2955494,917178,2354,12016,3442,4274685,35896668
2006:Q3,age70plus,13194219,4504134,3928274,575860,8690085,1437994,329489,672590,527805,144786,251130,207924,43206,2638055,205283,25689,121906,1482306,1377703,147941,566790,562673,311683,112071,3250,135670,4116,12627429,17706800
2006:Q3,age55to69,28589080,8787081,7479385,1307696,19801999,1829833,554896,804844,622008,182836,403780,360562,43217,5081419,370268,578525,1717617,4983965,3245663,231189,2946646,2938862,2206216,502438,6673,223534,7784,25642434,25520786
2006:Q3,age40to54,25424649,9993499,8548443,1445056,15431150,1509412,372213,562858,426656,136201,260136,239640,20495,3714074,386145,643908,1689788,3258166,2796470,237981,5155443,5147077,4200112,856681,7727,82558,8366,20269205,36081695
2006:Q3,ageunder40,8270524,5003287,4073621,929666,3267237,540186,75302,77471,47024,30447,39669,36130,3539,665957,153472,57512,359106,286582,874722,137258,3989518,3986052,3030413,940251,3590,11797,3466,4281006,35875788
2006:Q4,age70plus,13422400,4498284,3931340,566945,8924116,1437854,351162,617038,480349,136689,239158,198925,40233,2896508,210497,25240,125172,1469243,1399473,152771,584868,580798,315800,111004,5234,148760,4069,12837533,17713753
2006:Q4,age55to69,29389628,8875242,7546251,1328991,20514386,1875793,603124,722220,546000,176220,406491,366377,40114,5497260,385920,592146,1819075,5047498,3326104,238754,3060069,3052139,2279195,518070,12332,242542,7930,26329559,25751219
2006:Q4,age40to54,25891733,10004579,8548799,1455780,15887154,1546703,391933,530579,398684,131894,266980,245075,21905,3919205,394579,661955,1766617,3341473,2826644,240485,5214394,5205988,4234805,872981,15523,82679,8406,20677339,36156003
2006:Q4,ageunder40,8390698,5031321,4084777,946543,3359378,541675,79810,83842,52583,31259,39251,35669,3582,723491,155458,59218,368961,294647,873658,139366,4047993,4044502,3069543,954661,7448,12850,3491,4342705,35841585
2007:Q1,age70plus,13598809,4476671,3912960,563711,9122137,1465017,361730,639143,491046,148097,240279,202653,37626,3062007,210248,24073,121171,1453907,1390679,153883,594471,590312,330564,104849,3343,151556,4159,13004337,17723165
2007:Q1,age55to69,29959877,8849902,7503753,1346149,21109974,1959424,630749,752234,561206,191028,411443,374109,37335,5790297,394885,595424,1872162,5101926,3358519,242912,3129751,3121564,2356082,514501,9377,241605,8186,26830126,25967361
2007:Q1,age40to54,26147887,9873086,8412365,1460721,16274801,1624627,399976,564537,420198,144339,274463,251262,23200,4052360,397959,672397,1791345,3421060,2835900,240176,5267672,5259109,4296888,869058,11773,81390,8564,20880214,36225940
2007:Q1,ageunder40,8417717,5010273,4036222,974051,3407444,565245,81786,83430,52944,30486,40868,37215,3652,757169,156588,59970,367527,301840,853432,139589,4086915,4083391,3113720,951764,5865,12042,3524,4330802,35793596
2007:Q2,age70plus,13702667,4461172,3903165,558007,9241495,1444424,375077,604062,483958,120104,266672,231916,34756,3158436,214215,24069,124740,1457325,1411313,161162,617703,613634,338004,103503,2603,169524,4069,13084964,17736642
2007:Q2,age55to69,30451987,8855754,7488536,1367217,21596233,1976962,663898,709596,548243,161354,419829,385631,34197,5990921,408809,614770,1976114,5149244,3433586,252504,3256827,3248538,2439546,529540,9245,270207,8289,27195160,26168122
2007:Q2,age40to54,26406582,9821817,8350492,1471325,16584765,1633361,410394,547829,425738,122091,283233,258731,24502,4133391,405069,694985,1870165,3497696,2864259,244382,5336192,5327630,4351832,881721,11970,82107,8562,21070390,36289589
2007:Q2,ageunder40,8460156,5008646,4013574,995071,3451510,549934,84295,86991,54587,32403,46445,42760,3685,772976,158228,62183,377388,319360,850981,142728,4151691,4148148,3165813,962202,6180,13954,3543,4308465,35731358
2007:Q3,age70plus,13852216,4411506,3863540,547966,9440710,1436765,423877,746802,537716,209086,272055,239495,32560,3162496,213900,23266,121899,1459447,1415220,164983,608491,604352,338827,104035,2590,158901,4139,13243725,17755792
2007:Q3,age55to69,31001155,8832908,7444920,1387988,22168247,2011475,767249,893141,631939,261202,425180,393449,31732,6067440,417266,622408,2036222,5188624,3480404,258838,3337255,3328734,2523802,549445,13280,242207,8521,27663900,26352413
2007:Q3,age40to54,26756300,9793729,8310562,1483167,16962570,1660954,455578,691391,489280,202111,290633,264984,25649,4147364,408125,708953,1902520,3570770,2880366,245916,5411189,5402491,4392568,912273,18706,78944,8697,21345111,36345033
2007:Q3,ageunder40,8407199,4964627,3955807,1008820,3442572,544763,94446,71739,50630,21109,48640,44860,3779,765265,159182,63324,377305,336024,837796,144088,4231471,4227900,3217475,989799,9940,10686,3571,4175728,35654408
2007:Q4,age70plus,13848507,4413128,3842916,570212,9435379,1476013,460716,754394,536701,217693,338792,306600,32193,2973280,214643,23590,127984,1480993,1412549,172424,627608,623460,354975,108675,3487,156323,4148,13220899,17781908
2007:Q4,age55to69,31031234,8847754,7447641,1400113,22183480,2087216,856464,921317,645548,275769,468605,438111,30494,5781291,421627,629690,2008117,5299234,3443716,266203,3400893,3392340,2565811,562299,16080,248150,8553,27630341,26519950
2007:Q4,age40to54,26359392,9624599,8133239,1491360,16734793,1717981,491159,695405,484835,210570,278604,254062,24542,3971664,411571,699597,1862716,3546507,2810031,249558,5508281,5499568,4455500,936959,20354,86756,8713,20851111,36390681
2007:Q4,ageunder40,8204401,4833320,3820215,1013105,3371080,560097,98989,72223,54453,17770,59610,56005,3604,702275,158441,63292,368382,340057,803032,144683,4228586,4225071,3200848,1001544,10660,12019,3516,3975814,35562983
2008:Q1,age70plus,13563220,4321204,3731707,589497,9242016,1518628,508499,767279,541264,226015,406876,374753,32123,2686422,210719,22332,122777,1500443,1320116,177925,656711,652068,374118,108056,4619,165275,4643,12906509,17815031
2008:Q1,age55to69,30542586,8711618,7293648,1417970,21830969,2166499,967698,958001,667940,290061,513118,483544,29573,5356209,419884,613922,1901322,5400221,3262469,271624,3456682,3447693,2596310,554686,19688,277008,8989,27085905,26673673
2008:Q1,age40to54,25703058,9420809,7913508,1507301,16282249,1778784,537193,704135,485474,218661,268571,245174,23397,3722486,410590,673321,1742458,3517047,2676042,251621,5579725,5570581,4509955,941908,22739,95979,9145,20123332,36426252
2008:Q1,ageunder40,7833145,4627924,3619314,1008610,3205220,577462,105752,71864,57573,14291,70641,67178,3463,616134,157004,61222,342807,343101,714990,144244,4197713,4194224,3169740,997358,11724,15403,3489,3635432,35460123
2008:Q2,age70plus,13364420,4226864,3626602,600262,9137557,1492291,489070,796138,582212,213925,386369,349793,36575,2575135,212735,22154,132477,1524884,1324328,181976,679539,674738,415582,113578,4010,141567,4801,12684882,17854887
2008:Q2,age55to69,30369240,8582102,7148340,1433761,21787138,2145785,942872,1039223,756867,282356,544723,511197,33526,5158449,425262,613452,1897999,5512225,3231581,275567,3406071,3396935,2582927,557608,15882,240518,9136,26963169,26817324
2008:Q2,age40to54,25285809,9296701,7773536,1523166,15989108,1735310,516431,730049,520526,209524,252660,231089,21571,3595509,414828,657935,1730401,3493714,2609795,252476,5638181,5628901,4556393,955483,15642,101384,9280,19647628,36451790
2008:Q2,ageunder40,7524816,4442619,3451066,991553,3082197,538042,98154,71931,56221,15710,67552,63757,3795,573202,156336,60534,339791,347396,686218,143042,4102574,4099135,3084381,993784,8014,12956,3439,3422243,35349570
2008:Q3,age70plus,12972539,4178355,3561004,617351,8794184,1526730,486807,862579,622539,240040,375031,333226,41805,2159257,211176,21476,123699,1546467,1291636,189324,706462,701706,413784,114105,7522,166295,4756,12266077,17901203
2008:Q3,age55to69,29755192,8475032,7031752,1443281,21280160,2211003,951749,1167040,851080,315960,577102,538807,38296,4539713,426002,605730,1765372,5613751,3140289,282409,3501011,3491903,2604808,557565,28697,300833,9107,26254181,26954649
2008:Q3,age40to54,24534307,9100683,7570363,1530321,15433623,1781130,512358,786725,554476,232249,237394,217986,19408,3240305,415644,637142,1586558,3464019,2516749,255599,5673127,5663892,4552198,971040,28452,112201,9235,18861180,36467338
2008:Q3,ageunder40,7147318,4265074,3278293,986781,2882244,547543,94302,61319,53793,7526,65791,61596,4195,458683,155163,59228,309736,350541,636613,143325,4078793,4075416,3041052,1001102,14192,19070,3378,3068525,35235064
2008:Q4,age70plus,12221208,4131417,3504871,626547,8089791,1584223,540929,943670,695642,248028,190606,146362,44244,1525533,207415,18499,102767,1562640,1216916,196593,643772,638403,419584,114800,8376,95643,5368,11577436,17953705
2008:Q4,age55to69,28773662,8381570,6942381,1439189,20392091,2308893,1075078,1356609,1026550,330059,562301,522291,40010,3590897,423858,565092,1542830,5698190,2979249,289094,3373478,3363846,2607562,555473,30568,170243,9632,25400184,27089390
2008:Q4,age40to54,23490057,8868502,7344444,1524058,14621554,1859847,563458,859434,619802,239632,208230,190477,17753,2694036,414308,593450,1354695,3424006,2391589,258502,5667271,5657522,4538813,976497,27538,114674,9749,17822786,36472940
2008:Q4,ageunder40,6667467,4080382,3103929,976453,2587085,574988,102149,45791,42106,3684,37402,33102,4300,296362,153697,55115,262043,351815,564219,143505,3996472,3993120,2974107,997019,13554,8441,3352,2670994,35120346
2009:Q1,age70plus,11905282,4077260,3443956,633304,7828022,1571302,532589,1024587,717789,306798,140607,92750,47857,1308042,209007,18899,103763,1573445,1147407,198375,623861,618648,421454,108420,7409,81365,5213,11281421,18012121
2009:Q1,age55to69,28295449,8276224,6839037,1437187,20019225,2304573,1070614,1492690,1095873,396817,573936,530958,42978,3214726,428349,573194,1479393,5766342,2824707,290701,3358205,3348698,2636303,533583,25927,152884,9507,24937244,27225293
2009:Q1,age40to54,22804628,8662558,7142080,1520479,14142069,1832460,552764,922028,634952,287076,189242,173465,15776,2460270,417639,583125,1284685,3373889,2268685,257283,5659791,5650189,4548359,958654,20156,123019,9602,17144837,36468642
2009:Q1,ageunder40,6296630,3903327,2942240,961087,2393303,545623,97086,41085,41085,0,29740,25223,4518,234226,152954,55228,247734,351306,497200,141121,3938914,3935629,2940471,977484,9847,7827,3285,2357715,35009157
2009:Q2,age70plus,12153502,4011759,3371937,639822,8141743,1571026,503184,919690,614837,304852,142731,91295,51435,1786561,214504,22305,134177,1595054,1050762,201751,646146,641511,444630,108637,9297,78946,4636,11507356,18076175
2009:Q2,age55to69,28719551,8173098,6730653,1442445,20546453,2318200,1022281,1277877,877085,400792,599392,553499,45893,3854185,437746,623727,1630950,5865141,2623195,293759,3359233,3350207,2633497,525517,31642,159551,9026,25360318,27366101
2009:Q2,age40to54,22854045,8544597,7020174,1524423,14309448,1822778,521261,816624,530696,285928,176039,162283,13756,2803053,424281,599756,1427163,3339171,2122234,257087,5679034,5669939,4562415,952772,23304,131448,9095,17175011,36454488
2009:Q2,ageunder40,6205316,3763847,2822022,941825,2441468,526464,87939,67216,67216,0,30131,25405,4726,330227,152736,58895,276714,353975,417700,139473,3856714,3853516,2871032,961947,11188,9349,3198,2348602,34905236
2009:Q3,age70plus,12667326,3958434,3316604,641830,8708891,1568822,464223,950930,676049,274882,148397,93506,54891,2290177,220746,26056,167438,1617873,1047521,206710,652930,648409,450119,109155,11635,77500,4521,12014395,18145596
2009:Q3,age55to69,29693326,8110275,6664517,1445759,21583051,2329046,953538,1401916,1026390,375526,625447,576779,48668,4506703,448157,678072,1796013,5968140,2577717,298302,3379945,3371008,2641889,522145,38682,168292,8937,26313381,27515558
2009:Q3,age40to54,23143855,8466623,6940111,1526512,14677233,1809214,480351,844160,581506,262654,163865,152136,11729,3137150,431364,616354,1581417,3304720,2050746,257892,5687768,5678790,4549118,962566,27299,139807,8978,17456087,36430521
2009:Q3,ageunder40,6150774,3633341,2716175,917166,2517433,505938,77208,61084,61084,0,31046,26129,4917,430795,152637,62777,308212,356933,392251,138553,3804198,3801062,2812302,964845,12877,11038,3136,2346576,34812326
2009:Q4,age70plus,12821928,3988046,3325948,662098,8833881,1618161,443347,892355,662881,229473,143500,85073,58427,2413334,225306,28909,186360,1636336,1031987,214286,678076,674388,471576,110459,13337,79015,3688,12143852,18220110
2009:Q4,age55to69,29978507,8113347,6660304,1453043,21865161,2415627,921576,1341405,1009812,331593,646756,595223,51533,4625675,456612,719442,1859784,6060276,2512681,305327,3389614,3381377,2638608,516373,43395,183001,8237,26588893,27677408
2009:Q4,age40to54,22971546,8344328,6816811,1527517,14627218,1869838,457059,788837,562571,226267,150964,141316,9648,3175975,436735,622463,1633036,3261938,1969965,260408,5705566,5697312,4553281,967241,28813,147978,8254,17265980,36396785
2009:Q4,ageunder40,6068544,3531679,2614204,917474,2536865,525121,70337,70757,67958,2800,30303,25191,5111,444526,152372,65497,319012,358562,361558,138821,3733866,3730828,2743288,960945,13387,13209,3038,2334678,34734166
2010:Q1,age70plus,13184144,3998494,3329151,669342,9185650,1613489,394110,961478,694698,266780,139729,78445,61284,2630957,226588,31333,206447,1681894,1087663,211963,705689,701068,492651,107537,21662,79218,4621,12478455,18299443
2010:Q1,age55to69,30685248,8155506,6700569,1454937,22529742,2424193,830058,1478593,1099738,378855,667214,613540,53673,4875901,461170,754823,1931264,6232716,2570441,303369,3380903,3371856,2612173,494526,69878,195280,9047,27304345,27855395
2010:Q1,age40to54,23017271,8283363,6758695,1524668,14733908,1850293,406200,841248,584754,256494,138946,131186,7760,3280876,439027,622926,1690013,3259398,1949190,255791,5692296,5683281,4524428,950995,51731,156127,9015,17324975,36353326
2010:Q1,ageunder40,5987587,3427966,2526111,901855,2559621,502696,58422,66462,66462,0,29758,24520,5238,479150,151772,67660,331145,368258,369584,134714,3627823,3624788,2646209,939999,23432,15147,3035,2359764,34674498
2010:Q2,age70plus,13076229,4018461,3343594,674867,9057768,1609599,368747,991513,750286,241227,139404,76138,63266,2371136,221502,31806,201691,1708996,1200736,212638,736291,731319,521589,109548,23780,76403,4972,12339938,18383323
2010:Q2,age55to69,30673727,8184460,6731413,1453047,22489267,2434981,787619,1615326,1258515,356811,688223,633331,54892,4472279,457997,764304,1838365,6398388,2727465,304320,3373190,3363825,2598204,488286,75426,201910,9365,27300537,28053264
2010:Q2,age40to54,22561702,8218637,6701687,1516950,14343065,1831055,378640,864253,628105,236147,128179,122027,6152,3039033,435617,606212,1584421,3247757,1974695,253204,5701497,5692221,4524927,950274,52667,164353,9276,16860205,36300187
2010:Q2,ageunder40,5811721,3343999,2457952,886047,2467722,481243,51393,58384,58384,0,29787,24505,5281,408212,150495,67694,310479,370469,407541,132024,3541659,3538657,2568137,930345,23568,16607,3002,2270062,34637062
2010:Q3,age70plus,13644646,4054026,3373643,680383,9590620,1628670,366203,946303,770280,176023,142341,76908,65432,2780427,229280,35987,232133,1746521,1268290,214465,750266,746340,538689,112670,23448,71533,3927,12894380,18471475
2010:Q3,age55to69,31772732,8188336,6731010,1457326,23584395,2481167,793035,1614848,1330407,284441,710866,654523,56343,4993192,471367,823429,1980513,6599350,2810097,306532,3366741,3358240,2591821,488417,73106,204897,8501,28405991,28274757
2010:Q3,age40to54,22782643,8119273,6604999,1514274,14663370,1843858,373183,819813,638043,181769,118158,113662,4496,3278604,443221,616857,1705003,3250131,1963218,251326,5696392,5688009,4505110,964786,45421,172692,8384,17086251,36237413
2010:Q3,ageunder40,5847204,3249320,2380938,868381,2597884,477243,48712,70744,58252,12492,30304,24960,5344,484660,150888,71636,336197,375868,421708,129926,3474813,3471909,2496134,937854,20146,17774,2904,2372391,34625599
2010:Q4,age70plus,14151435,4028828,3339745,689083,10122608,1645797,404210,1019162,730304,288858,177577,115902,61675,3071903,232961,38586,250255,1790143,1275603,216411,768861,764199,535614,126130,22833,79621,4662,13382574,18563655
2010:Q4,age55to69,32522175,8172590,6707680,1464910,24349585,2462833,876427,1585684,1174078,411606,688517,633754,54763,5413698,483455,862950,2086825,6754655,2824429,310112,3403996,3394665,2571321,529848,75176,218320,9331,29118179,28522414
2010:Q4,age40to54,23034146,7949720,6448470,1501250,15084426,1802954,388641,829161,572785,256375,127456,119660,7796,3485054,441163,633929,1813906,3281397,2030378,250388,5645550,5636623,4414617,1008993,45994,167019,8927,17388596,36165285
2010:Q4,ageunder40,5950100,3205507,2325248,880259,2744593,483191,54163,71099,71099,0,29638,23779,5859,562334,150511,75093,363968,385599,438290,130708,3460627,3457679,2436346,981839,20773,18721,2948,2489473,34642478
2011:Q1,age70plus,14491986,4005479,3306824,698655,10486507,1711593,396909,1017576,751465,266111,200316,140498,59818,3326902,238725,38761,264116,1809279,1264264,218067,791510,786768,547893,125008,20977,92890,4742,13700476,18659735
2011:Q1,age55to69,32998226,8103135,6620507,1482628,24895091,2515848,864322,1564512,1182199,382313,662935,607896,55039,5786507,498634,871150,2164824,6843862,2808852,313645,3422742,3413131,2575782,522073,73023,242253,9611,29575484,28793941
2011:Q1,age40to54,23123691,7781203,6284281,1496922,15342489,1828367,361841,785948,562280,223668,134025,123746,10280,3658716,440684,632384,1893808,3274021,2083534,249161,5594735,5585809,4384746,997087,42590,161386,8926,17528957,36085030
2011:Q1,ageunder40,6053810,3168408,2278351,890058,2885401,525505,51656,69422,69422,0,27267,20801,6466,632989,150466,76074,386531,388304,445749,131437,3438928,3435965,2411705,984141,19647,20472,2963,2614881,34684584
2011:Q2,age70plus,14702417,4054133,3339481,714652,10648284,1767729,395029,1088513,764107,324407,246034,188168,57865,3297660,243817,39265,266170,1826259,1258184,219624,796790,791931,550332,128385,18361,94853,4859,13905628,18759617
2011:Q2,age55to69,33184394,8109312,6612235,1497076,25075083,2553735,864088,1612453,1169951,442502,651909,596869,55039,5777706,513378,884247,2166587,6930596,2803113,317271,3440860,3430928,2584929,534108,67664,244226,9932,29743534,29085844
2011:Q2,age40to54,23018391,7639767,6153239,1486529,15378624,1837252,341180,794283,544906,249377,143321,130724,12597,3639337,439447,633104,1899525,3262098,2141287,247790,5534635,5525684,4336655,996109,36728,156191,8952,17483756,35998114
2011:Q2,ageunder40,6136361,3184926,2274109,910817,2951435,560753,50208,69448,69448,0,28424,21434,6991,641379,150406,77430,394317,390497,456390,132181,3424068,3421088,2388752,994474,17367,20494,2980,2712293,34747433
2011:Q3,age70plus,14243211,4025152,3309951,715201,10218059,1828261,392430,1217994,849696,368299,265258,208343,56915,2666965,245857,37039,239034,1832884,1265797,226539,803442,799109,555680,132743,18323,92363,4333,13439769,18863201
2011:Q3,age55to69,32471229,8115299,6594620,1520680,24355929,2596872,862547,1817853,1331896,485957,629172,573166,56006,4946846,524579,861181,1979819,6989966,2821011,326084,3459625,3449920,2593822,546590,72100,237409,9705,29011603,29394624
2011:Q3,age40to54,22450689,7598983,6111241,1487742,14851706,1849449,320925,842531,579664,262867,148558,134033,14525,3219877,435515,613528,1727301,3233846,2210225,249951,5497390,5488926,4292607,1006192,39039,151088,8464,16953299,35906003
2011:Q3,ageunder40,6018583,3182630,2275624,907006,2835953,599466,48727,53845,53845,0,25973,18412,7561,517079,150043,76007,365127,389763,474647,135276,3424575,3421605,2366284,1016650,18830,19841,2970,2594008,34826537
2011:Q4,age70plus,14635464,4047429,3325698,721731,10588035,1890964,402190,1243719,867414,376305,258671,203291,55380,2870639,255165,38598,255365,1854303,1282651,235771,801135,796894,554562,137677,18411,86244,4241,13834329,18970388
2011:Q4,age55to69,33115079,8118530,6586840,1531690,24996549,2641648,887937,1818755,1327060,491695,593523,537329,56193,5260258,545404,889112,2073203,7094777,2854697,337236,3485692,3475834,2609689,565108,77763,223275,9857,29629387,29716783
2011:Q4,age40to54,22584358,7438801,5964492,1474309,15145557,1861861,312124,815644,563299,252345,149958,133521,16437,3359920,437438,621785,1820045,3226405,2286850,253527,5453324,5445000,4241454,1015097,42314,146134,8324,17131034,35810160
2011:Q4,ageunder40,6158673,3165863,2248938,916924,2992810,639936,49365,53461,53461,0,20393,12378,8015,577778,150527,78495,391872,393342,498266,139374,3429999,3427018,2349234,1038343,20800,18642,2981,2728674,34917410
2012:Q1,age70plus,15221524,4094812,3357873,736939,11126712,1936863,390871,1252206,838659,413547,279672,227639,52032,3313292,255547,42150,279796,1878974,1263244,234097,823430,818576,567587,138037,16704,96248,4854,14398094,19081079
2012:Q1,age55to69,33953695,8114161,6570334,1543827,25839535,2659736,867656,1744549,1216435,528115,573513,519333,54180,5901578,554997,944371,2216892,7210693,2827366,338183,3494895,3484265,2606569,560597,75633,241465,10631,30458800,30048825
2012:Q1,age40to54,22807603,7247517,5787854,1459662,15560087,1848632,286475,777860,517857,260003,155524,137060,18465,3647612,431929,644145,1958623,3222732,2336764,249790,5390568,5381836,4198098,1003832,39109,140797,8732,17417035,35712051
2012:Q1,ageunder40,6349175,3159333,2220845,938488,3189842,667240,46585,63055,63055,0,18759,10560,8199,692328,150013,83019,429030,397828,503189,138798,3400922,3397899,2315707,1042575,19719,19898,3023,2948253,35015568
2012:Q2,age70plus,15249519,4132537,3394750,737787,11116983,1965954,382440,1326046,930885,395161,306739,258074,48665,3163874,248261,40276,275469,1891712,1282633,233579,829553,824072,569352,143010,15599,96110,5482,14419966,19195175
2012:Q2,age55to69,34037966,8202119,6641743,1560376,25835847,2650635,853402,1888931,1382197,506734,558037,506060,51978,5731919,554756,926410,2174807,7291917,2864799,340234,3519936,3508512,2615736,577294,76212,239270,11424,30518030,30387252
2012:Q2,age40to54,22672429,7263643,5811367,1452276,15408786,1810403,264547,781886,547637,234249,161719,141492,20226,3552671,420237,627184,1925177,3201175,2416970,246816,5336747,5327608,4144724,1008992,38158,135734,9140,17335681,35613141
2012:Q2,ageunder40,6404647,3212666,2274141,938524,3191981,681012,44381,45895,45895,0,17970,9658,8312,675648,148642,82003,429887,398801,529028,138715,3395564,3392500,2292017,1061173,19700,19609,3064,3009083,35116523
2012:Q3,age70plus,15753739,4195613,3455343,740270,11558126,2000642,396610,1395011,932517,462494,324395,278616,45778,3390497,251587,41878,290281,1911945,1320926,234354,827571,822005,560644,147057,14519,99786,5566,14926167,19312577
2012:Q3,age55to69,34855543,8341036,6765222,1575814,26514507,2646948,888712,1913122,1338693,574429,538689,488520,50169,6077685,568343,955655,2253565,7395123,2933168,343495,3569431,3557683,2639254,596684,76945,244800,11747,31286113,30728567
2012:Q3,age40to54,22945762,7264232,5820789,1443443,15681530,1777844,261159,780281,521861,258420,166050,144359,21690,3694001,417090,635100,2003659,3189855,2511809,244682,5281869,5272744,4085501,1019225,37334,130684,9125,17663893,35514895
2012:Q3,ageunder40,6607119,3259509,2318428,941081,3347610,698660,45786,49657,49657,0,16118,7696,8423,742990,148423,84517,455095,401809,565392,139163,3410435,3407353,2280233,1087487,19739,19895,3082,3196684,35215789
2012:Q4,age70plus,15997933,4265468,3517505,747963,11732465,2084565,423940,1370610,966606,404004,351297,308284,43013,3412989,253658,42490,294504,1929241,1329775,239397,849903,845691,582320,156812,13547,93013,4211,15148030,19433187
2012:Q4,age55to69,35284239,8466043,6872113,1593930,26818196,2713045,953273,1879768,1368202,511566,525136,476786,48350,6142387,580320,971362,2262655,7488512,2950923,350814,3563710,3552914,2628572,617151,78407,228784,10796,31720529,31069272
2012:Q4,age40to54,22988824,7233565,5797370,1436195,15755260,1808922,267760,726477,514395,212082,171552,148631,22921,3706886,412915,635866,2019764,3174015,2585824,245279,5255550,5247526,4053669,1031037,37050,125770,8024,17733274,35418779
2012:Q4,ageunder40,6759022,3296241,2346889,949353,3462780,754876,49226,45578,45578,0,15404,6914,8490,765051,148017,85999,467062,403803,586385,141381,3392011,3388974,2242433,1107905,20044,18592,3038,3367010,35308882
2013:Q1,age70plus,16729155,4402597,3643492,759105,12326559,2130548,408240,1320192,956884,363307,357079,315363,41716,3922709,256882,44850,315473,1996333,1332763,241490,811030,806518,542324,150602,12528,101064,4513,15918125,19556904
2013:Q1,age55to69,36503725,8694995,7088416,1606579,27808730,2719423,922290,1767650,1302339,465312,502271,454129,48141,6873858,593767,1010956,2376174,7729787,2957331,355222,3643148,3631838,2686655,622233,79753,243197,11310,32860577,31405871
2013:Q1,age40to54,23425300,7232727,5809168,1423559,16192573,1787056,242645,663046,484727,178318,173205,149236,23969,4009627,409637,648738,2130636,3227151,2656863,243968,5152689,5144509,3968161,1018885,36676,120786,8180,18272610,35326256
2013:Q1,ageunder40,7057981,3365345,2401499,963846,3692636,780389,45947,55048,51432,3616,12480,3763,8717,895496,147667,89205,499909,419755,604458,142282,3420698,3417634,2255758,1122053,20301,19522,3063,3637283,35391314
2013:Q2,age70plus,16967926,4511916,3751811,760105,12456010,2179022,401972,1165540,907235,258304,400203,359831,40372,3976407,257863,45332,320173,2059014,1405525,244959,823394,818240,543952,156210,11769,106309,5154,16144531,19683630
2013:Q2,age55to69,36933027,8907933,7288796,1619138,28025093,2725566,911665,1507500,1164070,343430,498954,451183,47771,6977882,604142,1024494,2383369,7951882,3078798,360841,3693739,3681610,2703545,642833,83411,251821,12129,33239288,31734865
2013:Q2,age40to54,23576009,7317549,5903797,1413753,16258460,1766488,225628,554519,438499,116021,180793,155886,24907,4037012,404632,648468,2148248,3271219,2777925,243527,5111744,5103159,3926949,1022314,37927,115970,8584,18464265,35238793
2013:Q2,ageunder40,7326074,3459099,2495274,963825,3866975,807109,44197,88030,62875,25155,13602,4703,8899,924258,146991,90469,512433,435986,660219,143681,3423513,3420412,2240152,1138835,21408,20016,3101,3902561,35458600
2013:Q3,age70plus,17525513,4600895,3841556,759339,12924618,2237474,410552,1142662,909172,233491,409861,370743,39118,4224654,262958,47882,339128,2127105,1472393,249948,830231,825520,546745,162113,10226,106436,4711,16695282,19813267
2013:Q3,age55to69,38007355,9157019,7518960,1638059,28850336,2742330,933770,1442813,1131489,311324,479391,431987,47404,7344924,619768,1066245,2478214,8187312,3187786,367784,3738435,3726461,2732277,663824,80720,249639,11975,34268920,32052757
2013:Q3,age40to54,24024743,7404337,5993379,1410958,16620406,1757032,219602,515444,418663,96781,182818,157072,25746,4175606,402816,662316,2244738,3321640,2894361,244031,5093744,5085558,3902446,1037146,34790,111176,8186,18930999,35157853
2013:Q3,ageunder40,7637935,3557278,2599172,958106,4080656,840973,44676,93608,64319,29289,11276,2219,9056,995654,146651,93732,542292,453305,712880,145610,3447946,3444855,2237737,1167214,20180,19724,3091,4189988,35506254
2013:Q4,age70plus,18257002,4731473,3964299,767174,13525529,2256368,422891,1089700,857538,232161,420048,379055,40994,4595241,272331,49128,371619,2240307,1547069,260829,895094,889935,559056,169763,11067,150049,5159,17361908,19945692
2013:Q4,age55to69,39203529,9285556,7637477,1648079,29917973,2800674,932666,1361270,1049994,311277,495421,449223,46198,7837452,628140,1116550,2648930,8414235,3307600,375034,3835432,3823031,2735617,675791,87466,324157,12401,35368097,32356560
2013:Q4,age40to54,24333176,7498746,6089247,1409498,16834431,1765959,220526,491144,393771,97373,183412,159136,24276,4311351,402870,676795,2336429,3348460,2849654,247830,5104002,5095603,3888249,1058847,39006,109501,8398,19229175,35084281
2013:Q4,ageunder40,7672666,3549346,2596763,952582,4123320,832234,45658,111942,80162,31780,14262,6180,8081,999777,146647,95968,561531,462892,704258,148152,3449342,3446229,2212122,1186066,23757,24284,3114,4223324,35531400
2014:Q1,age70plus,18940919,4871621,4094960,776661,14069298,2305678,431366,1086819,859539,227281,438223,395632,42590,4939519,280533,48439,386923,2308837,1578316,264645,931511,925947,579071,172147,11182,163548,5563,18009408,20080701
2014:Q1,age55to69,40118691,9404700,7754985,1649715,30713991,2903075,921702,1368772,1061976,306796,515164,470366,44798,8293066,634513,1140024,2709856,8499334,3353357,375128,3822040,3809259,2722498,664407,87233,335121,12782,36296651,32645325
2014:Q1,age40to54,24421598,7528971,6127644,1401327,16892626,1813518,218757,488812,392449,96362,185180,162326,22854,4432036,401999,678308,2334351,3313773,2778642,247251,5095672,5087097,3875004,1066911,38472,106710,8575,19325925,35016426
2014:Q1,ageunder40,7670737,3554831,2603467,951364,4115905,847055,46019,123521,89020,34500,18427,11299,7128,998209,146423,96239,559766,459348,673255,147642,3418528,3415396,2172892,1193351,24873,24279,3132,4252209,35537607
2014:Q2,age70plus,19684883,5012206,4224970,787235,14672677,2324499,425264,1107371,844751,262620,425563,381453,44110,5306473,291018,48289,408839,2380444,1684466,270450,973995,967873,602191,182166,11568,171948,6122,18710888,20218065
2014:Q2,age55to69,41190575,9547141,7886289,1660853,31643433,2957936,878421,1393792,1043923,349869,521123,477675,43448,8778014,643471,1170908,2812115,8587052,3523733,376868,3830155,3816862,2714788,677849,89360,334866,13293,37360420,32918610
2014:Q2,age40to54,24670380,7652205,6249988,1402217,17018175,1821142,207586,497695,383761,113934,182448,160955,21493,4564749,402763,683507,2368481,3282361,2759584,247859,5119221,5110364,3875186,1091786,39781,103612,8857,19551159,34952019
2014:Q2,ageunder40,7722212,3592312,2645074,947238,4129900,837057,44256,132357,98261,34096,19522,13295,6227,1001531,146360,97008,565857,456215,681876,147862,3407756,3404602,2141721,1212201,27199,23481,3154,4314456,35530052
2014:Q3,age70plus,20042772,5180702,4375528,805174,14862070,2352132,442597,1108772,848083,260689,436079,390674,45405,5248489,298730,46068,415459,2448585,1790859,274299,982658,976743,623088,190934,11607,151113,5915,19060114,20357555
2014:Q3,age55to69,41594702,9705872,8032620,1673253,31888829,3024257,884291,1404614,1055963,348651,537862,495878,41984,8673506,648296,1172978,2815937,8657425,3693244,376419,3775445,3762335,2715708,688576,87979,270072,13110,37819256,33175977
2014:Q3,age40to54,24553764,7728370,6324918,1403452,16825394,1839308,211350,497338,382962,114376,183131,162951,20180,4461277,401399,675309,2321601,3245332,2742093,247256,5150265,5141670,3880743,1123599,38530,98798,8595,19403499,34888787
2014:Q3,ageunder40,7660834,3614287,2662637,951649,4046547,833611,45815,142797,105925,36872,23452,18091,5361,915803,145966,95775,553850,451741,690515,147222,3409093,3405947,2119815,1239836,28145,18151,3146,4251741,35513915
2014:Q4,age70plus,20657043,5333237,4513109,820128,15323805,2378235,459166,1086540,843176,243364,408994,362275,46719,5515679,310239,45661,433082,2521925,1885119,279163,1015905,1010123,643761,200369,12001,153992,5782,19641138,20498945
2014:Q4,age55to69,42418562,9810087,8132127,1677960,32608476,3086399,886819,1381921,1052873,329048,538411,497739,40672,9014070,657706,1200172,2888819,8736727,3840757,376674,3776015,3763029,2715013,702126,89693,256196,12987,38642547,33416986
2014:Q4,age40to54,24616846,7749788,6350341,1399447,16867058,1854731,214356,486127,378520,107607,178793,159862,18931,4538443,402702,679078,2333668,3213924,2718020,247217,5176753,5168366,3885154,1147954,39803,95456,8387,19440093,34824461
2014:Q4,ageunder40,7643006,3604366,2650141,954225,4038640,828694,47219,154176,113373,40803,23300,18742,4558,899663,145928,96300,554993,448384,693027,146956,3407103,3403961,2097580,1259091,30846,16445,3142,4235903,35494372
2015:Q1,age70plus,21250801,5488326,4653516,834809,15762475,2453886,461142,1084600,880557,204043,398329,351107,47222,5702234,321498,44567,450463,2594210,1968033,283512,1041315,1035062,659045,201185,12483,162349,6253,20209486,20642006
2015:Q1,age55to69,43189758,9928262,8243784,1684478,33261496,3221407,858103,1404114,1121779,282335,546477,507800,38677,9239014,666319,1217808,2958923,8805832,3967351,376148,3754146,3740749,2705299,689372,91993,254084,13397,39435612,33641197
2015:Q1,age40to54,24727647,7818165,6420461,1397704,16909482,1930091,208207,482734,392218,90517,176933,159250,17683,4570505,403672,678527,2344375,3179685,2687935,246818,5165958,5157360,3870866,1152288,41862,92344,8597,19561689,34756768
2015:Q1,ageunder40,7654640,3610250,2654902,955348,4044390,861041,46553,164682,119931,44751,25286,21543,3743,867708,145861,96202,555986,444474,690129,146469,3383079,3379919,2065727,1264257,34349,15586,3159,4271562,35476604
2015:Q2,age70plus,21681954,5675443,4814625,860818,16006512,2474758,466602,1040023,881486,158536,373965,326312,47653,5779640,328743,43399,459585,2665366,2085726,288704,1078280,1071644,676214,210215,13014,172201,6637,20603674,20786510
2015:Q2,age55to69,43665563,10078031,8374771,1703260,33587532,3271659,835767,1352610,1126529,226080,549192,512411,36780,9308435,669157,1234399,2975306,8864413,4150434,376159,3786981,3773261,2718225,705470,94513,255052,13720,39878581,33848169
2015:Q2,age40to54,24717552,7938661,6534198,1404463,16778891,1936560,204161,460575,390054,70521,173484,156994,16490,4542623,401633,677620,2312715,3142368,2680311,246840,5202055,5193314,3882799,1176598,44608,89309,8741,19515497,34683438
2015:Q2,ageunder40,7651035,3659505,2692960,966545,3991530,851555,46375,172593,126976,45617,25878,22888,2990,815039,145427,96085,547764,440057,704434,146324,3401646,3398472,2059373,1285458,38681,14961,3174,4249389,35465788
2015:Q3,age70plus,21617944,5802421,4931841,870580,15815523,2490862,496319,1145841,990473,155369,349241,301673,47568,5317086,332988,39756,446373,2731816,2168139,297101,1109414,1102807,695101,219075,13402,175228,6607,20508530,20932229
2015:Q3,age55to69,43409637,10224209,8502558,1721651,33185428,3312626,859798,1549593,1327105,222488,552399,517822,34577,8624708,667588,1216871,2849461,8901510,4271887,378987,3799155,3785487,2730580,719656,95312,239939,13668,39610482,34037464
2015:Q3,age40to54,24378466,8107002,6692691,1414311,16271464,1936329,214227,503479,433392,70086,170270,154954,15316,4221504,397364,661447,2169507,3097274,2651454,248609,5246656,5238055,3897500,1208331,46249,85976,8601,19131810,34602200
2015:Q3,ageunder40,7474816,3684555,2727402,957153,3790260,838733,49496,179595,132131,47463,26688,24418,2270,658858,144764,93751,514837,434228,701851,147461,3430247,3427071,2055156,1316004,42681,13231,3176,4044569,35467102
2015:Q4,age70plus,22179901,5933366,5050665,882701,16246535,2550570,516483,1069540,1007219,62321,325915,278235,47679,5603373,342782,40196,469043,2810120,2211792,306722,1136432,1129779,719927,216208,14132,179512,6653,21043469,21078935
2015:Q4,age55to69,44158839,10336687,8601318,1735369,33822152,3417157,863001,1455659,1358888,96770,557368,524644,32724,8975171,672888,1255791,2949221,8967257,4325947,382693,3776346,3762670,2740917,695117,99561,227076,13676,40382493,34208642
2015:Q4,age40to54,24549072,8211906,6791838,1420067,16337166,1986969,218251,465232,437303,27930,167490,153276,14214,4307988,396840,670787,2207479,3065218,2599983,250929,5253913,5245403,3921299,1188639,52765,82701,8510,19295159,34510783
2015:Q4,ageunder40,7473183,3688977,2736490,952487,3784206,858137,51289,170186,139614,30573,27927,26299,1628,651508,144707,95284,522994,431479,681591,149104,3419437,3416255,2053663,1300267,50648,11677,3182,4053746,35485725
2016:Q1,age70plus,22730010,6094721,5189352,905369,16635289,2617297,521837,1104943,1049406,55537,331594,283193,48402,5755090,353128,39267,485416,2887371,2224991,314355,1161049,1153875,735439,217770,14436,186231,7173,21568962,21226400
2016:Q1,age55to69,44723333,10425492,8678084,1747409,34297841,3529874,836530,1526151,1438999,87153,576267,544741,31526,9133994,678441,1275879,3007563,9022286,4326667,384189,3759442,3745346,2740218,686817,98892,219420,14096,40963891,34361261
2016:Q1,age40to54,24591170,8275094,6852433,1422661,16316076,2043680,213426,476777,451447,25330,168375,155159,13216,4319871,396490,671642,2213035,3029497,2531319,251965,5254761,5246032,3916360,1195547,54611,79514,8729,19336408,34406916
2016:Q1,ageunder40,7456599,3703333,2741528,961805,3753266,882508,51068,175662,146361,29301,33137,32069,1068,619159,144798,95652,524451,428373,648425,150032,3421821,3418614,2040065,1312102,55941,10506,3207,4034778,35526836
2016:Q2,age70plus,23463282,6347941,5413630,934311,17115341,2624577,515161,1130841,1094451,36390,319207,269870,49337,5993955,367289,39293,503379,2971737,2326109,323794,1197435,1189877,751828,225858,14596,197595,7558,22265846,21374396
2016:Q2,age55to69,45521581,10607979,8852185,1755794,34913602,3550751,787432,1583665,1525036,58629,588306,557717,30589,9407839,688497,1309098,3074003,9064765,4472134,387113,3788186,3773799,2754664,700589,95959,222587,14386,41733395,34494884
2016:Q2,age40to54,24699954,8366931,6945609,1421322,16333023,2028556,201857,483124,466261,16864,167199,154915,12284,4376303,398492,678219,2225192,3004703,2515537,253841,5281485,5272634,3926726,1215325,54067,76516,8851,19418469,34288327
2016:Q2,ageunder40,7500807,3764895,2784598,980297,3735912,863960,49285,175129,153155,21974,36434,35878,556,604003,145361,97001,528101,428249,656648,151741,3453125,3449895,2044640,1335021,60118,10117,3230,4047682,35595612
2016:Q3,age70plus,24058227,6469447,5530757,938690,17588780,2685863,518037,1084456,1073845,10611,288375,238586,49788,6254235,379012,39570,527963,3059540,2419885,331845,1239431,1232183,773378,234672,14774,209360,7248,22818796,21522696
2016:Q3,age55to69,46264622,10742640,8968443,1774197,35521982,3650266,755790,1496837,1479025,17812,593916,564561,29355,9704838,694857,1345699,3179337,9109755,4602281,388408,3816440,3802379,2769375,713927,92602,226475,14061,42448182,34609070
2016:Q3,age40to54,24992336,8574900,7142487,1432413,16417437,2074472,195684,458982,453979,5003,164283,152915,11368,4440999,398547,686099,2267155,2981378,2495081,254758,5325333,5316815,3945849,1243712,53688,73565,8518,19667003,34152746
2016:Q3,ageunder40,7589421,3826840,2860949,965891,3762582,884750,48830,169964,162312,7652,37769,37707,63,593276,145840,98701,539395,429062,661969,153026,3502185,3498952,2054747,1369278,65128,9800,3233,4087236,35697233
2016:Q4,age70plus,24199337,6547130,5599325,947805,17652206,2738068,513752,1051397,1051397,0,285729,236107,49622,6278832,376797,44501,546745,3100833,2377246,338307,1254599,1247968,791421,245822,15236,195491,6630,22944738,21671136
2016:Q4,age55to69,46402038,10914676,9135297,1779379,35487362,3687696,738537,1401876,1401876,0,570217,541292,28925,9794878,685731,1328362,3188826,9127422,4570454,393363,3818397,3804960,2757880,735418,96754,214908,13437,42583641,34703774
2016:Q4,age40to54,25347349,8710686,7263118,1447568,16636663,2111158,194077,431932,431932,0,170109,158260,11849,4533492,406826,674963,2283041,2990425,2581736,258903,5335922,5327570,3943173,1257112,50347,76937,8353,20011427,33998888
2016:Q4,ageunder40,7649464,3867111,2905135,961976,3782353,897519,47995,161029,161029,0,34157,34047,110,593570,148138,99018,543828,444091,656700,156308,3571449,3568171,2099456,1398087,60960,9668,3278,4078015,35835056
2017:Q1,age70plus,24828297,6660380,5693220,967160,18167917,2815241,504246,1059680,1059680,0,308323,259293,49030,6637931,381010,52984,584969,3150110,2333770,339652,1275063,1267973,811928,247670,15590,192784,7090,23553235,21819820
2017:Q1,age55to69,47264149,11067804,9282201,1785603,36196345,3759527,711900,1383740,1383740,0,556811,528668,28143,10336953,684637,1357741,3312054,9163190,4536515,393276,3812446,3798697,2741734,726833,99681,230448,13749,43451703,34780535
2017:Q1,age40to54,26011956,8828238,7366571,1461667,17183719,2173883,189658,422353,422353,0,178483,166142,12341,4796534,419101,684026,2385342,3006781,2667433,260124,5321913,5313042,3939634,1246665,45983,80761,8870,20690044,33829418
2017:Q1,ageunder40,7866175,3947600,2976828,970772,3918576,928388,46530,159569,159569,0,33979,33828,150,656120,151212,102575,569078,461509,651822,157793,3623423,3620060,2143232,1409256,56093,11479,3363,4242753,36005164
2017:Q2,age70plus,25349305,6766698,5789866,976831,18582607,2815561,501890,1103983,1103983,0,313418,264073,49345,6822636,382214,60515,616670,3199065,2423798,342857,1303456,1296278,833037,257040,16340,189861,7178,24045848,21968913
2017:Q2,age55to69,47999647,11231557,9445237,1786320,36768091,3715222,697439,1430095,1430095,0,536980,508958,28021,10636468,679392,1372896,3389821,9192476,4722539,394762,3838648,3824916,2731832,740794,107111,245178,13732,44160999,34841288
2017:Q2,age40to54,26589385,8991504,7518294,1473210,17597881,2148184,188985,425990,425990,0,184601,171660,12941,4967589,429151,686913,2452875,3020620,2830752,262223,5334967,5325821,3941982,1251290,48032,84518,9145,21254419,33647988
2017:Q2,ageunder40,8077137,4055445,3085737,969708,4021692,904703,46018,157862,157862,0,31514,31293,220,687357,154180,105327,587205,479110,708304,160113,3702352,3698913,2195709,1433585,56368,13252,3439,4374785,36201819
2017:Q3,age70plus,25786568,6865882,5883380,982501,18920686,2847915,522117,1086893,1086893,0,316893,268873,48020,7033493,386034,68271,652876,3249259,2403149,353786,1326445,1319323,853423,265727,16700,183473,7122,24460123,22118584
2017:Q3,age55to69,48593276,11403520,9618453,1785067,37189756,3716474,721200,1364711,1364711,0,516203,489578,26625,10966689,677252,1389618,3489035,9220292,4725015,403266,3856127,3842539,2727136,753593,109917,251894,13588,44737149,34887966
2017:Q3,age40to54,27149364,9144513,7660496,1484018,18004851,2157437,200110,407091,407091,0,190341,176860,13481,5149891,440676,690470,2536457,3034106,2930029,268243,5351046,5341719,3947054,1262205,44331,88129,9327,21798318,33458248
2017:Q3,ageunder40,8264626,4148114,3183547,964567,4116512,903962,48426,156958,156958,0,29085,28837,249,724184,157530,108305,609906,497277,715416,165462,3793046,3789532,2255189,1467658,52198,14488,3514,4471580,36419281
2017:Q4,age70plus,26464933,6941143,5943003,998139,19523790,2903608,547435,1111170,1111170,0,298871,251530,47341,7432195,390135,76493,692768,3301271,2412110,357734,1360706,1353690,873256,277696,17247,185491,7016,25104227,22268999
2017:Q4,age55to69,49567801,11543058,9744891,1798167,38024743,3749899,753072,1372417,1372417,0,487367,461679,25688,11541956,675232,1410983,3604307,9248682,4775748,405080,3899395,3885997,2718913,775047,114758,277279,13398,45668406,34922504
2017:Q4,age40to54,27864527,9296146,7792217,1503930,18568380,2191120,213965,403053,403053,0,192960,178830,14130,5421662,452182,696014,2631953,3048192,3046790,270489,5367355,5357880,3947504,1275060,43382,91934,9475,22497172,33263849
2017:Q4,ageunder40,8512158,4233825,3266425,967400,4278333,919684,51551,155645,155645,0,24004,23702,301,797307,161027,111701,636203,516123,736842,168247,3886516,3882926,2312672,1502982,50216,17056,3590,4625641,36651813
2018:Q1,age70plus,26743572,7092824,6072166,1020659,19650748,2998325,541914,1148209,1148209,0,303332,256930,46402,7368810,392174,82219,707208,3350758,2395570,362230,1383189,1375270,895389,279495,17884,182501,7919,25360384,22420327
2018:Q1,age55to69,49789937,11762239,9953954,1808285,38027698,3837652,731577,1400588,1400588,0,467801,443278,24523,11499411,670397,1398008,3565018,9265321,4784670,407254,3885861,3871800,2696653,763389,120455,291303,14061,45904076,34946834
2018:Q1,age40to54,28264176,9475271,7954664,1520606,18788905,2265579,211417,402961,402961,0,198238,183405,14833,5468248,462239,687226,2612307,3058223,3149519,272948,5350015,5339784,3939105,1261689,43427,95563,10231,22914161,33068444
2018:Q1,ageunder40,8706164,4367952,3388622,979330,4338212,962882,50646,154037,154037,0,21834,21483,351,783270,164428,112857,635351,534461,747153,171292,3944420,3940718,2357543,1515303,49018,18854,3702,4761744,36893677
2018:Q2,age70plus,27119797,7188407,6148781,1039626,19931390,3005297,556128,1210367,1210367,0,311942,266658,45284,7463100,396655,89167,735477,3403375,2395165,364716,1406102,1398317,919192,288011,18897,172217,7785,25713695,22572734
2018:Q2,age55to69,50184667,11873799,10056700,1817099,38310868,3796975,743302,1470076,1470076,0,450157,426970,23187,11664580,668464,1399839,3602884,9287167,4819963,407462,3892592,3878751,2686850,771664,130360,289877,13841,46292075,34962893
2018:Q2,age40to54,28687189,9599517,8062433,1537085,19087672,2244460,219349,410241,410241,0,203967,188356,15611,5592229,473720,684855,2650985,3071017,3262493,274355,5362586,5352230,3944743,1260692,47777,99017,10356,23324603,32875683
2018:Q2,ageunder40,8872803,4481372,3494281,987090,4391431,943563,52338,151271,151271,0,20237,19836,401,799351,168117,115062,648659,553710,765520,173605,4028274,4024492,2416066,1537808,51021,19598,3782,4844529,37139135
2018:Q3,age70plus,27762466,7300331,6245632,1054700,20462135,2996892,558822,1298788,1298788,0,323422,279283,44139,7800110,402003,96310,775859,3459749,2380222,369958,1433149,1425092,942398,298489,19355,164850,8057,26329317,22726387
2018:Q3,age55to69,50987337,12021789,10200860,1820929,38965548,3733867,735118,1584031,1584031,0,433900,412112,21789,12143854,667438,1402905,3705970,9316314,4832072,410078,3911532,3897575,2682274,786565,133693,295043,13957,47075804,34972613
2018:Q3,age40to54,29252459,9718497,8167593,1550905,19533962,2207715,221210,424224,424224,0,210044,193548,16497,5830215,485659,683214,2738581,3087515,3368444,277139,5386482,5375761,3954296,1273568,45319,102578,10721,23865977,32689219
2018:Q3,ageunder40,9062736,4578024,3586840,991184,4484712,913145,52502,145859,145859,0,19020,18562,458,862301,171919,117380,674106,573957,777565,176958,4128612,4124736,2480051,1575943,47917,20825,3875,4934124,37382448
2018:Q4,age70plus,26565951,7193357,6122776,1070581,19372594,3063976,610953,1390382,1390382,0,318542,275533,43009,6551415,394706,97383,734762,3502751,2330427,377294,1451294,1443815,963964,310721,20581,148549,7479,25114657,22881456
2018:Q4,age55to69,48905855,11807786,9972119,1835667,37098068,3777160,809888,1703511,1703511,0,411578,391225,20353,10567751,650640,1327022,3342926,9304054,4789064,414473,3915966,3902599,2669089,804915,146209,282386,13367,44989889,34977928
2018:Q4,age40to54,28591843,9653687,8080980,1572707,18938156,2250495,249508,437295,437295,0,213586,196066,17520,5337571,489955,649277,2484065,3089220,3456229,280956,5405989,5395399,3954163,1282937,52078,106220,10591,23185854,32512701
2018:Q4,ageunder40,8784460,4567620,3574970,992650,4216840,935357,59314,137956,137956,0,15931,15406,525,620102,174570,114219,614177,590652,773491,181072,4219094,4215152,2534401,1608469,51458,20824,3942,4565366,37617878
2019:Q1,age70plus,28189661,7276223,6169886,1106337,20913438,3145248,650282,1476880,1476880,0,328157,285949,42208,7709940,404202,108826,808459,3573182,2329967,378295,1462562,1454558,983566,312469,20463,138061,8004,26727099,23038105
2019:Q1,age55to69,51042039,11754122,9916526,1837596,39287917,3838845,862814,1813398,1813398,0,395334,376227,19107,12107189,654520,1382888,3626249,9367530,4826060,413090,3876740,3863052,2645041,793249,142335,282428,13688,47165298,34980774
2019:Q1,age40to54,29641758,9579694,7996571,1583123,20062064,2307492,271302,447224,447224,0,219334,200586,18749,5958697,504452,669995,2706377,3121169,3574298,281722,5376003,5364900,3942390,1269552,42954,110004,11103,24265755,32349782
2019:Q1,ageunder40,9194610,4617858,3596982,1020876,4576751,966880,64507,128373,128373,0,14567,13948,619,840771,178716,120176,672772,614336,792925,182728,4264467,4260424,2575941,1619200,43557,21726,4044,4930142,37839688
2019:Q2,age70plus,28958361,7534027,6408779,1125248,21424334,3136949,641930,1582354,1582354,0,346497,305201,41296,7954923,407668,118073,848550,3620047,2385975,381365,1483985,1476344,1000116,322088,21231,132909,7641,27474376,23196504
2019:Q2,age55to69,52100673,12127348,10289929,1837419,39973325,3774500,834023,1958878,1958878,0,382518,364814,17704,12460918,650882,1409114,3715461,9420514,4952987,413530,3907949,3894670,2643611,808664,148895,293501,13279,48192724,34983083
2019:Q2,age40to54,30363067,9830112,8234787,1595324,20532956,2272960,267305,460356,460356,0,226627,206441,20186,6158988,515433,678735,2787069,3155449,3726432,283600,5390520,5379412,3947213,1274646,43816,113736,11108,24972547,32204112
2019:Q2,ageunder40,9472942,4797169,3768564,1028605,4675773,934685,63056,113729,113729,0,14230,13503,726,885916,182242,124047,695634,637663,839497,185074,4357050,4352935,2640023,1646710,42796,23406,4115,5115892,38042139
2019:Q3,age70plus,29037317,7493498,6360326,1133171,21543819,3158843,715512,1618777,1618777,0,371590,331309,40282,7847392,411455,126278,874168,3665190,2371449,383165,1506900,1498974,1020246,331802,21395,125531,7927,27530416,23356819
2019:Q3,age55to69,52104776,12057431,10204475,1852956,40047345,3752356,944565,1971612,1971612,0,372065,355931,16134,12368220,647584,1420938,3720727,9467458,4968993,412827,3926333,3912935,2641297,822344,148766,300527,13398,48178443,34986790
2019:Q3,age40to54,30764115,9954501,8333831,1620669,20809614,2270748,308297,455342,455342,0,235254,213359,21894,6207507,526780,681914,2808015,3189019,3841730,285008,5414935,5403448,3958700,1287764,39393,117591,11487,25349180,32079344
2019:Q3,ageunder40,9544651,4848372,3830445,1017927,4696279,922982,73114,108791,108791,0,14661,13809,852,862048,185685,126839,702555,660215,852573,186815,4451230,4447025,2701733,1682238,38247,24806,4205,5093422,38219493
2019:Q4,age70plus,30243595,7515111,6364290,1150821,22728485,3274063,760248,1582900,1582900,0,360423,322774,37649,8744212,419792,124930,898356,3723222,2443836,396503,1516015,1508077,1021165,337759,23044,126110,7938,28727580,23519205
2019:Q4,age55to69,53273664,12016678,10146090,1870587,41256987,3882334,1000367,1883833,1883833,0,384411,367011,17399,13143518,659705,1429100,3968405,9489101,4995619,420595,3970858,3957361,2656467,848342,145444,307109,13497,49302806,34993750
2019:Q4,age40to54,30944311,9868305,8245316,1622990,21076006,2361812,320502,438913,438913,0,219109,198434,20675,6300238,521401,704827,2912177,3259406,3749822,287798,5453874,5442598,3971396,1309532,46003,115666,11276,25490437,31978931
2019:Q4,ageunder40,9952896,4843093,3816148,1026945,5109803,1005038,76739,132366,132366,0,17270,14405,2865,1066020,185351,131553,743354,690995,869526,191590,4508930,4504744,2742292,1696558,39708,26187,4186,5443966,38366375
2020:Q1,age70plus,28710916,7789421,6621909,1167512,20921495,3394902,900213,1559178,1554925,4253,435018,399607,35411,6608506,423514,113888,788280,3744046,2553956,399994,1514264,1505203,1023012,326144,25871,130175,9061,27196652,23683763
2020:Q1,age55to69,50370855,12379956,10496401,1883555,37990899,4018831,1219649,1821003,1815228,5775,427647,409070,18577,10134118,666257,1318572,3479015,9406850,5079274,419683,3973229,3958748,2661464,824827,152259,320197,14481,46397626,35005501
2020:Q1,age40to54,29577962,10064768,8441320,1623448,19513194,2459025,384595,426587,425140,1447,217205,197594,19610,5082846,513689,679937,2489623,3293059,3680492,286136,5458905,5447224,3979535,1292139,61824,113727,11681,24119057,31905537
2020:Q1,ageunder40,9801921,4985605,3950585,1035020,4816316,1090614,93963,151798,151588,211,28957,24314,4643,685704,184376,127679,645702,711714,903342,192467,4518514,4514320,2769082,1670009,47233,27997,4194,5283407,38478868
2020:Q2,age70plus,31176474,7970433,6798988,1171445,23206040,3634219,972153,1433513,1381161,52352,426609,393394,33215,8475185,440753,118824,863129,3789894,2639976,411785,1505969,1497247,1026511,320214,26876,123647,8722,29670504,23850581
2020:Q2,age55to69,53393320,12571021,10689549,1881471,40822299,4315452,1320056,1580561,1516888,63673,439741,420298,19442,12137139,688851,1405543,3990514,9394158,5124331,425954,3962156,3947858,2673679,816781,143673,313725,14298,49431164,35023503
2020:Q2,age40to54,30753583,10152431,8535770,1616660,20601152,2674875,410903,394439,377345,17095,203871,185228,18643,5631176,513965,735837,2791620,3355373,3600582,288511,5466736,5455445,3999581,1281041,62673,112150,11291,25286848,31861630
2020:Q2,ageunder40,10619762,5069385,4038346,1031039,5550377,1259627,101165,174765,174765,0,31052,24867,6186,1067573,184350,137798,735060,738301,924474,196212,4522866,4518713,2800797,1644431,45041,28445,4153,6096896,38553415
2020:Q3,age70plus,32861365,8341808,7116633,1225175,24519556,3718652,938178,1369995,1369995,0,399336,367851,31485,9554137,457415,120598,891322,3828402,2811791,429730,1536562,1527954,1035876,322424,27519,142135,8608,31324802,24019748
2020:Q3,age55to69,55276032,13056198,11122500,1933698,42219833,4400040,1237082,1488511,1488511,0,442877,422474,20403,13144557,710608,1453899,4244943,9361757,5298124,437438,4043042,4028744,2709060,832067,134509,353108,14298,51232990,35049214
2020:Q3,age40to54,31423703,10435515,8794080,1641435,20988188,2737816,379944,369288,369288,0,188786,170966,17820,5836245,514179,776591,2911769,3413096,3566608,293867,5537148,5526114,4051845,1301925,62171,110173,11034,25886555,31849675
2020:Q3,ageunder40,11246881,5272252,4202928,1069324,5974629,1317271,92942,185100,185100,0,30764,23186,7578,1295498,183993,145001,775494,762267,984350,201950,4584366,4580252,2854836,1651204,42240,31972,4113,6662515,38586463
2020:Q4,age70plus,35650431,8682216,7407957,1274259,26968216,3908328,921551,1383141,1383141,0,415165,385374,29792,11482370,480266,121604,951139,3891422,2975307,437922,1588462,1580262,1055403,328622,29027,167210,8200,34061969,24191352
2020:Q4,age55to69,58623563,13481171,11500051,1981120,45142392,4626463,1186756,1497246,1497246,0,462420,441278,21142,15174743,739482,1493260,4667961,9396985,5456566,440509,4129762,4115691,2729741,849910,131793,404246,14071,54493801,35084095
2020:Q4,age40to54,32722920,10697089,9031847,1665242,22025831,2906909,359888,367641,367641,0,180755,163684,17071,6400305,518131,814362,3154383,3499106,3529359,294993,5618338,5607705,4109347,1321858,67649,108851,10632,27104583,31872140
2020:Q4,ageunder40,12107775,5448946,4347293,1101653,6658829,1448204,87429,194296,194296,0,34918,26134,8784,1678895,183872,151356,846302,791530,1038242,203784,4620865,4616805,2888704,1648636,43217,36248,4060,7486910,38574457
2021:Q1,age70plus,37628554,9192075,7869108,1322967,28436478,4134949,958599,1137387,1137387,0,417383,388086,29297,12706912,486449,117451,965577,3937857,3129741,444174,1618287,1609118,1068380,325556,29954,185228,9169,36010266,24365481
2021:Q1,age55to69,60698745,14124164,12108739,2015426,46574581,4901502,1226783,1147842,1147842,0,476162,453404,22757,16331998,748834,1470880,4841120,9388152,5599346,441962,4178757,4163842,2748771,846504,126405,442163,14914,56519988,35129604
2021:Q1,age40to54,33601926,11051394,9369636,1681758,22550533,3114714,368453,304177,304177,0,171570,154985,16585,6670604,513226,827787,3223293,3571981,3489209,295518,5676444,5665474,4159498,1328249,69819,107909,10969,27925482,31931492
2021:Q1,ageunder40,12846560,5693428,4558360,1135068,7153132,1603177,89270,191298,191298,0,37420,27338,10082,1922124,182020,153040,869119,815466,1085596,204602,4633789,4629752,2915758,1632181,42265,39548,4037,8212771,38513840
2021:Q2,age70plus,40251258,10062368,8633297,1429070,30188891,4174582,964752,1112446,1078762,33683,427805,399199,28606,14026625,501928,117276,1000561,3989371,3423855,449691,1678674,1669808,1099432,347425,30847,192103,8867,38572584,24542224
2021:Q2,age55to69,63842722,15339885,13227139,2112746,48502837,4924996,1216196,1101859,1068173,33686,492880,468832,24049,17593571,769026,1497323,5123981,9394692,5945453,442860,4385858,4371082,2870953,918975,121598,459555,14776,59456865,35187201
2021:Q2,age40to54,34922030,11760263,10023935,1736328,23161767,3140626,361725,295463,286633,8830,164190,148062,16128,6984649,513873,861901,3373526,3654207,3515589,296018,5923045,5912402,4330547,1402919,72113,106822,10644,28998985,32030198
2021:Q2,ageunder40,13771271,6167312,4952496,1214816,7603959,1621370,86855,192067,190992,1075,40550,29332,11218,2175643,180644,157932,910637,839362,1194066,204832,4819439,4815466,3051760,1680910,41443,41353,3974,8951832,38401060
2021:Q3,age70plus,41630649,10612136,9105732,1506404,31018513,4233158,955157,1158054,1087126,70928,451204,423146,28057,14394798,511099,114777,985562,4026472,3726596,461635,1691348,1682439,1100968,350783,32636,198052,8909,39939300,24721669
2021:Q3,age55to69,65109769,16054623,13868938,2185686,49055146,4975038,1181415,1141328,1074210,67118,515275,489926,25349,17717019,781997,1496633,5133071,9364739,6299406,449224,4497113,4482207,2938354,947417,121182,475253,14906,60612657,35258345
2021:Q3,age40to54,35414596,12190367,10410238,1780129,23224229,3189064,347992,304467,286136,18332,159051,143301,15750,6919826,511524,885855,3335263,3726698,3544785,299704,6049754,6039243,4416239,1437939,79236,105829,10510,29364842,32170724
2021:Q3,ageunder40,14247995,6423845,5158885,1264960,7824150,1650295,82424,196049,195434,615,44852,32576,12277,2244153,178420,160556,899989,858198,1302214,206998,4899230,4895318,3120173,1688954,43246,42945,3913,9348765,38232561
2021:Q4,age70plus,43191514,10912972,9326388,1586584,32278542,4377375,992763,1014841,1014510,331,459595,432066,27529,15308019,520059,111050,1014824,4080716,3929222,470079,1707142,1698099,1105409,358084,36324,198281,9044,41484372,24903904
2021:Q4,age55to69,66710358,16343504,14078025,2265478,50366854,5139970,1222835,982579,982272,308,530646,504085,26561,18490271,794865,1482214,5382029,9383318,6505399,452727,4618937,4603828,3009242,985492,128373,480721,15109,62091421,35344495
2021:Q4,age40to54,36130485,12402862,10572069,1830792,23727623,3325967,358217,266356,266277,78,152495,137068,15427,7085832,509560,905114,3470145,3821563,3530205,302170,6203777,6193342,4514597,1476811,97223,104711,10435,29926708,32355537
2021:Q4,ageunder40,14704799,6524576,5211474,1313101,8180223,1735797,83946,190324,190304,20,47284,34053,13232,2406144,175853,161846,931280,879520,1360715,207514,4975676,4971830,3185242,1692333,50511,43743,3847,9729123,38004788
2022:Q1,age70plus,43725105,11745671,10069462,1676209,31979435,4469490,992655,1060545,1060545,0,519105,493419,25686,14736861,518842,101306,957653,4020896,4124714,477368,1691205,1681347,1091111,354434,37970,197831,9858,42033901,25089018
2022:Q1,age55to69,66661238,17480890,15131653,2349237,49180349,5236746,1205090,1034249,1034249,0,568531,542239,26292,17524507,796353,1397346,5159375,9102375,6700399,455377,4725634,4709810,3092768,1005016,126854,485172,15825,61935604,35447110
2022:Q1,age40to54,36282876,13116479,11230881,1885598,23166397,3416226,350614,275947,275947,0,152190,137277,14913,6666545,502591,896131,3278589,3808210,3514860,304494,6322813,6312091,4604164,1500535,103727,103665,10722,29960063,32587104
2022:Q1,ageunder40,15002006,6900392,5533601,1366791,8101614,1780443,80670,197624,197624,0,54606,40966,13640,2291883,172150,157817,875722,871731,1411757,207211,5037768,5033980,3255945,1682235,51433,44367,3788,9964238,37714186
2022:Q2,age70plus,42119357,12348320,10630247,1718072,29771038,4451751,1018815,1160052,1160052,0,492160,468376,23784,12362170,510895,90015,843836,3962049,4390625,488669,1694653,1685101,1099777,365384,40236,179704,9552,40424704,25277098
2022:Q2,age55to69,63950660,18378773,15980546,2398228,45571886,5190443,1229234,1152666,1152666,0,566676,540886,25791,14479153,790555,1295460,4625989,8784904,6995334,461472,4823625,4807923,3169654,1051868,127664,458737,15702,59127035,35567651
2022:Q2,age40to54,35366366,13769679,11845363,1924315,21596687,3403129,356352,298684,298684,0,142406,128010,14396,5535119,492508,880550,2875830,3771186,3531934,308989,6506708,6496270,4726153,1553929,114164,102023,10438,28859658,32867893
2022:Q2,ageunder40,14761266,7176684,5803302,1373382,7584582,1745842,80499,210217,210217,0,52356,38510,13846,1859864,167622,152276,765374,854090,1488611,207830,5098729,5095031,3310131,1687946,54058,42896,3698,9662537,37357200
2022:Q3,age70plus,41657126,12214684,10445970,1768714,29442442,4410642,1053638,1367061,1367061,0,453750,431560,22190,11892624,512977,81321,798605,3928804,4441772,501247,1723719,1714120,1120450,375307,41823,176540,9598,39933407,25468234
2022:Q3,age55to69,62292572,17766505,15315710,2450794,44526068,5116377,1267193,1416122,1416122,0,557494,532030,25465,13687637,796449,1225497,4464016,8540124,6986414,468745,4905880,4890032,3218828,1086023,126042,459139,15848,57386692,35707576
2022:Q3,age40to54,34527059,13481139,11514267,1966872,21045920,3371993,366804,346301,346301,0,131762,117812,13950,5183254,488397,878797,2737393,3765360,3461386,314474,6685672,6675324,4846262,1607337,120657,101067,10348,27841388,33200369
2022:Q3,ageunder40,14402681,7030622,5645510,1385112,7372059,1693273,81157,230740,230740,0,48805,34811,13994,1767461,163569,148620,720830,841129,1468114,208361,5111431,5107823,3324650,1685619,54488,43066,3608,9291250,36930277
2022:Q4,age70plus,42441009,12034570,10231243,1803327,30406439,4360977,1110586,1694367,1694367,0,428814,407291,21522,12586897,526024,83049,842964,3912817,4342200,517744,1748904,1740324,1152636,391934,43471,152283,8580,40692105,25754848
2022:Q4,age55to69,62864614,17492479,15030492,2461987,45372135,4986543,1336645,1860707,1860707,0,540466,516030,24436,14323370,804003,1234846,4653947,8380504,6773834,477269,4917128,4902117,3244035,1114005,129898,414178,15011,57947485,35692564
2022:Q4,age40to54,34617443,13287113,11308913,1978199,21330330,3283894,389460,415641,415641,0,128297,114544,13753,5417961,493251,885509,2876787,3714341,3405358,319829,6789853,6780063,4908853,1642339,128257,100614,9790,27827590,33277069
2022:Q4,ageunder40,14155256,6781005,5385204,1395801,7374251,1627940,86327,245314,245314,0,45456,31854,13602,1860842,163810,149218,752864,826574,1404296,211611,5160399,5156819,3348568,1710161,57824,40266,3580,8994857,36888503
2023:Q1,age70plus,44014215,12240240,10392649,1847591,31773974,4318175,1230742,1925444,1925444,0,418584,396772,21812,13489367,546335,89530,897090,3994198,4333783,530724,1800469,1791362,1198417,399575,41982,151388,9107,42213746,26119493
2023:Q1,age55to69,64100249,17488225,15013467,2474758,46612025,4833135,1491471,2177771,2177771,0,529435,505119,24316,15076725,814683,1291467,4858932,8409351,6649375,479681,4861229,4845985,3216774,1099027,122487,407697,15243,59239021,35541568
2023:Q1,age40to54,35255193,13386122,11386519,1999604,21869071,3194742,441280,459364,459364,0,126753,112962,13791,5721390,501825,916267,3043542,3752359,3388288,323263,6826069,6816037,4953469,1645685,115765,101118,10032,28429124,33390763
2023:Q1,ageunder40,14313819,6830305,5416910,1413395,7483514,1566017,98776,245428,245428,0,43967,30335,13632,1988036,165249,154152,793777,834712,1379401,213998,5146810,5143211,3343394,1707698,51993,40127,3599,9167009,36995247
2023:Q2,age70plus,46029169,12985795,11096087,1889708,33043374,4306452,1302331,1954191,1954191,0,422565,400880,21685,14373858,560374,94708,947803,4061197,4478808,541087,1846871,1837690,1226991,412053,41514,157133,9181,44182298,26348750
2023:Q2,age55to69,66297687,18483336,15996124,2487213,47814350,4749250,1578424,2187633,2187633,0,526920,503058,23862,15857535,820948,1335983,5061665,8449974,6764094,481925,4879775,4864603,3220112,1111925,119272,413294,15173,61417912,35379277
2023:Q2,age40to54,36373072,13933785,11917860,2015924,22439288,3150986,471510,462121,462121,0,126857,113134,13723,6025905,507253,939807,3205434,3787206,3436235,325973,6885846,6875804,4999835,1663401,111131,101438,10041,29487227,33425049
2023:Q2,ageunder40,14827782,7139018,5704017,1435001,7688764,1536096,106074,245137,245137,0,43934,30421,13512,2117602,166060,157932,833445,842369,1424167,215948,5178167,5174564,3364804,1719293,49832,40636,3603,9649615,37022539
2023:Q3,age70plus,45863402,13165902,11266041,1899861,32697500,4284377,1372430,1996515,1996515,0,386562,364742,21820,13931721,558930,108532,933019,4048043,4527783,549588,1889857,1880306,1250677,420179,41415,168035,9552,43973545,26475731
2023:Q3,age55to69,65736844,18623754,16143541,2480212,47113091,4674141,1669487,2231045,2231045,0,504187,480403,23784,15222247,812851,1480275,4937857,8326854,6769885,484262,4919594,4904257,3238149,1120231,117774,428103,15337,60817250,35215392
2023:Q3,age40to54,36174610,14027136,12013285,2013851,22147475,3101853,501608,467261,467261,0,121894,108202,13692,5811764,503844,1002780,3124627,3745175,3439080,327590,6926656,6916475,5041118,1664761,109098,101497,10181,29247954,33335479
2023:Q3,ageunder40,14806004,7215152,5777701,1437451,7590853,1511522,113917,244542,244542,0,40308,26761,13547,2036104,166121,168844,817184,836511,1437606,218193,5223004,5219387,3405739,1722772,49111,41765,3618,9583000,37086718
2023:Q4,age70plus,47722621,13207873,11283429,1924444,34514748,4329177,1441202,2128087,2128087,0,403338,381567,21771,15345746,569673,97660,1019058,4178909,4434781,567116,1928887,1918962,1276271,432214,41812,168665,9925,45793734,26676973
2023:Q4,age55to69,67539891,18413102,15937325,2475777,49126789,4680654,1756867,2422032,2422032,0,510242,486731,23511,16616648,818076,1348133,5334671,8558675,6587223,493568,4948853,4933338,3252803,1136487,117792,426257,15515,62591038,35147574
2023:Q4,age40to54,36823098,13865291,11856412,2008879,22957806,3108234,529645,488118,488118,0,123257,109650,13607,6301460,506194,946191,3407808,3834051,3380317,332533,6974755,6964445,5072677,1681235,109226,101307,10310,29848343,33272381
2023:Q4,ageunder40,15022721,7166854,5719383,1447471,7855867,1520044,121029,238629,238629,0,41581,28124,13456,2252790,166532,159957,888518,858435,1385987,222367,5260523,5256901,3427649,1738290,49261,41700,3622,9762198,37083630
2024:Q1,age70plus,49731017,13584648,11626001,1958647,36146369,4418459,1470612,2104390,2104390,0,403010,381354,21656,16752160,588837,102666,1085062,4233843,4408846,578483,1969171,1958491,1300245,431331,42634,184280,10679,47761846,26925597
2024:Q1,age55to69,69747479,18851134,16357775,2493359,50896345,4749438,1785359,2355145,2355145,0,508436,485216,23220,18011929,833938,1395975,5632803,8614362,6509904,499057,4956014,4940022,3251736,1119373,119327,449586,15992,64791465,35211512
2024:Q1,age40to54,37850109,14083845,12062145,2021701,23766264,3163114,539189,481236,481236,0,122952,109394,13558,6797244,514524,968530,3623237,3859484,3360886,335866,6995169,6984511,5095730,1675138,111749,101894,10658,30854940,33360276
2024:Q1,ageunder40,15428053,7287409,5825557,1461852,8140644,1553283,123156,240683,240683,0,41141,27803,13338,2463497,167586,163334,940143,862770,1360605,224445,5250864,5247229,3423216,1730520,50345,43149,3635,10177189,37119238
2024:Q2,age70plus,50830120,14088095,12111690,1976406,36742025,4358456,1504327,2177896,2177896,0,397961,376494,21467,17133373,597608,105804,1108598,4276674,4492895,588433,2006141,1995401,1321785,438396,42123,193096,10740,48823980,27105894
2024:Q2,age55to69,70793952,19504994,17013956,2491038,51288958,4628077,1816759,2447584,2447584,0,502858,480049,22809,18249236,836650,1419233,5699320,8623853,6563150,502237,4976028,4960087,3259150,1123661,116572,460704,15941,65817924,35112526
2024:Q2,age40to54,38503121,14484953,12451891,2033062,24018168,3093052,553181,494157,494157,0,122507,108978,13530,6927376,519196,984945,3697311,3889193,3397472,339778,7056588,7045890,5149404,1685774,108015,102696,10698,31446534,33499459
2024:Q2,ageunder40,15672612,7488388,6020825,1467563,8184224,1500259,126218,237768,237768,0,40361,27136,13225,2511488,168211,165599,956106,867191,1384346,226676,5275360,5271719,3446195,1733023,48478,44024,3641,10397251,37176598
2024:Q3,age70plus,52454732,14081112,12084960,1996152,38373620,4375802,1571791,2278590,2278590,0,438061,416961,21100,18360483,610602,109745,1164954,4325384,4538161,600047,2027655,2017618,1337339,442743,41526,196009,10037,50427077,27240106
2024:Q3,age55to69,72398240,19328011,16831737,2496274,53070228,4614212,1904970,2597126,2597126,0,521217,498940,22277,19428477,845434,1453904,5943717,8672745,6580618,507808,4995400,4979997,3276375,1126593,113935,463094,15403,67402839,35045162
2024:Q3,age40to54,39248216,14452683,12408748,2043935,24795533,3096209,584164,511310,511310,0,127226,113789,13437,7373519,525547,1003883,3890849,3923912,3414755,344157,7117576,7107220,5194952,1704989,104191,103089,10356,32130640,33574767
2024:Q3,ageunder40,15918282,7467082,5990063,1477020,8451200,1499933,133679,231521,231521,0,43905,30852,13053,2702232,169177,168546,1002808,874329,1395372,229698,5324426,5320792,3476377,1753438,46667,44310,3635,10593856,37229237
2024:Q4,age70plus,53005673,14101379,12063919,2037460,38904294,4459733,1677266,2268871,2268871,0,310046,289228,20818,18667693,619143,107626,1176007,4392834,4610515,614560,2057718,2047570,1369490,437937,26920,213221,10148,50947955,27470333
2024:Q4,age55to69,72259323,19082664,16569496,2513168,53176660,4650090,2037251,2536436,2536436,0,446618,424906,21712,19504690,845338,1415879,5924425,8707042,6596279,512612,4947825,4932465,3280286,1095018,71219,485942,15360,67311498,34894745
2024:Q4,age40to54,39368041,14400922,12338407,2062515,24967118,3140633,630208,506381,506381,0,110517,97200,13317,7432536,527523,991506,3895586,3953974,3430129,348127,7085943,7075568,5241019,1681013,49697,103839,10375,32282098,33585438
2024:Q4,ageunder40,16007570,7457209,5959162,1498047,8550361,1532979,145310,234378,234378,0,31568,18669,12899,2734187,169909,166949,1006414,883176,1412293,233198,5310346,5306699,3504735,1734090,21818,46057,3647,10697224,37326628
2025:Q1,age70plus,53149094,14408311,12320895,2087416,38740783,4537443,1710856,2312086,2312086,0,329363,309012,20352,18345308,611107,106261,1152805,4414616,4599731,621208,2064770,2053302,1383525,439443,16326,214008,11467,51084325,27732372
2025:Q1,age55to69,72151297,19343109,16802402,2540707,52808188,4723788,2078473,2591807,2591807,0,459217,438032,21185,19115069,836965,1400296,5795187,8719159,6571529,516698,4930217,4913942,3290705,1093388,42575,487274,16276,67221080,35134893
2025:Q1,age40to54,39201118,14433638,12357198,2076440,24767481,3188525,642186,512540,512540,0,113224,100026,13198,7282466,523014,985624,3790396,3954497,3424894,350114,7082570,7071559,5256641,1685723,24922,104273,11012,32118548,33749681
2025:Q1,ageunder40,16045971,7549340,6012780,1536560,8496631,1566218,148583,234086,234086,0,33086,20365,12720,2673071,170171,166441,983334,885372,1401130,235141,5322709,5319016,3517229,1744753,10773,46261,3693,10723262,37601541
2025:Q2,age70plus,55379103,14827004,12679321,2147683,40552100,4557669,1735932,2360157,2360157,0,323421,303434,19986,19891688,619278,111902,1241523,4459916,4621849,628764,2100172,2088911,1404282,446334,9169,229126,11262,53278931,28031369
2025:Q2,age55to69,74735767,19840463,17252231,2588232,54895303,4716043,2100339,2647292,2647292,0,455554,434847,20707,20622734,842979,1455806,6201406,8761338,6571737,520074,4969886,4953743,3316657,1103408,23630,510048,16143,69765881,35324691
2025:Q2,age40to54,40342485,14683354,12575116,2108239,25659131,3179899,649095,519102,519102,0,112376,99278,13098,7819236,526476,1012015,4083951,3973356,3431385,352240,7123518,7112607,5299927,1694991,12375,105314,10911,33218968,33928434
2025:Q2,ageunder40,16505736,7706830,6134046,1572784,8798906,1557468,150213,232808,232808,0,32205,19665,12540,2905313,171081,170728,1055484,889391,1397654,236560,5352225,5348520,3543877,1751562,5277,47804,3705,11153511,37792277
2025:Q3,age70plus,57202439,14755066,12572231,2182836,42447372,4586724,1798742,2399939,2399939,0,323124,303852,19273,21432851,624979,116708,1307683,4492392,4729978,634250,2142352,2132396,1422547,450934,7393,251522,9956,55060087,28206948
2025:Q3,age55to69,76867771,19705370,17075295,2630075,57162401,4736641,2189054,2704045,2704045,0,455279,435334,19945,22179539,848038,1505114,6512900,8810081,6698419,523290,5039924,5024627,3349341,1111194,18985,545107,15297,71827847,35469591
2025:Q3,age40to54,41235292,14680108,12544398,2135710,26555184,3191407,677335,524788,524788,0,112182,99294,12888,8364671,528820,1033819,4306373,3990307,3471591,353891,7186216,7175930,5346903,1712864,9667,106496,10286,34049076,34035491
2025:Q3,ageunder40,16777434,7661727,6076360,1585367,9115707,1558415,156621,229710,229710,0,31718,19536,12182,3132961,170999,173667,1106208,890064,1428451,236895,5386058,5382379,3563029,1765334,4093,49924,3679,11391376,37777073
2025:Q4,age70plus,58243451,14754252,12523414,2230838,43489199,4635644,1905981,2442586,2442586,0,313268,294395,18872,22127192,628228,116007,1340375,4562928,4764667,652321,2197634,2186774,1445430,462007,6679,272658,10860,56045817,28423930
2025:Q4,age55to69,77201018,19470440,16813179,2657261,57730578,4724069,2317783,2731248,2731248,0,444677,425403,19274,22585855,841077,1479551,6582282,8839866,6654611,529558,5085399,5069666,3358603,1122204,16905,571954,15732,72115619,35251281
2025:Q4,age40to54,41713628,14731294,12561414,2169880,26982334,3212472,725821,529905,529905,0,110588,97843,12744,8577187,529086,1029676,4396848,4032834,3477967,359951,7269009,7258312,5403157,1738783,8583,107790,10697,34444619,34114973
2025:Q4,ageunder40,16808765,7611215,6015416,1595799,9197550,1559718,167267,225579,225579,0,30270,18388,11882,3200816,169854,171683,1119745,892763,1420332,239524,5411358,5407689,3576019,1776415,3600,51656,3669,11397406,37572352
2026:Q1,age70plus,59115798,15351093,13000696,2350398,43764705,4793079,1960277,2449028,2449028,0,353671,335202,18469,21887169,638447,116436,1334582,4647567,4921685,662763,2255947,2242661,1485788,467014,7004,282854,13286,56859851,28884063
2026:Q1,age55to69,76768415,19817728,17106661,2711067,56950687,4797755,2344729,2670418,2670418,0,461566,443073,18492,21883314,836884,1459006,6422577,8826730,6720836,526871,5083186,5066112,3363236,1107555,17371,577951,17074,71685229,35091606
2026:Q1,age40to54,41296967,14746758,12556283,2190475,26550210,3259709,731898,519219,519219,0,113915,101517,12397,8286094,524027,1015974,4261532,4007274,3474170,356396,7250597,7238967,5396557,1726661,8809,106941,11630,34046371,33814834
2026:Q1,ageunder40,16824632,7707565,6059702,1647863,9117067,1601962,169357,224928,224928,0,32963,21457,11505,3089572,168570,169913,1089586,889607,1442733,237876,5406463,5402789,3575403,1771801,3706,51879,3674,11418169,37343619
