Date,Category,Assets,Nonfinancial assets,Real estate,Consumer durables,Financial assets,Deposits,Money market fund shares,Debt securities,U.S. government and municipal securities,Corporate and foreign bonds,Loans (Assets),Other loans and advances (Assets),Mortgages,Corporate equities and mutual fund shares,Life insurance reserves,Annuities,DC pension entitlements,DB pension entitlements,Miscellaneous other equity,Miscellaneous assets,Liabilities,Loans (Liabilities),Home mortgages,Consumer credit,Depository institutions loans n.e.c.,Other loans and advances (Liabilities),Deferred and unpaid life insurance premiums,Net worth,Household count,Minimum Wealth Cutoff
1989:Q3,TopPt1,1802302,334811,139254,195557,1467490,132471,36459,276018,175507,100511,74254,68305,5949,305340,13646,1442,22237,14873,586079,4671,45133,44667,14499,21065,361,8742,467,1757168,103864,7794573
1989:Q3,RemainingTop1,2989040,642435,479105,163330,2346604,402318,73018,228014,210315,17699,51681,39024,12658,590198,33771,12949,71628,145079,723594,14353,84766,83256,65913,5120,817,11406,1510,2904273,824835,2306199
1989:Q3,Next9,8247017,2442618,2023859,418759,5804399,1121868,147549,388728,345867,42861,127271,45793,81479,811434,106088,158738,294825,1573582,1015740,58576,481153,476407,373967,58994,1273,42174,4746,7765864,8368077,486991
1989:Q3,Next40,8849696,4179615,3425336,754279,4670081,1137171,98226,141004,130200,10804,39241,15374,23867,359529,163427,141556,256463,1620043,603923,109496,1554867,1547554,1149188,355269,1334,41763,7313,7294829,37209575,66091
1989:Q3,Bottom50,1704710,1189870,825615,364255,514840,162639,7390,12715,12035,680,1418,367,1051,23943,43260,14147,40037,128754,40285,40252,986854,984914,607588,343758,748,32819,1940,717856,46513751,
1989:Q4,TopPt1,1856293,350951,152996,197956,1505342,136443,40697,276531,177122,99410,80700,73671,7028,318765,13835,1329,21567,17537,593204,4734,43817,43306,14687,19570,351,8698,512,1812476,102687,
1989:Q4,RemainingTop1,3057994,664137,501151,162985,2393858,400715,76485,233866,213142,20724,56839,42972,13866,602178,33992,13865,74889,155545,730971,14513,90712,89004,69417,6128,785,12675,1707,2967283,828704,
1989:Q4,Next9,8390273,2487027,2070883,416144,5903246,1133675,152715,391844,346417,45427,133893,52263,81630,830478,110905,164120,308572,1591390,1025957,59697,499148,494160,386947,63302,1228,42684,4987,7891125,8382034,
1989:Q4,Next40,9015852,4218645,3445677,772969,4797207,1162751,99925,142766,129938,12828,41458,17296,24162,375310,168702,147606,268528,1672661,605852,111648,1579017,1571553,1167130,361748,1279,41397,7464,7436835,37314703,
1989:Q4,Bottom50,1725114,1199140,823610,375530,525974,166465,7415,12932,12177,755,1613,460,1153,25373,44197,14119,41639,129934,40843,41444,1014850,1012872,622402,358537,748,31185,1979,710263,46634110,
1990:Q1,TopPt1,1838256,349354,162793,186561,1488903,134526,48146,268886,176682,92204,92268,84112,8156,287003,13413,1225,20354,20229,597942,4911,42259,41799,15383,17236,436,8744,460,1795997,101616,
1990:Q1,RemainingTop1,3047569,668853,503707,165147,2378716,392438,82462,236093,213926,22167,60561,45395,15166,567393,33085,14781,75232,165206,736615,14851,96091,94565,72748,6476,970,14371,1526,2951478,832402,
1990:Q1,Next9,8387675,2478485,2049457,429028,5909190,1132726,161966,389491,343666,45825,149996,68058,81938,784051,114054,169408,310516,1601785,1033576,61620,521336,516407,408800,61286,1520,44801,4929,7866339,8397071,
1990:Q1,Next40,9114968,4244537,3446873,797664,4870431,1173021,103472,141777,128564,13213,46516,21998,24518,370390,172613,153638,266611,1719826,606854,115713,1593877,1586445,1194753,348053,1575,42064,7432,7521091,37418393,
1990:Q1,Bottom50,1769910,1238738,850154,388584,531171,167760,7614,13017,12269,748,1902,631,1271,24674,44829,14090,41488,130895,41408,43494,1036823,1034875,643715,359269,957,30934,1949,733086,46754287,
1990:Q2,TopPt1,1880500,362663,173951,188712,1517837,133170,44406,274735,184580,90156,94146,84885,9261,303644,13217,851,19291,22862,606627,4887,41178,40734,16074,15559,359,8742,444,1839321,100648,
1990:Q2,RemainingTop1,3105699,686757,522316,164441,2418943,384411,79772,247706,222178,25528,66671,50252,16419,581554,32541,15967,76341,175256,743866,14857,100839,99359,75625,7154,778,15802,1479,3004861,835935,
1990:Q2,Next9,8499205,2511232,2085970,425262,5987972,1132769,157124,401503,353087,48416,150277,68498,81779,807028,117799,183895,315718,1615241,1044509,62108,543647,538668,428662,62897,1229,45880,4979,7955558,8413142,
1990:Q2,Next40,9252765,4284880,3469957,814924,4967885,1184371,100467,146502,131096,15406,46727,22002,24725,387934,176998,162340,268351,1769313,608581,116299,1614004,1606538,1217147,346083,1260,42048,7465,7638761,37520765,
1990:Q2,Bottom50,1769532,1232017,832969,399048,537515,169239,7186,13374,12548,825,2066,696,1370,26279,45566,14114,41796,131935,41966,43993,1057944,1056002,658409,367019,808,29766,1943,711587,46874346,
1990:Q3,TopPt1,1817040,359183,186736,172447,1457857,133330,50778,279870,194882,84988,97219,86816,10404,217746,12827,961,17816,25522,616828,4959,39627,39204,16420,13989,158,8637,424,1777413,99780,
1990:Q3,RemainingTop1,3051353,693783,527081,166702,2357570,377734,84972,260434,232356,28078,72783,55046,17737,487174,31599,16686,74991,184728,751457,15012,105321,103909,78902,7982,330,16695,1412,2946033,839313,
1990:Q3,Next9,8414712,2510490,2072757,437733,5904222,1135967,165135,415286,365396,49890,152722,71059,81663,677728,120987,182258,311066,1623305,1056496,63272,559543,554529,443603,65534,529,44863,5014,7855169,8430203,
1990:Q3,Next40,9338704,4332356,3500067,832288,5006349,1199413,103375,151166,134425,16741,47569,22614,24955,355534,180918,166387,258225,1814873,610396,118492,1631596,1624108,1235862,347056,534,40655,7488,7707109,37621938,
1990:Q3,Bottom50,1821934,1283067,876084,406984,538867,171333,7320,13717,12858,859,2264,785,1478,22810,46199,14045,40632,132813,42520,45214,1079267,1077334,672479,377742,366,26747,1933,742667,46994353,
1990:Q4,TopPt1,1904675,359164,197089,162074,1545511,137248,52784,297251,206094,91157,104568,93020,11548,268122,12487,869,17188,28146,621820,5026,37973,37521,16326,12319,178,8698,452,1866701,99008,
1990:Q4,RemainingTop1,3143938,697132,529308,167824,2446806,374985,86734,279393,243031,36362,76915,57867,19047,536477,30704,17607,78633,194473,755733,15151,111961,110419,82834,8828,363,18393,1541,3031977,842544,
1990:Q4,Next9,8563163,2498816,2054271,444544,6064347,1147417,167588,435109,378230,56879,163776,82487,81290,750924,124289,187513,326798,1633481,1063064,64387,573138,567933,452598,67819,587,46929,5206,7990024,8448208,
1990:Q4,Next40,9463486,4310058,3460919,849139,5153428,1224317,103692,161319,137758,23561,50947,25842,25105,390546,184920,172433,272126,1862058,610522,120548,1646886,1639281,1250812,346619,586,41264,7606,7816600,37722029,
1990:Q4,Bottom50,1872029,1320268,904808,415460,551760,175062,7207,14292,13156,1137,2529,952,1577,26143,46850,14015,42451,133744,43092,46376,1104844,1102885,687241,388806,423,26415,1959,767184,47114373,
1991:Q1,TopPt1,1989503,368967,207407,161560,1620536,137107,65769,282785,193584,89201,106546,93922,12623,345560,12174,925,16807,30763,617085,5016,35893,35468,16314,10118,314,8722,425,1953610,98330,
1991:Q1,RemainingTop1,3247042,706544,539273,167271,2540499,367391,97171,274496,232507,41989,83675,63452,20223,612111,29816,18378,83932,204224,754154,15151,117593,116153,86559,9087,627,19879,1441,3129449,845637,
1991:Q1,Next9,8717798,2507407,2063679,443728,6210392,1149669,183975,418413,357772,60642,163925,83748,80177,861585,127646,187792,349321,1643443,1059705,64917,581377,576161,462030,64956,1017,48157,5216,8136421,8467114,
1991:Q1,Next40,9597556,4304140,3435771,868369,5293417,1238098,110266,158504,130779,27725,50983,25980,25004,437348,188955,177017,294154,1909154,607765,121171,1644906,1637293,1264760,330207,1007,41319,7613,7952651,37821158,
1991:Q1,Bottom50,1892578,1328130,901273,426857,564448,176955,7688,14316,13028,1287,2687,1050,1637,30809,47507,13958,45261,134662,43705,46902,1115910,1113967,700028,387839,763,25337,1944,776668,47234471,
1991:Q2,TopPt1,1981677,372339,218891,153448,1609337,129282,60275,287097,201157,85940,106117,92331,13786,341295,12109,884,15833,33357,618064,5024,34637,34248,16962,8441,97,8747,390,1947039,97741,
1991:Q2,RemainingTop1,3262409,717445,549884,167561,2544965,350708,92978,287488,239708,47780,92711,71173,21538,602236,29368,19250,85678,214240,755134,15173,122056,120752,89566,9661,184,21341,1304,3140353,848598,
1991:Q2,Next9,8730552,2515718,2069490,446228,6214834,1134245,176939,429299,365095,64203,158905,79481,79423,852340,131706,191472,357571,1655507,1061287,65563,601717,596518,481469,65458,305,49285,5199,8128836,8486875,
1991:Q2,Next40,9690324,4333056,3450601,882456,5357267,1230473,106263,164313,132356,31957,49463,24427,25036,445501,193556,182603,298984,1957864,606196,122051,1660856,1653254,1287203,324457,295,41299,7601,8029468,37919443,
1991:Q2,Bottom50,1915051,1347950,913945,434005,567101,175311,7160,14707,13271,1436,2840,1116,1724,31443,48290,13921,45944,135634,44305,47545,1135062,1133140,715451,393289,243,24158,1921,779989,47354714,
1991:Q3,TopPt1,2011469,367116,231106,136010,1644353,125742,59464,285544,211852,73692,109391,94514,14876,380084,11591,879,15200,35961,615459,5037,34099,33744,17732,6997,82,8933,356,1977370,97239,
1991:Q3,RemainingTop1,3316417,721645,552163,169482,2594772,338560,92403,297646,249408,48238,99440,76731,22709,635986,28014,20085,89650,224199,753595,15194,126208,125042,91093,10202,148,23599,1166,3190209,851438,
1991:Q3,Next9,8813178,2508048,2049595,458453,6305130,1128188,175727,439477,376062,63415,161686,83734,77952,904862,134441,193956,374915,1666862,1058795,66220,622520,617338,496977,66620,249,53493,5182,8190658,8507447,
1991:Q3,Next40,9841231,4380771,3482260,898511,5460460,1234066,104857,165691,134923,30768,50191,25369,24821,473602,197059,187834,314716,2006128,603376,122941,1668252,1660663,1296207,320921,237,43298,7589,8172979,38017004,
1991:Q3,Bottom50,1971213,1396284,955265,441019,574929,175526,6881,14903,13555,1348,3029,1258,1771,34218,48828,13878,47959,136580,44930,48196,1138052,1136153,712494,397760,209,25690,1899,833161,47475167,
1991:Q4,TopPt1,2123428,371672,244426,127246,1751756,125977,60527,282018,216659,65358,116207,100425,15782,488798,11333,853,14683,38568,607692,5100,33771,33441,18517,5625,160,9139,330,2089657,96821,
1991:Q4,RemainingTop1,3443149,731428,561830,169597,2711722,330468,93286,305136,253690,51446,102388,78845,23543,739697,27124,20944,94477,234251,748658,15291,131799,130737,93527,11006,280,25925,1062,3311350,854164,
1991:Q4,Next9,9027110,2519373,2058698,460675,6507736,1130572,176882,443416,378649,64767,173026,97891,75135,1056178,137915,197237,395796,1678845,1050638,67232,649830,644637,516792,69413,476,57957,5193,8377280,8528786,
1991:Q4,Next40,10013401,4400617,3488489,912128,5612784,1247809,104501,167157,134894,32262,53333,29203,24131,532276,201158,193305,334733,2054931,598913,124667,1691636,1684042,1316127,322005,445,45465,7594,8321764,38113958,
1991:Q4,Bottom50,2013983,1424943,977142,447801,589040,177422,6701,15102,13728,1374,3218,1485,1733,40415,49498,13841,50489,137539,45592,49223,1160193,1158310,722918,407532,420,27440,1883,853790,47595895,
1992:Q1,TopPt1,2102370,381764,256799,124965,1720606,107182,66633,284525,224504,60020,111260,94525,16735,475223,11111,911,13450,41037,604106,5167,33370,33058,19886,3871,193,9109,312,2069000,96482,
1992:Q1,RemainingTop1,3446726,744950,576508,168442,2701776,299970,98235,318143,260385,57758,117049,92607,24441,718657,26276,21709,94768,246071,745508,15390,133634,132649,94173,11129,319,27028,985,3313092,856785,
1992:Q1,Next9,9011427,2539684,2083020,456664,6471743,1088338,184556,453108,384759,68349,154986,82521,72466,1032395,141488,197609,398519,1706500,1045981,68262,671768,666543,541082,67229,553,57678,5225,8339659,8550846,
1992:Q1,Next40,10067344,4423277,3497018,926259,5644067,1207485,107036,172478,135828,36650,47696,24201,23495,536765,205329,197896,332479,2115222,595261,126421,1692779,1685167,1332233,307928,506,44500,7611,8374565,38210425,
1992:Q1,Bottom50,2023311,1437074,981200,455874,586237,170394,6791,15461,13941,1520,3216,1509,1707,40646,50183,13789,50297,138945,46250,50265,1151477,1149605,720902,403196,518,24990,1872,871834,47716963,
1992:Q2,TopPt1,2089160,388135,268087,120048,1701025,102989,62028,272302,220091,52211,112370,94669,17702,477557,10590,842,12450,40738,603908,5253,33111,32813,20932,2373,253,9254,297,2056050,96221,
1992:Q2,RemainingTop1,3428352,756832,589058,167774,2671519,286138,94403,319205,256330,62874,126553,101212,25341,712931,24807,22619,96644,228970,743737,15512,137244,136321,95275,11658,397,28992,923,3291108,859308,
1992:Q2,Next9,9086376,2553389,2096706,456683,6532987,1079737,178238,445857,374985,70872,152237,82523,69714,1030509,144164,202550,407739,1778453,1044088,69413,695721,690450,560777,68232,700,60741,5271,8390655,8573583,
1992:Q2,Next40,10167959,4455113,3511808,943305,5712846,1207801,103316,171929,132156,39773,46542,23709,22833,548198,208752,203879,338025,2163746,592208,128449,1702414,1694778,1345180,303240,626,45733,7636,8465545,38306523,
1992:Q2,Bottom50,2041225,1447806,982394,465411,593419,170080,6296,15575,13967,1608,3340,1662,1678,41648,50701,13761,51056,142627,46904,51432,1153954,1152091,719080,406829,698,25484,1863,887271,47838438,
1992:Q3,TopPt1,2113776,378933,281274,97659,1734842,101615,60176,270076,229621,40456,111749,93060,18689,512045,10647,811,11708,40476,610192,5347,32087,31800,21472,860,157,9311,287,2081689,96033,9249530
1992:Q3,RemainingTop1,3455263,760124,590069,170055,2695139,275374,92734,328512,264107,64405,138943,112691,26252,738991,24453,23487,100293,211633,745078,15642,142335,141457,98294,12457,226,30480,878,3312928,861743,2640237
1992:Q3,Next9,9221581,2549012,2076497,472515,6672570,1077592,175391,453414,382556,70858,144705,77794,66911,1073705,148556,206186,424189,1850172,1048046,70613,716067,710736,577951,70424,412,61948,5331,8505514,8596952,562675
1992:Q3,Next40,10339435,4523634,3564037,959598,5815801,1215915,101132,172801,133417,39384,43896,21739,22157,573610,213577,209472,352388,2211896,590533,130580,1720959,1713289,1365308,301893,355,45734,7669,8618477,38402371,79609
1992:Q3,Bottom50,2129059,1524009,1052111,471897,605050,171054,5947,15752,14203,1549,3447,1801,1647,44226,51532,13727,52881,146304,47532,52647,1175777,1173920,732854,416299,443,24324,1858,953281,47960383,
1992:Q4,TopPt1,2244083,383306,280389,102917,1860778,111918,55425,281353,236214,45139,140304,121723,18581,601019,11942,714,12342,37499,602727,5533,32036,31722,21158,888,220,9456,314,2212047,95916,
1992:Q4,RemainingTop1,3590969,762723,591714,171010,2828246,285136,91418,329287,263697,65589,125355,99415,25940,858533,27720,23433,106174,205450,759615,16124,144295,143336,100877,12312,328,29819,959,3446674,864098,
1992:Q4,Next9,9413162,2565059,2090116,474943,6848103,1079401,170397,443820,370876,72944,135042,69964,65077,1194809,145995,221648,429071,1927170,1030121,70627,715489,710289,579533,71092,569,59095,5199,8697673,8620908,
1992:Q4,Next40,10491769,4569506,3607461,962045,5922263,1224688,97238,173118,134977,38141,42106,19998,22107,608689,218307,214885,366876,2254789,589110,132458,1741896,1734155,1378090,309387,547,46130,7741,8749873,38498104,
1992:Q4,Bottom50,2190041,1565077,1082524,482554,624964,172886,5785,16425,14924,1501,3548,1804,1744,49295,53377,13774,59631,147309,48704,54232,1222860,1220964,761244,431089,648,27983,1896,967181,48082881,
1993:Q1,TopPt1,2350493,408762,275281,133481,1941731,109326,56814,295611,236769,58843,169974,151469,18505,629093,13193,789,13317,34774,613139,5701,31572,31227,20736,405,359,9727,344,2318921,95868,
1993:Q1,RemainingTop1,3675857,775370,608253,167117,2900487,279637,95229,334194,258338,75856,109114,83462,25651,916554,30900,23181,114251,196667,784194,16566,145482,144430,102698,11405,557,29770,1052,3530375,866384,
1993:Q1,Next9,9528942,2604359,2154141,450218,6924582,1050366,173592,433543,352806,80737,138769,75448,63321,1229313,143273,230945,443385,1982081,1028849,70467,705607,700532,575329,65645,914,58644,5075,8823335,8645404,
1993:Q1,Next40,10535301,4559560,3598473,961086,5975742,1196026,96977,179898,134392,45506,44219,22128,22091,617586,222933,218432,392424,2281420,591909,133918,1734768,1726949,1379111,298728,984,48126,7819,8800533,38593920,
1993:Q1,Bottom50,2165309,1528668,1033957,494711,636641,168548,5956,17309,15502,1807,3749,1900,1849,51389,55202,13793,67606,147672,49780,55636,1244757,1242820,776830,431080,1101,33809,1938,920552,48206070,
1993:Q2,TopPt1,2403169,406662,270878,135784,1996508,115003,53682,300287,231184,69103,196987,178551,18436,640354,14564,853,13852,32083,622988,5857,31216,30842,20392,245,322,9882,375,2371953,95889,
1993:Q2,RemainingTop1,3728801,777593,608772,168821,2951207,283743,95162,329409,248102,81307,95670,70320,25349,957125,34318,22944,119378,187852,808626,16981,147505,146360,105714,11059,511,29075,1146,3581295,868612,
1993:Q2,Next9,9583141,2615354,2157474,457880,6967786,1040551,170617,414257,329133,85124,141461,79941,61521,1239528,140877,240680,446339,2037304,1025987,70185,703273,698323,577453,64389,799,55682,4950,8879868,8670393,
1993:Q2,Next40,10657122,4636321,3669052,967269,6020802,1190730,93967,179775,131494,48281,45967,23903,22065,619208,227857,222129,403669,2308165,594248,135088,1752816,1744918,1394907,300569,955,48487,7898,8904306,38690033,
1993:Q2,Bottom50,2229417,1580603,1073911,506692,648814,168071,5876,17787,15861,1927,3946,1992,1953,52647,57099,13817,73736,148041,50879,56915,1292771,1290792,809880,442399,1031,37482,1979,936646,48330106,
1993:Q3,TopPt1,2485346,402241,267331,134911,2083105,122439,52149,308126,226078,82048,215424,197047,18377,680260,15998,838,14467,29409,637947,6048,30879,30473,19681,211,367,10214,406,2454468,95978,
1993:Q3,RemainingTop1,3824367,777049,605932,171116,3047318,289798,96415,326905,238461,88444,89399,64362,25037,1026643,37852,22799,124972,179137,835943,17454,151596,150356,109525,10967,601,29263,1240,3672771,870792,
1993:Q3,Next9,9674640,2619196,2150622,468573,7055444,1034465,169744,397396,307327,90069,129063,69375,59688,1289982,138623,253402,451620,2093910,1027095,70144,701656,696833,574848,64913,887,56185,4823,8972984,8695828,
1993:Q3,Next40,10814497,4727950,3754403,973547,6086547,1190021,91875,181429,128592,52837,43192,21160,22033,632776,232931,226742,417425,2335827,597480,136848,1776587,1768609,1408583,307709,1183,51135,7977,9037911,38786659,
1993:Q3,Bottom50,2299293,1635650,1117732,517919,663643,168358,5882,18251,16129,2122,4027,1969,2058,55294,59035,13855,80082,148446,51950,58464,1352232,1350211,845895,458869,1224,44223,2021,947061,48455142,
1993:Q4,TopPt1,2597214,408640,264306,144334,2188574,127990,53846,335295,233784,101511,234607,216274,18332,720358,17458,1009,14929,26781,650112,6190,31076,30639,19267,501,364,10507,437,2566138,96133,
1993:Q4,RemainingTop1,3937161,782224,610461,171763,3154937,293500,100452,339864,239398,100466,81940,57216,24724,1096048,41426,22444,129462,170060,861911,17830,154659,153322,112347,11163,613,29199,1337,3782502,872937,
1993:Q4,Next9,9787238,2641218,2170034,471184,7146020,1023498,173243,395915,299335,96580,122707,64862,57845,1340159,136395,259249,452872,2147953,1024350,69680,703951,699255,574084,68610,853,55707,4696,9083287,8721661,
1993:Q4,Next40,10951179,4802066,3819293,982773,6149112,1183446,91675,193413,130464,62949,42180,20177,22004,646191,238059,229299,426030,2361518,599707,137593,1806430,1798373,1419489,324462,1271,53151,8057,9144748,38884012,
1993:Q4,Bottom50,2351950,1674841,1142647,532194,677109,167681,6067,19316,16766,2550,4152,1989,2164,57933,60987,13866,85706,148774,53064,59564,1409396,1407332,874488,481432,1268,50144,2064,942554,48581335,
1994:Q1,TopPt1,2645962,422980,258221,164759,2222983,131787,56685,371123,257971,113152,252605,234289,18316,675716,18546,1209,15210,24159,669570,6372,30281,29810,18489,135,489,10698,470,2615682,96355,
1994:Q1,RemainingTop1,3973104,792410,622374,170036,3180694,294999,105472,357421,252903,104517,75171,50739,24432,1077540,44231,22062,132648,161078,891802,18272,157145,155706,115703,10582,863,28558,1439,3815959,875056,
1994:Q1,Next9,9797590,2673148,2213691,459457,7124442,1007984,178235,405263,305974,99289,117022,60958,56063,1269174,132972,264056,449303,2203287,1027651,69494,691402,686831,567567,65159,1118,52987,4571,9106188,8747845,
1994:Q1,Next40,11016150,4852154,3865238,986915,6163997,1171421,92078,202673,138278,64394,41351,19345,22006,623691,242243,231558,428604,2388095,603265,139020,1809053,1800912,1425540,319778,1873,53721,8140,9207097,38982306,
1994:Q1,Bottom50,2352819,1667836,1122845,544991,684983,166107,6314,20573,17953,2619,4287,2010,2277,56381,62732,13875,90487,149137,54118,60973,1448948,1446840,902655,488223,1784,54179,2108,903871,48708837,
1994:Q2,TopPt1,2702818,426541,253062,173479,2276277,133288,54526,412975,287478,125497,266481,248182,18299,650369,19731,1518,15841,21560,693451,6537,30646,30141,18287,320,625,10908,505,2672172,96642,
1994:Q2,RemainingTop1,4025689,798193,627419,170774,3227496,293665,106133,377667,269165,108502,70644,46527,24117,1077965,47207,21557,138105,151886,923995,18673,159470,157924,118206,10591,1163,27964,1546,3866219,877161,
1994:Q2,Next9,9815022,2693842,2231873,461968,7121180,986697,176395,416261,314467,101794,106749,52550,54199,1224917,129769,264699,455101,2257331,1034138,69123,693229,688781,569435,67500,1393,50454,4448,9121793,8774332,
1994:Q2,Next40,11121878,4936001,3940755,995246,6185877,1152461,89523,213164,147431,65733,39129,17145,21984,609017,246646,232562,442264,2413672,607429,140012,1836206,1827981,1438299,332614,2633,54434,8226,9285672,39081755,
1994:Q2,Bottom50,2389030,1695500,1137353,558147,693530,163385,6281,21969,19283,2685,4376,1989,2387,55739,64532,13867,96597,149460,55131,62193,1501418,1499265,930889,507555,2393,58429,2153,887612,48837805,
1994:Q3,TopPt1,2775884,421056,247691,173365,2354829,141271,56476,434089,298695,135393,280254,261961,18293,665245,22131,1686,16685,18948,711285,6759,30870,30331,18010,586,645,11090,540,2745014,96993,
1994:Q3,RemainingTop1,4106230,795094,621824,173270,3311136,299782,110361,381393,271563,109829,65923,42128,23796,1119692,52593,21220,144934,142910,953158,19171,161733,160083,120957,10718,1242,27166,1650,3944497,879264,
1994:Q3,Next9,9881061,2690947,2216830,474116,7190114,979926,180082,410194,306894,103300,98714,46407,52306,1237450,130166,270729,466572,2313644,1033474,69163,694123,689802,570499,70811,1378,47115,4320,9186938,8801075,
1994:Q3,Next40,11271540,5023422,4018231,1005190,6248119,1151290,89309,214091,150183,63908,37555,15594,21960,611308,254043,235224,462546,2440904,609842,142007,1865592,1857282,1451324,348370,2941,54647,8310,9405949,39182575,
1994:Q3,Bottom50,2468302,1759637,1189064,570572,708665,163615,6476,22679,20059,2620,4480,1983,2497,57072,67004,13885,103512,149850,56225,63866,1557059,1554862,960756,529469,2584,62053,2197,911243,48968393,
1994:Q4,TopPt1,2870197,421776,243277,178498,2448421,148732,61236,500413,346562,153851,293640,275380,18261,649736,23221,2058,16739,16365,729324,6957,31848,31272,17870,1162,777,11463,575,2838349,97408,
1994:Q4,RemainingTop1,4180449,794861,620342,174519,3385588,305113,117013,415342,297876,117466,61238,37825,23412,1129028,55316,20653,146296,133450,982524,19616,165189,163432,123355,11151,1584,27341,1757,4015261,881374,
1994:Q4,Next9,9899240,2693758,2215291,478467,7205483,971341,187461,429575,323091,106484,91727,41515,50212,1206081,126504,268956,456729,2366365,1031783,68961,703411,699219,572749,77268,1604,47598,4192,9195830,8828027,
1994:Q4,Next40,11341606,5060988,4049746,1011242,6280618,1148043,90611,233676,164109,69567,36261,14396,21865,600461,258151,235501,457075,2465470,611933,143437,1907310,1898914,1464117,373557,3896,57344,8396,9434297,39284980,
1994:Q4,Bottom50,2533467,1814550,1233141,581410,718917,163505,6826,24734,21864,2870,4579,1985,2595,56866,68747,13868,107037,150132,57333,65291,1620861,1618619,988352,558030,3274,68963,2242,912606,49100754,
1995:Q1,TopPt1,2974886,424494,236979,187515,2550393,159781,65928,502749,336113,166636,307678,289392,18286,704794,25073,2167,17881,13711,743382,7249,31226,30611,17277,889,831,11614,615,2943660,97885,
1995:Q1,RemainingTop1,4297819,795966,620558,175408,3501853,314420,123561,405365,285517,119848,56410,33311,23099,1211927,59527,20396,154978,124947,1010103,20220,166754,164877,126218,10612,1778,26270,1877,4131065,883504,
1995:Q1,Next9,10033612,2699051,2217362,481689,7334560,970245,194605,408214,300241,107972,86930,38613,48317,1274472,125046,277384,475839,2427462,1024927,69439,690650,686578,567133,74623,1636,43186,4072,9342961,8855141,
1995:Q1,Next40,11474202,5099342,4078138,1021204,6374860,1154076,91757,229032,160111,68922,35633,13775,21858,619482,264111,238947,486208,2496279,612813,146521,1910488,1902000,1468881,371665,4545,56910,8488,9563713,39389184,
1995:Q1,Bottom50,2595438,1857046,1262167,594880,738392,164942,7167,24916,22060,2856,4713,2002,2711,60159,70907,13901,115044,150670,58514,67459,1657457,1655166,1012927,566758,3686,71795,2290,937981,49235046,
1995:Q2,TopPt1,3082513,412314,231752,180562,2670199,173186,72920,510802,339531,171271,319868,301549,18319,764860,27310,2043,18995,13138,759530,7547,31100,30444,16573,1058,954,11859,656,3051414,98423,
1995:Q2,RemainingTop1,4442957,788258,609502,178756,3654698,326207,132011,397531,282160,115370,52388,29608,22779,1299376,64457,20408,163369,139234,1038891,20826,170601,168600,130044,10727,2179,25649,2002,4272355,885664,
1995:Q2,Next9,10104836,2673955,2177279,496676,7430882,973621,204590,394519,286733,107786,80863,34476,46387,1348777,124634,295005,493865,2426252,1018844,69911,686612,682659,563044,77280,1797,40538,3953,9418224,8882369,
1995:Q2,Next40,11690523,5173180,4147407,1025772,6517344,1165737,94022,219895,160172,59723,34616,12768,21848,640134,270972,245246,513928,2569384,613804,149608,1938168,1929585,1480734,385460,5758,57632,8583,9752356,39495402,
1995:Q2,Bottom50,2706927,1944933,1342368,602565,761994,167324,7629,25069,22586,2484,4832,2005,2827,63662,73272,13978,122867,154035,59690,69634,1720026,1717687,1048440,588601,4474,76172,2339,986901,49371421,
1995:Q3,TopPt1,3222726,403216,223821,179396,2819509,180864,75884,534390,344583,189807,330993,312627,18365,842685,28837,2084,20415,12570,783133,7654,31743,31045,16318,1397,1050,12280,698,3190982,99023,13228498
1995:Q3,RemainingTop1,4601176,771164,590206,180958,3830012,331160,136993,400866,279852,121014,48794,26334,22460,1404432,67925,20236,173728,153511,1071282,21084,174531,172402,132999,10915,2563,25925,2128,4426645,887866,2741679
1995:Q3,Next9,10153529,2618559,2113354,505205,7534970,963354,209196,384364,274537,109827,74565,30126,44439,1446674,121964,306356,519578,2421308,1018760,68852,692985,689151,564573,81289,1874,41416,3833,9460545,8909663,624644
1995:Q3,Next40,11762447,5099704,4070592,1029112,6662743,1160931,94025,223602,160667,62934,33522,11680,21842,667593,276031,249635,550798,2641600,615980,149027,1975320,1966642,1495583,403443,6992,60624,8678,9787127,39603848,83069
1995:Q3,Bottom50,2808554,2025517,1415165,610352,783037,166970,7869,25768,23134,2634,4948,2002,2946,67992,75239,14027,131916,157360,60775,70172,1784551,1782162,1080864,612555,5219,83524,2389,1024003,49510034,
1995:Q4,TopPt1,3331800,404906,226613,178293,2926893,180403,77822,548862,341994,206869,334943,317603,17340,922699,28034,2107,22080,13795,788426,7723,34930,34249,16448,2083,1536,14182,681,3296870,99680,
1995:Q4,RemainingTop1,4724394,786874,605354,181520,3937520,330677,142371,415663,282264,133399,52479,29845,22635,1472343,66473,21721,184079,162008,1068510,21196,179887,177776,136191,11760,3396,26429,2111,4544507,890117,
1995:Q4,Next9,10445883,2657813,2145385,512428,7788070,961909,219675,394610,277280,117330,83762,40232,43531,1570778,127919,312080,533415,2465831,1048024,70066,714042,710057,571953,91820,2761,43523,3985,9731841,8936980,
1995:Q4,Next40,12000021,5151690,4107250,1044440,6848331,1179608,101884,238876,159279,79597,35998,14161,21837,726000,282261,251141,589970,2663947,627906,150741,2020768,2012002,1516536,426384,9985,59096,8766,9979253,39714657,
1995:Q4,Bottom50,2820511,2017271,1404646,612625,803240,170260,7989,25729,22284,3446,4890,1999,2891,73934,75518,14043,135935,160778,63665,70499,1802831,1800452,1079379,636113,6752,78208,2378,1017680,49650966,
1996:Q1,TopPt1,3368516,409331,228264,181067,2959185,185046,86899,529598,320497,209101,333027,316738,16289,961639,26610,2121,23752,15072,787696,7725,36956,36295,16755,1780,1246,16514,662,3331559,100385,
1996:Q1,RemainingTop1,4793025,805354,623622,181731,3987672,335978,153492,406541,272100,134441,58358,35558,22800,1497776,63794,23213,194243,170215,1062878,21184,184814,182725,139937,11555,2118,29115,2088,4608212,892418,
1996:Q1,Next9,10681273,2709180,2190671,518509,7972093,971848,239072,391559,268891,122668,88256,45692,42564,1636291,132056,318211,545469,2507532,1071058,70742,737555,733421,585149,92021,2017,54234,4134,9943718,8964281,
1996:Q1,Next40,12231403,5226287,4162734,1063552,7005116,1211750,113589,233625,151901,81724,36993,15177,21816,767067,287024,252810,628355,2684200,638540,151162,2046251,2037398,1548185,419085,7082,63047,8852,10185152,39827644,
1996:Q1,Bottom50,2824480,2002954,1385371,617584,821525,175772,8467,24486,20843,3643,4762,1931,2832,77819,75462,14063,139661,164136,66652,70244,1813719,1811352,1088833,637766,4750,80003,2367,1010760,49794001,
1996:Q2,TopPt1,3415121,403569,230286,173283,3011552,181554,78367,553240,337084,216156,323144,307933,15211,1006778,25601,2173,25119,16382,791457,7736,40722,40078,17585,2153,1781,18559,644,3374399,101124,
1996:Q2,RemainingTop1,4870467,817027,633816,183211,4053440,331919,150513,425874,286839,139035,67963,45005,22958,1529506,61946,24658,202191,178428,1059255,21187,189098,187027,142301,11938,2779,30010,2071,4681369,894767,
1996:Q2,Next9,10869922,2738429,2208571,529858,8131493,963492,236971,411145,282475,128670,83723,42175,41547,1709519,137489,322930,547711,2548860,1098173,71479,767080,762791,603241,98737,2907,57906,4288,10102842,8991534,
1996:Q2,Next40,12449032,5311966,4236368,1075598,7137065,1221049,116652,244846,156502,88345,35242,13461,21781,810295,292865,254083,656105,2704141,650054,151733,2091974,2083032,1579326,431277,9971,62458,8942,10357057,39942545,
1996:Q2,Bottom50,2844011,2008632,1391767,616866,835379,177479,8032,24645,20616,4028,4535,1767,2768,81966,75641,14079,141873,167505,69571,70053,1826547,1824190,1089755,652473,6112,75850,2357,1017465,49938845,
1996:Q3,TopPt1,3411424,405292,235877,169415,3006132,181265,78635,553188,345970,207218,314363,300255,14109,1005039,25301,2264,26723,17729,793817,7808,44361,43735,18491,2512,2095,20637,625,3367063,101884,
1996:Q3,RemainingTop1,4900729,833288,648918,184370,4067441,331520,154682,428194,296558,131635,77645,54524,23121,1513451,61495,26054,211520,186581,1055005,21295,192733,190682,144632,12299,2881,30870,2051,4707996,897161,
1996:Q3,Next9,11023615,2782545,2242236,540309,8241070,962339,245928,423494,291585,131909,81234,40725,40509,1716777,145081,326204,554312,2589245,1123783,72674,797011,792570,622522,105245,3357,61447,4441,10226604,9018705,
1996:Q3,Next40,12626321,5373607,4281669,1091938,7252713,1238752,124433,238130,158543,79587,34047,12301,21746,833479,300488,254945,690406,2723346,661284,153405,2137022,2127990,1612000,442969,11269,61753,9031,10489299,40059096,
1996:Q3,Bottom50,2867881,2018535,1399392,619143,849346,180569,8044,23845,20090,3755,4315,1611,2703,83761,76211,14091,144775,170869,72515,70351,1838873,1836527,1091718,666822,6480,71507,2346,1029008,50085208,
1996:Q4,TopPt1,3517140,416626,239505,177121,3100515,178509,81246,559981,355773,204208,320242,307257,12985,1062760,25101,3094,30462,19186,812073,7860,47340,46734,19077,2995,1801,22861,606,3469800,102653,
1996:Q4,RemainingTop1,5012822,854937,671628,183309,4157886,328310,160710,435711,306996,128715,79690,56393,23298,1558187,61248,26482,234403,193627,1058151,21367,196732,194702,147461,12866,1981,32395,2030,4816091,899597,
1996:Q4,Next9,11335149,2849270,2310644,538626,8485879,955608,257843,437156,301301,135855,103459,63983,39476,1806204,153022,300214,614488,2619879,1164293,73712,825286,820692,637095,113288,2698,67612,4594,10509863,9045759,
1996:Q4,Next40,12840463,5386822,4280200,1106623,7453640,1249168,133600,237339,160763,76576,40083,18361,21722,881383,308414,246641,791257,2735356,675696,154703,2181013,2171893,1641004,459312,8860,62716,9120,10659450,40177032,
1996:Q4,Bottom50,2882144,2009379,1387128,622251,872765,182446,8165,23259,19536,3723,4280,1641,2639,88468,76841,13957,155697,173973,75200,70479,1856096,1853761,1093994,685417,5023,69328,2335,1026048,50232798,
1997:Q1,TopPt1,3492370,422925,243417,179508,3069445,177106,86950,504179,326875,177304,305718,293902,11817,1071761,24386,3092,31515,20576,836233,7930,50662,50087,19816,2612,2569,25090,575,3441708,103419,
1997:Q1,RemainingTop1,5029832,872049,688593,183456,4157783,326689,169048,399665,291118,108548,93139,69686,23453,1553703,60021,27970,239824,202030,1064222,21471,200193,198232,149436,12324,2694,33778,1961,4829639,902073,
1997:Q1,Next9,11484644,2897811,2353957,543855,8586833,952024,273401,421430,287795,133635,95533,57185,38348,1827679,159521,307223,603562,2661415,1210154,74890,844537,839826,651164,111513,3925,73225,4711,10640108,9072663,
1997:Q1,Next40,12955185,5424466,4300329,1124137,7530719,1263062,144414,204266,151481,52785,37126,15461,21665,908416,315181,248717,806586,2755281,691332,156336,2197236,2188047,1665040,447010,12698,63300,9189,10757949,40296088,
1997:Q1,Bottom50,2885412,2003381,1377293,626088,882031,184890,8426,20918,18136,2783,3975,1409,2567,90735,77206,13990,155929,177416,77793,70753,1844216,1841899,1087994,680717,6566,66623,2316,1041196,50381324,
1997:Q2,TopPt1,3699311,417869,247200,170668,3281443,176643,78082,503298,321011,182286,299527,288869,10657,1280709,24312,2559,35331,21913,851065,8003,54375,53830,20579,2822,3021,27408,545,3644936,104168,
1997:Q2,RemainingTop1,5285204,886015,701166,184849,4399189,326208,166657,402296,290697,111599,101653,77956,23697,1750208,60055,30180,262652,211510,1066186,21584,204768,202874,151917,12535,2869,35554,1894,5080436,904587,
1997:Q2,Next9,12011322,2930617,2376538,554079,9080705,950726,272580,426776,287860,138916,105097,67675,37422,2124628,167971,335251,662808,2711541,1247222,76105,873926,869096,667742,116392,4584,80378,4830,11137396,9099382,
1997:Q2,Next40,13334749,5507045,4373308,1133737,7827704,1279422,148742,206139,149104,57035,39266,17559,21707,1020069,323558,257448,908393,2781433,705176,158058,2238198,2228939,1695107,454351,14614,64867,9259,11096550,40416000,
1997:Q2,Bottom50,2934620,2020589,1396956,623632,914031,187730,7983,20343,17289,3054,3802,1290,2512,102893,77923,14134,166490,181127,80542,71064,1855757,1853459,1089242,691938,7083,65196,2297,1078863,50530494,
1997:Q3,TopPt1,3831989,415825,252788,163037,3416164,177275,79704,502788,312977,189811,286968,277495,9474,1402640,24173,2222,38657,23295,870311,8131,57056,56542,21698,3061,1940,29843,514,3774934,104887,
1997:Q3,RemainingTop1,5463878,899342,712809,186534,4564536,327064,172138,405093,288620,116473,114670,90693,23977,1858335,59984,32131,282170,220664,1070491,21797,208665,206836,154736,12831,1329,37939,1829,5255213,907135,
1997:Q3,Next9,12408754,2970294,2403423,566871,9438461,952140,283938,431314,286391,144924,105978,69432,36546,2300498,176306,355305,708311,2758442,1288477,77752,912078,907127,692782,121742,2686,89917,4951,11496677,9125883,
1997:Q3,Next40,13646803,5571082,4422095,1148987,8075721,1298831,158189,209489,146086,63403,38759,16975,21784,1094688,331858,263612,994312,2805150,720010,160823,2287311,2277980,1738342,463267,8387,67984,9331,11359492,40536504,
1997:Q3,Bottom50,2987574,2046770,1422204,624566,940804,191063,8039,19840,16423,3418,3544,1082,2462,110716,78615,14232,174927,184764,83225,71838,1878907,1876628,1101722,704904,4197,65805,2279,1108667,50680017,
1997:Q4,TopPt1,3924238,431721,257407,174314,3492517,179965,81868,511939,330788,181151,278163,269937,8227,1433576,22946,2492,39686,24780,908998,8104,62213,61731,22887,3588,3172,32084,483,3862025,105564,
1997:Q4,RemainingTop1,5564302,926536,741507,185029,4637766,330381,178054,415424,305557,109867,123952,99742,24210,1876784,57867,33272,287224,228709,1084349,21750,211888,210122,155706,13180,2210,39025,1766,5352414,909716,
1997:Q4,Next9,12675660,3052809,2489641,563168,9622851,958573,296046,448211,302011,146200,119988,84490,35497,2352070,181579,351639,693203,2795463,1347813,78267,945007,939932,711743,129271,4556,94361,5075,11730653,9152131,
1997:Q4,Next40,13811566,5609264,4443200,1166064,8202302,1324243,168091,207248,151097,56152,41979,20183,21796,1131586,337681,262462,1007698,2821529,738923,160862,2333383,2323979,1764105,478021,14106,67747,9404,11478183,40657334,
1997:Q4,Bottom50,2980738,2027921,1398535,629386,952818,195370,8115,19238,16059,3179,3340,942,2398,114109,78746,14220,174538,188138,85612,71390,1882577,1880317,1091918,720104,6348,61947,2260,1098161,50829602,
1998:Q1,TopPt1,4172072,431963,262543,169420,3740109,176056,93120,505778,310720,195058,268594,261659,6935,1680419,22188,2004,43809,26017,913989,8135,65866,65426,24174,3240,3589,34423,440,4106206,106187,
1998:Q1,RemainingTop1,5864258,946032,759863,186168,4918227,326279,190327,414030,294702,119328,132059,107622,24437,2107199,56685,35443,311561,240169,1082662,21812,214237,212580,157058,12603,2253,40666,1656,5650022,912327,
1998:Q1,Next9,13304499,3111992,2539069,572923,10192508,949960,317940,446863,292611,154252,139943,105562,34381,2697539,188312,377427,757990,2860855,1376429,79250,973030,967867,734278,127494,5124,100971,5163,12331470,9178093,
1998:Q1,Next40,14236717,5701490,4520450,1181041,8535227,1330458,182000,212336,144558,67778,46825,25034,21791,1258101,344712,270415,1118486,2858672,751194,162028,2356830,2347374,1796708,466066,15687,68913,9456,11879887,40778228,
1998:Q1,Bottom50,3034778,2048255,1417745,630510,986523,196520,8604,18808,15032,3776,3139,811,2328,128009,79140,14346,185642,192338,88534,71443,1872701,1870467,1089225,714640,6675,59927,2234,1162077,50978956,
1998:Q2,TopPt1,4253738,438449,270358,168091,3815289,172447,90040,542729,326670,216059,252850,247247,5603,1716152,21315,1747,44991,28547,936365,8104,69404,68977,25050,3683,3454,36791,427,4184334,106741,
1998:Q2,RemainingTop1,5996890,974028,787144,186885,5022861,322656,192664,444915,310980,133935,144818,120147,24671,2131903,55325,37307,317678,264114,1089703,21778,219328,217653,160199,13172,1799,42484,1675,5777562,914965,
1998:Q2,Next9,13609042,3195930,2615095,580835,10413112,942259,324717,471856,307657,164198,152282,119053,33230,2757117,194817,394131,745592,2929031,1421491,79819,1009444,1004093,755861,135179,4789,108264,5351,12599598,9203735,
1998:Q2,Next40,14512385,5835605,4637226,1198379,8676780,1337439,190072,234987,149121,85866,49283,27499,21784,1297991,351573,275553,1137041,2873435,767212,162195,2413726,2404158,1837120,482047,14477,70514,9568,12098659,40898920,
1998:Q2,Bottom50,3058715,2061741,1428223,633518,996974,197792,8428,19250,14589,4661,2848,593,2255,131729,79488,14428,185648,195121,91195,71047,1901841,1899612,1101472,733664,6011,58464,2229,1156873,51127788,
1998:Q3,TopPt1,4031630,428279,283414,144865,3603351,169659,104435,568559,360293,208266,241288,237042,4246,1471376,19352,2232,43199,31167,943935,8150,73288,72947,26062,3998,3912,38975,341,3958342,107216,14862081
1998:Q3,RemainingTop1,5808959,985228,793672,191556,4823731,320129,206980,468886,340768,128118,149190,124239,24952,1884494,51944,38155,305666,286212,1090190,21886,222801,221410,162924,13539,1842,43105,1390,5586158,917629,3745507
1998:Q3,Next9,13397731,3234417,2624833,609584,10163314,936753,349802,500695,334589,166106,186789,154647,32142,2437428,198304,382244,653410,2983222,1453666,81001,1041591,1036286,778717,141281,5415,110873,5305,12356139,9229022,731120
1998:Q3,Next40,14544424,5963365,4746546,1216820,8581059,1346847,205403,237529,158474,79055,58202,36381,21821,1220452,355990,271997,1061741,2878588,780474,163837,2465349,2455807,1877197,493400,16217,68993,9541,12079075,41019145,95836
1998:Q3,Bottom50,3137355,2154697,1520792,633906,982658,199458,9043,18604,14164,4440,2682,494,2188,121761,79282,14388,174515,197524,94095,71307,1921109,1918937,1111256,748499,6372,52809,2173,1216246,51275807,
1998:Q4,TopPt1,4349789,456949,298227,158723,3892840,186412,120369,531838,350119,181719,242454,237298,5156,1759714,22053,1533,46786,31288,942163,8230,70000,69764,25244,3917,4338,36266,236,4279789,107601,
1998:Q4,RemainingTop1,6270873,1042588,837783,204806,5228284,332638,223131,453331,342578,110754,157622,132544,25078,2197625,57238,39536,332359,302582,1109796,22425,232751,231787,169884,14236,2622,45044,964,6038122,920317,
1998:Q4,Next9,14245621,3355415,2759014,596401,10890206,974728,365861,488567,332362,156205,174963,141872,33090,2924146,204764,409466,788836,3026678,1450798,81400,1058411,1053495,792157,141166,6699,113473,4916,13187210,9253964,
1998:Q4,Next40,15031711,6016323,4786935,1229388,9015388,1381234,214115,219689,157825,61864,55201,33683,21518,1393435,368688,285755,1199586,2943228,790820,163637,2539014,2529620,1926244,513643,18333,71400,9394,12492697,41138805,
1998:Q4,Bottom50,3177819,2155297,1510851,644446,1022522,206912,10119,17414,13735,3679,2474,394,2080,136654,81983,14562,192536,197456,91409,71003,1963509,1961403,1135062,768309,7334,50697,2106,1214310,51422933,
1999:Q1,TopPt1,4280818,457718,308154,149563,3823100,187136,135627,511947,317088,194859,243821,237759,6062,1721165,22686,1452,46824,31515,912632,8294,65302,64953,24167,3250,3976,33560,349,4215515,107904,
1999:Q1,RemainingTop1,6340660,1079099,857419,221679,5261561,326900,239101,446018,324838,121180,165024,139773,25251,2192122,58651,40064,337289,317391,1116051,22951,242622,241176,176941,14298,2709,47228,1446,6098038,923042,
1999:Q1,Next9,14377202,3409448,2807453,601995,10967754,975274,382093,473732,313349,160382,165179,131051,34128,2964309,205334,412885,828012,3055958,1423248,81731,1065015,1059783,801426,134737,6621,116999,5233,13312187,9278746,
1999:Q1,Next40,15231330,6084122,4845625,1238497,9147208,1367974,223020,226415,149849,76565,52785,31513,21273,1427442,376635,292289,1224443,2997529,795405,163272,2586780,2577112,1970048,516103,16536,74425,9668,12644550,41258461,
1999:Q1,Bottom50,3245597,2220221,1570685,649536,1025376,206581,11166,17490,13129,4361,2292,308,1984,135599,83621,14635,197234,196969,89165,70624,1987685,1985487,1155055,774010,7027,49394,2198,1257912,51569936,
1999:Q2,TopPt1,4408662,473135,318564,154571,3935527,186064,127084,475236,292882,182354,245932,239008,6924,1850908,24142,1069,47725,31676,937316,8376,61556,61202,23112,2947,4019,31124,354,4347106,108135,
1999:Q2,RemainingTop1,6592926,1130127,893557,236570,5462799,319264,238344,425614,311957,113658,170775,145412,25364,2353366,61657,41003,347663,332889,1148706,23519,255176,253697,184539,14846,3214,51099,1479,6337751,925818,
1999:Q2,Next9,14843955,3508378,2909349,599029,11335576,971882,373081,453740,298929,154811,158509,123524,34986,3235810,208302,427726,887516,3090552,1446227,82232,1085794,1080595,813708,132466,7323,127098,5199,13758161,9303593,
1999:Q2,Next40,15584925,6218127,4963987,1254141,9366797,1349732,221808,214262,143665,70598,51229,30267,20961,1534575,386586,302340,1275500,3055992,811461,163314,2659951,2650217,2020510,531111,16787,81809,9734,12924974,41378841,
1999:Q2,Bottom50,3275787,2238562,1578028,660534,1037225,205433,11109,16646,12550,4096,2121,246,1874,142994,85706,14753,205113,196634,86291,70426,2035587,2033376,1181823,790210,7413,53930,2211,1240200,51717798,
1999:Q3,TopPt1,4301125,475890,331526,144365,3825234,192142,134433,453825,278996,174829,254019,246226,7792,1686776,23673,1556,45469,31954,992785,8603,57559,57205,22614,2837,3375,28379,355,4243565,108307,
1999:Q3,RemainingTop1,6559152,1172950,918853,254097,5386202,319888,248871,416247,306649,109598,169668,144124,25544,2223181,61049,40766,338313,346776,1197100,24344,264736,263239,191568,15546,2888,53237,1496,6294416,928657,
1999:Q3,Next9,14832536,3583880,2972800,611080,11248655,985616,381613,442391,291490,150902,168376,132386,35990,3096196,205793,409597,865883,3110364,1498985,83841,1109031,1103877,835006,131960,6524,130388,5154,13723504,9328734,
1999:Q3,Next40,15743128,6361503,5090369,1271134,9381624,1353081,227638,208967,140481,68486,54551,33822,20729,1509844,392124,302287,1228671,3103693,834747,166021,2740031,2730238,2080235,551672,13649,84681,9794,13003096,41500671,
1999:Q3,Bottom50,3336295,2309648,1639622,670026,1026647,207844,11785,16098,12096,4002,2079,299,1780,135746,86803,14742,201032,195855,83244,71418,2082856,2080634,1211836,809881,6524,52394,2222,1253439,51867500,
1999:Q4,TopPt1,4704348,495923,347105,148818,4208425,205072,160042,392161,290401,101760,269595,260967,8628,2062217,28910,215,48219,31926,999646,10423,55457,55035,22673,2919,3146,26297,422,4648892,108430,
1999:Q4,RemainingTop1,7094605,1224008,955203,268805,5870597,328361,272981,385566,324245,61321,161166,135472,25694,2633560,71308,42993,360518,364518,1221734,27893,275849,274056,196037,16121,3008,58890,1792,6818756,931575,
1999:Q4,Next9,15847835,3678700,3070992,607707,12169135,1015727,411101,411465,304296,107169,197021,160128,36892,3716143,219714,460441,969506,3163318,1507415,97285,1148408,1143084,857050,132138,6553,147343,5324,14699427,9354396,
1999:Q4,Next40,16315932,6439967,5154397,1285570,9875964,1376893,242159,171229,146365,24864,63372,42908,20464,1730567,411116,323476,1336128,3176198,847614,197214,2822060,2812079,2128172,574720,12579,96607,9982,13493871,41624679,
1999:Q4,Bottom50,3431123,2348500,1668307,680193,1082623,213651,13330,13878,12029,1849,2161,482,1679,155793,90906,14994,215874,196062,80838,85136,2119674,2117393,1220330,827724,6363,62976,2281,1311449,52020023,
2000:Q1,TopPt1,4753711,503510,357575,145935,4250201,213459,176066,342136,260505,81631,273693,264365,9328,2150014,30117,0,48873,32051,973185,10605,52915,52564,22793,2437,3174,24159,351,4700796,108515,
2000:Q1,RemainingTop1,7303991,1281485,996238,285247,6022506,331752,290416,351306,302216,49090,164556,138977,25579,2758378,73963,44002,369641,380279,1229537,28675,284624,283112,199610,15944,3465,64093,1512,7019367,934585,
2000:Q1,Next9,16261141,3792237,3176034,616204,12468904,1035441,430540,372977,282760,90217,195897,158797,37100,3933408,222127,477340,1019334,3198234,1484938,98667,1177224,1172176,876720,125807,7195,162453,5048,15083917,9380806,
2000:Q1,Next40,16779594,6678296,5371140,1307156,10101298,1387446,252651,154624,136764,17860,63263,43352,19911,1821895,420787,334216,1378680,3235526,852855,199355,2877820,2867914,2168409,579455,12739,107310,9906,13901774,41751591,
2000:Q1,Bottom50,3482189,2382989,1689611,693377,1099200,217294,14433,12800,11362,1438,1988,462,1526,161479,92926,15110,222780,195730,78789,85872,2129631,2127391,1218680,830122,6720,71869,2240,1352557,52176350,
2000:Q2,TopPt1,4619069,522963,376928,146035,4096106,216149,164973,330212,241786,88427,270013,260011,10002,1973887,29661,0,47259,32275,1020832,10845,49095,48730,22498,2467,2769,20996,365,4569974,108574,
2000:Q2,RemainingTop1,7284108,1349812,1048711,301101,5934295,328780,287668,343529,289278,54250,175039,149576,25463,2617519,73474,44247,364280,394809,1275385,29565,291757,290172,205963,16741,3272,64195,1585,6992350,937701,
2000:Q2,Next9,16267352,3934096,3312193,621904,12333255,1042084,419449,364007,269338,94669,176400,139114,37285,3773282,219786,471632,1011239,3221558,1533312,100507,1195378,1190333,899699,126174,6690,157770,5045,15071974,9408191,
2000:Q2,Next40,17017934,6902886,5574171,1328714,10115048,1381510,250418,154235,130708,23527,57701,38336,19365,1790828,426640,338254,1350810,3286483,875579,202589,2957370,2947376,2226833,604783,10853,104908,9994,14060564,41882135,
2000:Q2,Bottom50,3523622,2434530,1727576,706954,1089092,218218,14237,12549,10827,1723,1691,316,1375,153881,94092,15163,220911,195048,76208,87095,2166354,2164092,1243103,851606,6144,63240,2261,1357268,52337462,
2000:Q3,TopPt1,4613586,521393,388700,132693,4092193,219014,175842,317565,227757,89808,276360,265712,10648,1904536,30161,0,46704,32439,1078476,11096,45907,45560,22293,2772,2173,18321,347,4567679,108616,
2000:Q3,RemainingTop1,7377622,1402425,1083623,318803,5975196,326064,301504,335876,279992,55884,175903,150559,25344,2582450,74831,45027,365631,410181,1327243,30487,300939,299409,212130,17829,2715,66737,1529,7076683,940937,
2000:Q3,Next9,16483500,4026254,3389852,636402,12457246,1049375,433707,354161,259303,94858,181648,144202,37446,3761030,220238,481583,1028994,3251583,1592462,102465,1225937,1220994,923791,129166,5538,162499,4943,15257563,9436779,
2000:Q3,Next40,17370649,7129999,5785096,1344903,10240650,1376287,258796,152633,126140,26493,59435,40611,18825,1806246,434840,346986,1355313,3342634,901388,206092,3051372,3041349,2285743,638674,8194,108739,10023,14319276,42017037,
2000:Q3,Bottom50,3599988,2509448,1794073,715375,1090540,219271,15099,12227,10367,1861,1566,340,1226,151590,95781,15260,223033,194566,73709,88438,2215342,2213082,1266490,878632,5052,62907,2260,1384645,52504341,
2000:Q4,TopPt1,4395931,543040,401769,141271,3852892,233231,197546,347002,245531,101471,294574,283299,11275,1567307,29546,249,43740,32727,1095798,11172,42046,41630,21358,3141,2485,14646,416,4353886,108654,
2000:Q4,RemainingTop1,7214466,1472032,1138988,333044,5742434,336182,323915,368908,304541,64367,166767,141533,25234,2263027,74066,44778,351143,424097,1358433,31118,308513,306678,219437,19145,3592,64504,1835,6905953,944306,
2000:Q4,Next9,16295165,4164747,3531626,633121,12130419,1083573,461000,381951,278770,103181,214494,176879,37615,3340693,217487,461577,984979,3267863,1613652,103150,1232190,1227071,938245,133253,6957,148616,5120,15062975,9466796,
2000:Q4,Next40,17521904,7341454,5976461,1364994,10180450,1404377,272757,170017,135201,34816,69324,51021,18303,1679343,440496,346651,1284392,3388858,917726,206510,3133424,3123204,2337081,676302,9569,100252,10220,14388480,42157025,
2000:Q4,Bottom50,3587663,2514579,1785252,729327,1073084,225894,16500,12865,10576,2289,1634,552,1081,134822,96902,15269,215554,193664,71577,88402,2252909,2250588,1289105,909426,6064,45992,2322,1334754,52677968,
2001:Q1,TopPt1,4188598,566446,423582,142865,3622152,259416,231704,326447,196783,129663,290952,278918,12034,1302742,30381,672,39142,32904,1096432,11361,36000,35662,20390,2505,1483,11284,338,4152598,108698,
2001:Q1,RemainingTop1,7102669,1565170,1216939,348231,5537499,359748,356280,339398,255072,84326,177013,151575,25438,2006533,76099,44676,325339,439618,1380847,31949,313366,311844,226494,19309,2159,63883,1522,6789302,947824,
2001:Q1,Next9,16158842,4366181,3732290,633891,11792660,1145826,503300,356899,234207,122692,196828,158279,38549,3004875,218971,446331,898281,3297623,1619039,104689,1227766,1222946,950965,126817,4280,140884,4819,14931076,9498470,
2001:Q1,Next40,17849473,7741569,6359994,1381574,10107905,1466883,293163,168257,114496,53761,64346,46234,18112,1572260,449689,347593,1161460,3445299,929991,208965,3179277,3169143,2384685,683319,5298,95841,10134,14670196,42302825,
2001:Q1,Bottom50,3604327,2545117,1804930,740187,1059210,238314,18529,12591,9332,3258,1409,414,994,121051,98813,15286,201171,193170,69601,89275,2265357,2263080,1307091,917774,3785,34431,2277,1338970,52859325,
2001:Q2,TopPt1,4321476,573067,435959,137108,3748409,265818,227111,304024,172928,131096,294100,281330,12770,1417011,32950,420,39965,29870,1125295,11845,31002,30693,19159,2037,917,8580,309,4290474,108760,
2001:Q2,RemainingTop1,7346273,1626449,1262116,364333,5719824,361051,358803,316975,230878,86097,181313,155694,25620,2162130,81503,45505,335273,425310,1418659,33302,326222,324804,236910,20119,1404,66370,1418,7020051,951503,
2001:Q2,Next9,16677838,4467687,3829905,637782,12210150,1162140,500672,334934,211598,123335,195099,155688,39412,3260474,225554,456750,947688,3365985,1652389,108467,1249219,1244539,972550,123886,2784,145318,4680,15428619,9532029,
2001:Q2,Next40,18329207,7943817,6551061,1392756,10385390,1472176,294534,160510,103818,56691,64057,46159,17898,1679571,463135,356690,1206628,3521644,949658,216788,3273440,3263295,2460651,700041,3124,99479,10145,15055767,42455166,
2001:Q2,Bottom50,3674553,2593139,1846323,746816,1081414,241202,18654,11929,8531,3399,1288,386,903,128619,101674,15399,208328,194230,67546,92543,2337377,2335109,1360748,938166,2450,33745,2268,1337176,53049393,
2001:Q3,TopPt1,4060375,572661,447067,125595,3487714,275505,241793,332775,207257,125518,324845,311343,13502,1066962,30707,746,35246,26954,1139747,12434,30542,30167,19931,1836,1418,6982,375,4029833,108850,14330796
2001:Q3,RemainingTop1,7065430,1683559,1302089,381469,5381871,366005,376461,358997,276044,82953,164129,138314,25815,1792774,77596,45540,307504,409215,1448805,34845,340766,339051,242096,20559,2525,73871,1715,6724664,955358,4321857
2001:Q3,Next9,16358485,4550732,3903339,647392,11807753,1186249,520871,368794,249546,119248,255125,214831,40294,2753022,218090,445244,854624,3420746,1671935,113051,1311654,1306803,1011907,120845,4751,169299,4851,15046831,9567700,876240
2001:Q3,Next40,18378100,8147101,6742897,1404204,10230999,1486857,305646,176722,121750,54972,82065,64367,17698,1498073,465185,358803,1077169,3588192,965764,226523,3385388,3375045,2534970,719049,4982,116043,10343,14992712,42614773,107270
2001:Q3,Bottom50,3716280,2660605,1907906,752699,1055674,245689,19738,12662,9360,3303,1587,774,813,108824,101988,15433,192597,194868,65623,96665,2397526,2395197,1388649,952061,3989,50498,2329,1318753,53249155,
2001:Q4,TopPt1,4245486,599290,455559,143730,3646196,280850,252978,307699,185093,122606,304655,290915,13740,1288616,33715,893,37158,27456,1099608,12569,27846,27487,17885,2725,351,6526,359,4217640,108977,
2001:Q4,RemainingTop1,7409389,1732812,1360467,372345,5676577,395883,381634,326882,242551,84331,181075,155128,25947,2043556,90047,44476,318940,396666,1461368,36051,357377,355637,258582,22505,634,73916,1740,7052012,959395,
2001:Q4,Next9,16948636,4651878,3992780,659099,12296758,1213377,551484,342893,223749,119144,224414,184329,40086,3085128,233665,459148,916060,3518937,1636547,115106,1277338,1272405,991514,133002,930,146960,4933,15671298,9605618,
2001:Q4,Next40,18860259,8351627,6925610,1426017,10508633,1507815,331259,167809,110635,57173,73286,54518,18768,1620573,464740,364056,1141770,3628631,979081,229613,3465970,3455822,2609463,746483,977,98898,10148,15394289,42782073,
2001:Q4,Bottom50,3754068,2679144,1916035,763109,1074924,244355,20921,12226,8809,3417,1494,626,868,117838,102150,15821,198174,196755,67503,97688,2457026,2454743,1434341,987112,794,32495,2283,1297042,53459186,
2002:Q1,TopPt1,4266745,628886,466342,162544,3637859,288061,235191,292822,179580,113242,294193,280165,14028,1317858,36251,1580,38715,28139,1092345,12703,31026,30640,20397,2940,107,7196,386,4235719,109141,
2002:Q1,RemainingTop1,7535496,1786594,1423952,362642,5748902,427682,363940,310590,229815,80775,190889,164719,26170,2072164,101658,42652,327961,381771,1492331,37265,368551,366602,264821,22416,207,79158,1949,7166945,963593,
2002:Q1,Next9,17223941,4776786,4112450,664336,12447156,1245079,546881,329523,215408,114115,215991,175891,40100,3091785,247960,452516,968563,3598107,1633590,117161,1302122,1296966,1019509,132901,242,144314,5156,15921819,9645561,
2002:Q1,Next40,19174701,8538921,7099157,1439764,10635780,1534460,341214,162411,107573,54837,71099,51160,19939,1616601,463167,362723,1195272,3654841,1001323,232669,3545327,3535290,2698989,741325,263,94713,10037,15629375,42956290,
2002:Q1,Bottom50,3774587,2694928,1925920,769008,1079659,244022,20618,11958,8663,3295,1569,630,939,114990,102063,16136,202277,198061,69272,98692,2463628,2461360,1445094,983934,203,32129,2269,1310958,53678444,
2002:Q2,TopPt1,4136626,663357,480926,182430,3473270,283525,212607,329174,185757,143416,277339,263067,14271,1158526,37190,2367,35440,28888,1095164,13050,32965,32593,22603,3661,-1196,7525,371,4103662,109339,
2002:Q2,RemainingTop1,7449660,1841919,1488812,353107,5607741,445617,342174,337821,231119,106703,207011,180709,26301,1886438,110216,40683,303778,366027,1529117,38858,379016,377034,273167,23175,-2330,83022,1981,7070644,967923,
2002:Q2,Next9,17064926,4913201,4241497,671704,12151725,1248993,535111,357166,219510,137656,192090,152210,39880,2789773,257633,441999,895870,3671698,1640564,120830,1327913,1322667,1050677,139178,-2301,135113,5245,15737013,9687212,
2002:Q2,Next40,19161984,8679871,7221802,1458069,10482113,1527134,347284,190565,110475,80090,64253,43232,21020,1496651,457714,360149,1095686,3676671,1026433,239573,3650875,3641031,2802826,754619,-2517,86102,9844,15511109,43136346,
2002:Q2,Bottom50,3777220,2727272,1949593,777679,1049948,238100,20021,13461,8872,4589,1526,533,994,101330,101112,16438,186333,199194,71021,101413,2498813,2496589,1475767,997010,-1945,25758,2224,1278407,53905481,
2002:Q3,TopPt1,3875003,679011,493816,185195,3195993,293036,196857,339757,176606,163151,268786,254218,14568,875613,36938,3097,31812,29649,1107121,13327,34674,34243,23604,4125,-1500,8014,432,3840329,109569,
2002:Q3,RemainingTop1,7192881,1886022,1539365,346657,5306858,479691,325840,341125,215443,125682,216448,189921,26528,1549989,116493,38785,276787,350143,1571220,40338,396305,393968,285191,24103,-3050,87724,2337,6796575,972356,
2002:Q3,Next9,16678638,5001854,4305399,696456,11676783,1286420,530656,360535,207768,152768,188703,148810,39892,2273242,263847,433763,813100,3745965,1656580,123972,1348527,1342942,1072411,144828,-2570,128274,5585,15330111,9730256,
2002:Q3,Next40,19125874,8860991,7383105,1477886,10264883,1560918,355980,205345,105511,99834,63452,41240,22212,1289160,449322,358319,984319,3698720,1054167,245179,3763021,3753223,2912154,765003,-2901,78967,9798,15362853,43321164,
2002:Q3,Bottom50,3828587,2811914,2027325,784589,1016673,239042,19738,14170,8589,5582,1644,579,1065,80424,99508,16751,168754,200341,72751,103550,2560966,2558732,1525800,1013550,-2125,21507,2234,1267621,54138848,
2002:Q4,TopPt1,3936214,693793,504254,189539,3242422,293718,207685,365294,164626,200668,257602,242740,14862,969042,37010,2892,33172,30283,1031857,13867,36307,35881,24846,4785,-2509,8759,427,3899907,109826,
2002:Q4,RemainingTop1,7395503,1928926,1589354,339571,5466577,503144,331811,356811,197321,159489,228983,202241,26743,1656505,123454,38128,284538,336064,1564848,42292,412782,410369,296767,25196,-5191,93597,2413,6982721,976863,
2002:Q4,Next9,17035591,5086325,4370319,716006,11949266,1302705,560132,370693,193165,177528,179372,139500,39873,2390927,271073,463177,859576,3837467,1585010,129135,1376870,1371161,1097065,152279,-3835,125652,5709,15658721,9774378,
2002:Q4,Next40,19522456,9056860,7564471,1492389,10465596,1568933,380196,235142,98945,136197,60822,37421,23402,1331833,441643,368651,1030745,3733311,1058700,255620,3884110,3874487,3023131,781211,-4412,74557,9623,15638346,43509666,
2002:Q4,Bottom50,3903445,2876079,2087401,788678,1027365,235773,20870,15544,8174,7370,1724,589,1135,81283,98065,17233,172157,202016,74857,107844,2628304,2626108,1574503,1033537,-3151,21218,2196,1275141,54377097,
2003:Q1,TopPt1,3897667,724310,514329,209981,3173357,310575,187254,340378,158303,182075,253301,238210,15091,911306,38410,3119,33121,31139,1050608,14145,38265,37721,25789,4661,-2516,9787,544,3859402,110109,
2003:Q1,RemainingTop1,7420620,1985049,1655792,329257,5435571,545905,311618,334809,186090,148719,233995,207165,26830,1583167,133081,36852,282413,318897,1611047,43789,431797,428780,308185,25332,-5392,100656,3017,6988823,981416,
2003:Q1,Next9,17187752,5215408,4498866,716542,11972344,1358258,548103,353848,184644,169205,189481,149951,39530,2251193,282297,475688,869134,3904605,1607446,132290,1396905,1390665,1114808,151401,-3527,127982,6240,15790847,9819263,
2003:Q1,Next40,19743834,9236317,7734693,1501624,10507517,1624812,384445,220261,95286,124975,63817,39364,24453,1272152,437111,373473,1032267,3749450,1088529,261199,3975462,3965778,3123980,772597,-4200,73401,9684,15768372,43700776,
2003:Q1,Bottom50,3904506,2879772,2087592,792180,1024735,240367,20279,14778,7936,6843,1925,743,1182,73309,97328,17646,169622,202927,76591,109963,2674732,2672485,1614479,1035133,-2807,25681,2247,1229774,54618779,
2003:Q2,TopPt1,4209591,750531,527413,223118,3459060,315242,171946,315285,143654,171631,272785,257406,15380,1178563,41549,2865,36810,31898,1077740,14375,43390,42819,27808,5089,-2229,12151,571,4166201,110415,
2003:Q2,RemainingTop1,7812806,2038042,1717397,320645,5774765,573904,295595,310378,166336,144042,208844,181824,27020,1886953,146200,36123,306358,303076,1662126,45208,457861,454630,320221,26204,-4939,113144,3231,7354945,985985,
2003:Q2,Next9,18049618,5339958,4611956,728002,12709660,1384362,541639,332404,167378,165026,269132,229691,39441,2640482,298764,507515,977030,3985024,1638229,135079,1472962,1466489,1156830,156708,-2898,155849,6473,16576656,9864596,
2003:Q2,Next40,20303004,9421485,7904986,1516499,10881519,1644856,390704,207515,87043,120472,87389,61758,25631,1415364,436741,384224,1152905,3775181,1120764,265875,4138665,4129099,3260651,782652,-3580,89376,9567,16164339,43893415,
2003:Q2,Bottom50,3982768,2931982,2134188,797794,1050787,239114,19927,13991,7355,6636,2637,1389,1248,82524,97523,18134,182718,204239,78305,111675,2788050,2785818,1682869,1051277,-2219,53891,2232,1194719,54862448,
2003:Q3,TopPt1,4323684,767294,541775,225519,3556390,311325,152621,305864,164371,141493,262739,247210,15529,1296217,43952,2927,37545,32729,1095643,14828,46436,45867,30923,5830,-3392,12506,569,4277248,110741,
2003:Q3,RemainingTop1,8033191,2085609,1771383,314226,5947582,591094,275895,307056,184809,122247,217337,190389,26948,2012221,157927,34950,309671,286214,1708190,47027,469000,465677,328765,27008,-7557,117462,3323,7564191,990543,
2003:Q3,Next9,18446867,5446175,4693920,752255,13000692,1389314,528171,334108,187635,146473,269787,231083,38704,2774144,313102,527084,1007256,4058552,1659599,139574,1518714,1512102,1207884,163388,-4040,144871,6612,16928153,9910061,
2003:Q3,Next40,20623705,9625439,8090442,1534997,10998266,1639353,392755,196628,97992,98636,87365,60859,26506,1456595,434495,391049,1179290,3795444,1150654,274637,4272576,4263183,3391448,797598,-5078,79214,9393,16351129,44086507,
2003:Q3,Bottom50,4070600,3018206,2214360,803846,1052394,233761,19295,13702,8146,5556,2761,1495,1266,82960,97302,18576,183434,205324,80069,115209,2843142,2840948,1731913,1065851,-3075,46258,2195,1227457,55106653,
2003:Q4,TopPt1,4610075,788583,554665,233918,3821492,313728,137234,339481,183514,155967,250380,234615,15765,1541193,46166,2566,40912,33510,1101002,15319,54001,53443,31796,6348,2665,12635,558,4556074,111084,
2003:Q4,RemainingTop1,8456872,2139579,1832746,306834,6317292,615795,259445,338684,200747,137937,228974,201945,27029,2273451,169334,34199,331156,270034,1747302,48918,500996,497624,341731,28081,6603,121210,3372,7955876,995060,
2003:Q4,Next9,19167499,5565408,4794103,771305,13602091,1409591,518847,364522,205668,158853,266005,227662,38344,3093537,326926,563402,1107271,4139522,1668111,144357,1537947,1531229,1229674,170088,3201,128266,6718,17629552,9955344,
2003:Q4,Next40,21170141,9846456,8292173,1554283,11323685,1652546,396192,222927,107868,115059,85989,58424,27565,1559396,431695,402758,1289871,3820968,1177267,284074,4396471,4387274,3505740,812021,4438,65074,9197,16773670,44278974,
2003:Q4,Bottom50,4156329,3080280,2269018,811261,1076049,231480,18842,15230,8842,6389,2888,1575,1313,89019,96958,19070,194997,206627,81895,119042,2910524,2908374,1786672,1086395,2034,33273,2150,1245805,55349948,
2004:Q1,TopPt1,5054650,826206,576780,249426,4228444,325829,122291,578527,415538,162989,244647,228533,16114,1677865,46320,2442,41456,33939,1139660,15467,56323,55775,33291,6338,2486,13660,548,4998327,111441,
2004:Q1,RemainingTop1,8978896,2226149,1927432,298717,6752747,652571,243219,557288,409854,147434,230975,203667,27309,2411528,176697,33114,333063,258880,1805207,50205,518140,514709,351917,28159,6203,128431,3431,8460756,999507,
2004:Q1,Next9,20017284,5775150,4987794,787356,14242134,1453898,508755,579544,413723,165820,284617,246146,38471,3237649,334617,590573,1132388,4263476,1710119,146498,1561924,1555092,1253566,169612,2788,129127,6832,18455361,10000128,
2004:Q1,Next40,21858485,10212913,8633677,1579236,11645572,1694808,398533,339843,214503,125340,91276,62401,28875,1597282,423743,411559,1309914,3878516,1212957,287140,4489528,4480524,3608552,805307,3954,62710,9004,17368957,44469738,
2004:Q1,Bottom50,4219861,3131340,2308309,823031,1088521,233879,18367,21195,14284,6911,3213,1816,1397,89122,95466,19532,194864,209265,83594,120024,2948957,2946851,1821362,1087056,1723,36710,2106,1270904,55590883,
2004:Q2,TopPt1,5122862,847144,599784,247359,4275718,330586,107461,519275,369789,149486,241038,224568,16470,1694064,47451,2612,41793,36698,1239125,15616,60694,60081,36139,6667,2471,14804,613,5062168,111809,
2004:Q2,RemainingTop1,9120622,2293101,1999445,293656,6827521,679957,226902,503213,364483,138730,228244,200652,27592,2418547,186033,31670,333501,270428,1897531,51494,537135,533320,362337,28676,6216,136091,3815,8583486,1003855,
2004:Q2,Next9,20366842,5935968,5116458,819510,14430874,1479885,497299,532391,374222,158168,313011,274404,38606,3197287,345252,606678,1151794,4344956,1813691,148630,1621050,1613853,1306192,172865,2604,132192,7197,18745792,10044099,
2004:Q2,Next40,22263419,10503344,8900244,1603099,11760076,1715026,399411,312695,195892,116803,99408,69204,30204,1572079,418066,417040,1323126,3947795,1265253,290178,4635535,4626582,3751118,809863,3784,61818,8953,17627884,44657723,
2004:Q2,Bottom50,4343027,3261155,2429667,831489,1081872,232757,17845,20275,13782,6493,3616,2133,1483,83120,94483,19965,193865,209894,85062,120991,3027940,3025823,1885487,1096468,1558,42311,2117,1315087,55828012,
2004:Q3,TopPt1,5297095,888156,622178,265977,4408939,330004,93610,563066,404173,158894,225332,208516,16816,1709907,48244,2603,41568,39477,1339093,16035,60805,60165,37875,7346,-740,15683,640,5236289,112186,18649482
2004:Q3,RemainingTop1,9379180,2381616,2097794,283823,6997564,700250,211298,537880,387521,150359,242770,214923,27846,2424319,194724,30366,330023,282365,1990306,53263,549340,545307,374403,29815,-1811,142900,4033,8829840,1008076,5620123
2004:Q3,Next9,20832663,6185064,5360312,824753,14647599,1492292,485813,568064,401085,166980,308395,269722,38672,3153068,354880,629821,1155929,4428765,1917750,152822,1658346,1650913,1341824,180741,-711,129059,7433,19174318,10086942,1073696
2004:Q3,Next40,22701419,10811323,9194962,1616362,11890096,1719042,399546,339939,210713,129226,97549,66038,31511,1545161,411435,424463,1318087,4018847,1317855,298172,4772320,4763495,3879614,828308,-1028,56601,8825,17929099,44841851,110020
2004:Q3,Bottom50,4408915,3334776,2497831,836946,1074139,229092,17331,21614,14490,7124,3797,2232,1565,76793,93288,20415,190554,210542,86543,124169,3108266,3106167,1945775,1118664,-445,42173,2099,1300650,56059885,
2004:Q4,TopPt1,5644229,897772,640789,256982,4746457,340569,91197,601142,484663,116479,256789,239641,17148,1902655,53424,2055,47618,49668,1384911,16430,63231,62523,39030,7483,-1021,17030,708,5580998,112569,
2004:Q4,RemainingTop1,9737617,2452286,2157347,294939,7285331,708169,208994,572344,460338,112006,223759,195097,28663,2627569,195823,35438,364658,305157,1989486,53933,547782,543693,375864,31357,-2378,138850,4089,9189835,1012145,
2004:Q4,Next9,21763233,6386365,5543163,843202,15376868,1545374,490857,619363,477784,141579,345083,305059,40023,3428315,359482,662504,1247453,4509790,2011280,157368,1754957,1747457,1414508,188125,-959,145783,7500,20008277,10128370,
2004:Q4,Next40,23391356,11155840,9515104,1640736,12235516,1768481,400350,344975,250590,94385,108195,76598,31597,1621541,424557,433854,1427832,4087195,1309658,308877,4875436,4866386,3949689,851023,-1400,67074,9050,18515920,45021093,
2004:Q4,Bottom50,4600415,3473487,2611128,862359,1126928,237533,17939,21976,16552,5424,4223,2620,1602,85504,95885,20147,207836,210907,95163,129815,3261803,3259650,2061487,1142131,-682,56714,2153,1338612,56285142,
2005:Q1,TopPt1,5715270,912934,657658,255276,4802336,350681,79173,565708,448271,117437,267967,250467,17500,1914553,55750,2217,49803,60317,1439568,16598,58404,57646,36902,6137,-3128,17735,758,5656866,112955,
2005:Q1,RemainingTop1,9836563,2520336,2216117,304219,7316227,714878,197586,551513,438188,113325,238112,208594,29518,2639052,191142,39801,372690,323469,1993795,54190,545868,541803,384271,31878,-6765,132420,4065,9290695,1016048,
2005:Q1,Next9,22155483,6624512,5773859,850653,15530971,1597513,479915,611824,461215,150609,318043,276570,41473,3438886,355375,668181,1235563,4552041,2113478,160153,1783600,1776095,1447650,183223,-2816,148037,7505,20371883,10168217,
2005:Q1,Next40,23706080,11418127,9758885,1659242,12287954,1816336,391862,342838,243314,99524,99717,68013,31704,1611627,430621,435609,1413461,4126478,1304044,315362,4910846,4901604,4001688,836469,-4087,67534,9242,18795234,45194607,
2005:Q1,Bottom50,4763477,3613267,2727518,885749,1150211,245794,17919,22949,17188,5762,4224,2577,1647,85950,96900,19818,209341,210010,103723,133583,3402903,3400709,2198049,1147267,-2347,57740,2194,1360575,56502779,
2005:Q2,TopPt1,5977354,942974,677017,265958,5034380,353228,70915,590819,469897,120922,284483,266682,17801,1991987,58761,2000,53729,71010,1540801,16647,61042,60194,37842,5806,-1955,18501,848,5916312,113338,
2005:Q2,RemainingTop1,10093893,2602283,2290694,311589,7491611,711476,189775,580696,463718,116978,244583,214299,30284,2718044,187722,44570,392475,342899,2025144,54226,545691,541479,386553,32945,-4042,126023,4212,9548202,1019776,
2005:Q2,Next9,22861171,6914839,6067065,847774,15946332,1631112,475827,654552,492169,162383,305342,262639,42703,3542758,353181,688282,1268560,4601729,2262981,162009,1865930,1858289,1522603,186042,-1740,151384,7641,20995240,10206342,
2005:Q2,Next40,24103628,11646238,9965973,1680265,12457390,1841574,387320,367544,260179,107365,95476,63802,31673,1630018,438304,441418,1453056,4171358,1311691,319630,4998278,4988770,4077147,845476,-2590,68737,9509,19105349,45361601,
2005:Q2,Bottom50,4926884,3746323,2833548,912774,1180562,250501,18189,24857,18613,6244,4311,2638,1673,89372,98274,19517,217758,209308,112109,136366,3551194,3548930,2328614,1162121,-1587,59783,2264,1375690,56711877,
2005:Q3,TopPt1,6211061,949744,696161,253582,5261318,360749,71152,515461,428284,87177,299381,281378,18003,2134267,62936,2015,58442,81844,1657887,17185,62832,62020,38865,5737,-1928,19346,812,6148230,113716,
2005:Q3,RemainingTop1,10349519,2670429,2348242,322188,7679090,713847,189948,521737,435909,85828,254681,223810,30871,2862550,186526,49092,417416,362144,2066026,55122,542740,538937,388568,34336,-3738,119771,3803,9806779,1023320,
2005:Q3,Next9,23567136,7158192,6297984,860208,16408944,1677345,486788,603794,469110,134684,284812,241332,43480,3737527,354349,699459,1320615,4648086,2428549,167621,1953380,1946031,1599657,191668,-1673,156379,7349,21613756,10242608,
2005:Q3,Next40,24600082,11956215,10265001,1691213,12643867,1881508,391274,327728,249435,78293,88777,57379,31399,1674653,448783,444698,1515620,4213729,1324137,332960,5094413,5084882,4153306,863029,-2531,71079,9531,19505669,45521282,
2005:Q3,Bottom50,5156615,3935370,3004646,930723,1221246,257613,19100,23736,18993,4744,4318,2655,1662,95742,100270,19196,229159,208458,120445,143208,3709011,3706771,2461485,1183615,-1705,63376,2240,1447604,56911519,
2005:Q4,TopPt1,6382496,948960,707092,241867,5433536,364556,82897,531919,427870,104049,315740,297682,18059,2178456,66038,1874,62814,92771,1718610,17861,65149,64347,39859,5681,-1047,19853,802,6317347,114086,
2005:Q4,RemainingTop1,10538983,2725925,2392843,333083,7813058,711106,200401,545028,442935,102093,262838,231647,31191,2904656,183103,53792,439886,381706,2074287,56255,538513,535003,389438,35629,-1909,111846,3510,10000470,1026670,
2005:Q4,Next9,24131735,7362793,6488423,874371,16768942,1714705,516892,643422,481414,162007,266433,222850,43583,3790346,352157,716532,1362721,4695305,2536142,174288,2028787,2021642,1672787,196910,-893,152837,7145,22102948,10276875,
2005:Q4,Next40,25089429,12261587,10555759,1705828,12827842,1910431,405445,356090,256797,99292,82591,51809,30782,1674537,456553,449612,1566294,4256707,1320736,348848,5172798,5163195,4217711,879436,-1385,67433,9604,19916630,45672857,
2005:Q4,Bottom50,5357801,4098670,3147548,951122,1259132,263011,20847,26026,20077,5949,4296,2697,1599,97617,101657,18883,239069,207596,128930,151199,3846091,3843856,2583072,1202900,-1000,58884,2235,1511710,57100788,
2006:Q1,TopPt1,6850941,951913,700138,251776,5899028,386446,80032,546853,447809,99044,336639,318796,17844,2552575,60831,1692,67077,103731,1745415,17736,69907,69059,41901,5350,877,20931,848,6781034,114442,
2006:Q1,RemainingTop1,10978390,2738513,2398116,340397,8239877,730052,197359,565921,468128,97793,261982,230970,31012,3280696,163051,58548,461483,402147,2062683,55955,536818,533356,389123,36441,1513,106279,3462,10441572,1029818,
2006:Q1,Next9,25019497,7460145,6590920,869225,17559352,1796418,523123,677565,512884,164680,261928,219487,42441,4307765,324858,735121,1401053,4748196,2608559,174766,2133121,2125992,1763477,198560,743,163213,7129,22886376,10309006,
2006:Q1,Next40,25347102,12213358,10490512,1722846,13133744,1991874,406142,372533,274115,98418,80360,50800,29560,1810264,443828,454918,1612484,4303863,1307618,349859,5268797,5259013,4299346,884931,1195,73541,9784,20078305,45815533,
2006:Q1,Bottom50,5478917,4171516,3194948,976567,1307401,276964,21629,27615,21651,5964,4281,2842,1439,114563,98461,18568,248432,206874,137466,152547,3996173,3993901,2713091,1212303,898,67610,2272,1482743,57278766,
2006:Q2,TopPt1,6857286,942994,703161,239833,5914292,388212,85378,518405,401235,117171,360466,343057,17409,2472187,63413,1879,69242,114867,1822631,17611,73021,72127,42944,4791,2505,21887,894,6784264,114782,
2006:Q2,RemainingTop1,10935661,2764298,2412878,351420,8171362,723799,201399,548921,433750,115171,254691,224266,30425,3194208,158434,62853,469047,421776,2080589,55645,535682,532275,391049,37104,4041,100080,3407,10399979,1032754,
2006:Q2,Next9,25234788,7590804,6707485,883319,17643984,1829266,542631,676423,481594,194830,266993,226665,40329,4181573,320854,739437,1386600,4792577,2732409,175220,2222191,2215085,1844335,198185,2098,170467,7106,23012597,10338861,
2006:Q2,Next40,25493123,12341754,10604441,1737313,13151369,2014579,413598,381735,258841,122894,80850,52975,27875,1754709,450165,456197,1595177,4344546,1308981,350832,5353858,5343897,4378174,884767,3497,77458,9961,20139265,45948518,
2006:Q2,Bottom50,5645245,4323875,3326530,997345,1321370,281479,23009,28964,21606,7358,4265,3057,1208,110717,99524,18230,249615,205840,145843,153884,4158792,4156484,2855587,1224763,2754,73380,2308,1486453,57444536,
2006:Q3,TopPt1,7053527,925123,700416,224706,6128405,393063,97715,499620,400504,99116,376070,359284,16785,2583396,68406,1713,73535,125976,1891458,17454,75391,74461,43147,4886,3602,22826,929,6978136,115103,
2006:Q3,RemainingTop1,11120746,2776414,2413350,363064,8344333,720875,211034,539185,440517,98667,264508,235025,29483,3300412,158547,67586,490668,442632,2093612,55273,533041,529736,392375,38327,5325,93709,3305,10587705,1035467,
2006:Q3,Next9,25735904,7680835,6780284,900551,18055069,1869864,572483,675976,493672,182304,238914,201470,37444,4323719,323983,757222,1424436,4845711,2847329,175430,2297377,2290331,1906866,203256,2958,177250,7046,23438527,10366302,
2006:Q3,Next40,25762073,12453640,10701638,1752002,13308433,2046140,425790,373694,266105,107589,71230,45409,25821,1776357,462341,461205,1640834,4391651,1307954,351238,5427397,5417280,4428468,902668,5093,81050,10117,20334677,46071018,
2006:Q3,Bottom50,5806221,4451989,3434035,1017954,1354232,287484,24878,29287,22694,6593,3993,3068,925,115620,101890,17908,258945,205049,154206,154973,4325191,4322856,2977568,1262304,4261,78723,2335,1481030,57597181,
2006:Q4,TopPt1,7349539,910488,689701,220787,6439051,398515,117720,443895,352038,91857,394371,377997,16374,2839605,74374,1422,78972,137073,1935381,17722,80063,79088,43255,4973,6783,24077,975,7269476,115399,
2006:Q4,RemainingTop1,11401429,2777916,2405520,372396,8623513,718241,226414,493440,401230,92210,270724,241792,28932,3550014,160542,72477,519716,464313,2091983,55648,531951,528705,390847,39416,9407,89036,3245,10869478,1037950,
2006:Q4,Next9,26397019,7731850,6827727,904124,18665168,1912145,612512,637031,455423,181607,218752,183196,35557,4666254,329941,779624,1489395,4904360,2936251,178904,2368778,2361761,1956193,207998,5611,191959,7017,24028240,10391189,
2006:Q4,Next40,26035943,12480693,10718082,1762611,13555250,2079316,442148,350747,246810,103937,64182,39932,24251,1853447,476826,467449,1719206,4442718,1299696,359516,5475423,5465133,4446289,918452,10189,90203,10290,20560520,46182240,
2006:Q4,Bottom50,5910531,4508478,3470137,1038341,1402053,293809,27235,28566,22115,6452,3849,3129,720,127146,104771,17587,272537,204397,162568,159587,4451108,4448739,3062759,1285878,8546,91556,2370,1459422,57735782,
2007:Q1,TopPt1,7604524,901865,671886,229979,6702659,420275,126958,454351,357475,96876,417241,401222,16019,3016613,78364,1523,82604,148312,1938744,17673,80467,79414,44908,4355,5278,24872,1053,7524057,115667,
2007:Q1,RemainingTop1,11602436,2759715,2380049,379667,8842721,734525,232313,511127,413737,97390,267124,238641,28483,3718415,158550,76852,536805,485171,2066384,55455,517617,514288,387277,39103,6161,81747,3329,11084819,1040193,
2007:Q1,Next9,26884686,7727877,6831184,896693,19156809,1993300,636280,671397,473554,197843,216306,182353,33953,4895701,329861,786836,1509744,4954553,2982901,179930,2437116,2430019,2028328,202445,4110,195136,7097,24447570,10413386,
2007:Q1,Next40,26076969,12309767,10533998,1775770,13767202,2158478,449758,371966,257240,114726,62541,39721,22820,1896060,486362,469409,1743871,4487259,1279577,361922,5498079,5487553,4484896,903803,7570,91285,10525,20578891,46281392,
2007:Q1,Bottom50,5955674,4510708,3448184,1062524,1444966,307735,28932,30502,23388,7115,3841,3302,539,135043,106544,17244,279181,203438,170925,161580,4545531,4543103,3151845,1290467,7239,93552,2428,1410143,57859424,
2007:Q2,TopPt1,7779228,890381,660421,229960,6888847,413821,139518,423956,346596,77361,448049,432465,15584,3134340,83870,993,88173,158292,1979701,18134,82739,81651,45632,4339,5338,26342,1088,7696489,115905,
2007:Q2,RemainingTop1,11697452,2748753,2360140,388613,8948699,716898,240452,489218,410036,79181,243926,216044,27882,3826685,159537,82056,566513,504262,2062990,56162,512768,509548,385695,40163,5213,78477,3220,11184683,1042186,
2007:Q2,Next9,27365624,7748897,6850628,898268,19616727,2007714,664168,651403,473736,177667,248781,216712,32069,5041091,334256,818060,1576337,5022088,3067948,184880,2524354,2517326,2091364,206692,3983,215287,7028,24841270,10432752,
2007:Q2,Next40,26129858,12195279,10406073,1789206,13934580,2157642,458676,353791,258142,95649,71388,50127,21262,1913384,499529,477975,1824308,4533747,1270348,373791,5560063,5549390,4520156,917434,7568,104233,10673,20569795,46367681,
2007:Q2,Bottom50,6049230,4564080,3478506,1085574,1485150,308606,30850,30111,24017,6094,4034,3690,344,140224,109129,16923,293077,205235,179153,167808,4682489,4680035,3252347,1308339,7897,111453,2454,1366741,57967187,
2007:Q3,TopPt1,8002726,866482,643984,222498,7136243,414886,192682,519495,390733,128763,472089,456811,15278,3172228,87789,906,92100,168236,1997535,18297,85717,84556,45406,4721,7892,26538,1161,7917009,116107,25331442
2007:Q3,RemainingTop1,11851109,2726190,2327682,398508,9124920,707845,279721,590457,462288,128169,237338,209817,27520,3855363,157339,86656,585454,522463,2045949,56334,504043,500763,385400,41573,6563,67227,3280,11347067,1043920,6997997
2007:Q3,Next9,27790026,7714380,6810563,903816,20075646,2040209,743726,797577,536921,260655,251591,220838,30752,5074879,333817,832102,1603017,5082546,3128663,187519,2572274,2565187,2142205,213972,5838,203172,7087,25217752,10449148,1199701
2007:Q3,Next40,26227554,12075041,10277007,1798034,14152513,2178009,489945,458500,292633,165867,71408,51428,19980,1898346,508705,481707,1856641,4574820,1254317,380115,5603924,5593031,4544201,942473,11731,94626,10894,20623630,46440313,131691
2007:Q3,Bottom50,6145455,4620678,3515592,1105085,1524778,313007,35076,37044,26988,10055,4083,3893,190,141750,110822,16579,300734,206799,187323,171561,4822447,4819940,3355460,1352814,12492,99175,2507,1323008,58058156,
2007:Q4,TopPt1,7846054,887773,650418,237355,6958282,440531,243203,537565,400679,136886,465744,451461,14283,2968484,89000,3777,88100,169245,1933698,18935,90115,88948,47431,5884,8641,26992,1168,7755939,116273,
2007:Q4,RemainingTop1,11687839,2683161,2295662,387498,9004678,742089,321211,595659,460166,135493,214178,187946,26232,3672205,157387,89112,576303,541799,2037926,56809,511329,508039,386321,45260,7434,69023,3291,11176509,1045395,
2007:Q4,Next9,27720221,7666860,6755323,911538,20053361,2124732,798621,811441,542555,268886,357845,327215,30630,4836338,337905,824038,1603725,5115843,3050460,192413,2596279,2589150,2159580,220218,6861,202490,7129,25123942,10462564,
2007:Q4,Next40,26160642,11972651,10147156,1825494,14187991,2216294,507781,461973,291583,170389,103447,83834,19612,1820073,510732,481938,1803409,4633225,1259778,389340,5644847,5634001,4561783,959441,13164,99613,10846,20515795,46499124,
2007:Q4,Bottom50,6028778,4508357,3395453,1112904,1520421,317661,36511,36702,26555,10147,4397,4322,76,131411,111258,17304,295662,206678,187466,175371,4922798,4920303,3422018,1378674,14481,105129,2496,1105980,58132167,
2008:Q1,TopPt1,7484755,885834,646073,239761,6598922,467917,305993,560511,415579,144932,466526,453151,13375,2678568,88452,7638,81239,170314,1752362,19401,94859,93566,49663,6313,9650,27939,1293,7389896,116407,
2008:Q1,RemainingTop1,11317898,2598693,2219953,378740,8719205,778359,372287,605776,463056,142720,194159,169074,25084,3402116,153948,90465,547880,560084,1957159,56972,519688,515871,385729,47417,8659,74067,3816,10798210,1046650,
2008:Q1,Next9,27179967,7494811,6562912,931898,19685156,2213111,869439,830463,553779,276683,459753,429014,30739,4476185,336707,781688,1533525,5139782,2848540,195964,2620750,2613186,2174406,215699,8227,214854,7564,24559216,10473487,
2008:Q1,Next40,25729208,11671741,9817910,1853832,14057467,2258943,532774,468003,293516,174487,133991,114632,19359,1707210,508375,472973,1667145,4684390,1228324,395339,5653634,5642612,4568814,944997,15178,113624,11021,20075574,46546459,
2008:Q1,Bottom50,5930181,4430476,3311329,1119147,1499705,323044,38649,36526,26321,10205,4777,4777,0,117172,110715,18035,279575,206243,187232,177738,5001900,4999330,3471511,1387582,17055,123181,2570,928281,58192077,
2008:Q2,TopPt1,7271851,876577,646301,230276,6395273,452732,290308,608474,468000,140474,435280,421827,13452,2538876,90029,11043,78315,171187,1699295,19736,98049,96714,54327,7704,7183,27500,1335,7173802,116517,
2008:Q2,RemainingTop1,11180920,2520723,2149499,371224,8660197,764702,362693,638347,499912,138435,234023,208188,25834,3279500,154741,92728,545028,579819,1951717,56899,507437,503456,377000,50473,6060,69923,3981,10673482,1047733,
2008:Q2,Next9,26841775,7340309,6383345,956964,19501466,2201461,841976,874793,604979,269814,446546,411563,34984,4322381,341883,761313,1556221,5176236,2780154,198502,2624572,2616851,2201253,219358,6204,190037,7722,24217202,10482535,
2008:Q2,Next40,25359720,11397849,9525597,1872252,13961871,2183534,515001,478978,315653,163325,130847,109791,21056,1651705,511181,470175,1642965,4744768,1233810,398906,5631277,5620241,4554643,952876,10671,102051,11036,19728442,46585290,
2008:Q2,Bottom50,5890021,4412828,3294801,1118027,1477194,308999,36549,36749,27283,9466,4608,4467,141,109833,111327,18816,278139,206209,186947,179018,4965029,4962446,3452060,1390043,13430,106913,2584,924992,58241497,
2008:Q3,TopPt1,6841551,880534,643530,237004,5961017,474317,294155,682811,523154,159657,408277,394669,13609,2134054,90260,14860,70716,172166,1599063,20337,103998,102672,53378,8256,11935,29103,1326,6737553,116610,
2008:Q3,RemainingTop1,10793448,2453263,2092349,360914,8340185,794182,368094,692319,536458,155861,267664,240888,26775,2889082,152859,94745,510259,598289,1915395,57297,528172,524246,380011,53112,11772,79351,3926,10265275,1048692,
2008:Q3,Next9,26117704,7215914,6248547,967367,18901790,2276097,839225,946761,656850,289911,443891,403956,39934,3794741,343017,729727,1462191,5201704,2661345,203093,2627421,2619710,2169525,218126,11667,220391,7711,23490283,10490323,
2008:Q3,Next40,24879408,11136756,9244658,1892098,13742652,2210071,508191,517568,337384,180184,130911,107870,23040,1489617,510654,464615,1483630,4796805,1223171,407421,5623235,5612282,4514728,949096,20222,128236,10953,19256173,46618590,
2008:Q3,Bottom50,5777246,4332679,3212328,1120351,1444566,311739,35551,38204,28043,10162,4577,4231,345,90465,111194,19629,258569,205815,186313,182510,5076567,5074007,3494200,1415222,23267,141318,2560,700679,58284040,
2008:Q4,TopPt1,6197074,882895,637060,245835,5314179,509721,362442,790357,622618,167738,308224,295038,13185,1533591,89656,20040,60004,173352,1445871,20923,102502,101024,53168,8779,11837,27239,1478,6094573,116694,
2008:Q4,RemainingTop1,10332216,2387899,2039353,348546,7944317,839878,423938,768671,605612,163059,408392,381800,26592,2290754,149314,95250,452770,614655,1843028,57666,514921,510354,379908,55668,11780,62997,4567,9817295,1049575,
2008:Q4,Next9,24812116,7089570,6125663,963906,17722547,2383192,919160,1045840,748877,296963,215612,173304,42308,2979277,341643,649747,1287097,5208777,2484634,207567,2517467,2509236,2138615,216346,12087,142188,8231,22294649,10497467,
2008:Q4,Next40,24214481,10901765,9007204,1894561,13312716,2274455,537960,561147,377654,183494,63430,39597,23832,1240857,508066,446651,1236051,4835048,1193392,415660,5515230,5504058,4461565,941688,20141,80664,11172,18699251,46649332,
2008:Q4,Bottom50,5596506,4199743,3086345,1113398,1396763,320704,38115,39487,29338,10149,2882,2493,389,62350,110601,20467,226413,204820,185047,185878,5030873,5028221,3506810,1421307,24192,75912,2652,565632,58323315,
2009:Q1,TopPt1,5843616,878859,630784,248075,4964758,501678,358233,874952,663561,211391,263118,250160,12957,1298970,90981,23632,55236,174753,1302158,21047,99421,97979,52793,8180,9450,27557,1442,5744195,116775,
2009:Q1,RemainingTop1,10067287,2319800,1982627,337173,7747487,834571,423165,827460,625142,202319,462857,436045,26812,2057544,149606,98406,434896,628989,1772780,57212,514617,510225,382766,56442,8825,62192,4392,9552670,1050429,
2009:Q1,Next9,24168356,6959713,5993613,966099,17208644,2388108,907266,1120403,782684,337719,158164,112405,45759,2672974,346070,639470,1253684,5197986,2316038,208480,2466411,2458282,2117596,202852,9690,128145,8129,21701945,10504583,
2009:Q1,Next40,23758421,10659348,8763362,1895987,13099073,2219548,527625,616235,389057,227178,46989,21887,25102,1136820,510224,447539,1155085,4860010,1163670,415328,5439183,5428146,4435711,900079,15150,77206,11037,18319238,46680490,
2009:Q1,Bottom50,5464308,4101650,2996928,1104722,1362658,310051,36765,41341,29256,12085,2398,1899,499,50955,111068,21400,216673,203244,183352,185413,5061139,5058531,3557721,1410589,20224,69996,2608,403169,58362936,
2009:Q2,TopPt1,5889594,873900,632059,241840,5015695,501184,329837,758914,545020,213893,242646,229948,12698,1681606,93709,25825,58124,175784,1126767,21299,103597,102295,54915,8624,10806,27950,1302,5785997,116861,
2009:Q2,RemainingTop1,10278325,2255548,1927829,327719,8022777,838081,403066,726949,522551,204398,478578,451596,26983,2467964,152682,103667,470943,646919,1676943,56985,515772,512002,378682,58606,10646,64067,3770,9762553,1051305,
2009:Q2,Next9,24566598,6859293,5879655,979638,17707305,2410665,864064,1004363,665816,338547,172703,123528,49176,3259345,354716,689172,1412780,5219018,2110093,210385,2461617,2453931,2115960,198806,11792,127374,7686,22104981,10512287,
2009:Q2,Next40,23722542,10415326,8513224,1902102,13307216,2185673,503574,552984,329923,223061,51957,25610,26347,1297734,515851,463654,1290104,4908910,1119390,417385,5400952,5390245,4404720,884519,18094,82913,10707,18321590,46715035,
2009:Q2,Bottom50,5475355,4089235,2992019,1097215,1386120,302865,34123,38196,26524,11673,2407,1800,607,67376,112309,22365,237054,202712,180699,186015,5059189,5056699,3557298,1398317,24094,76991,2489,416166,58406513,
2009:Q3,TopPt1,6245400,867382,636496,230886,5378018,499357,291198,827319,630906,196413,225424,213026,12398,2075653,96689,27979,61320,176810,1074590,21679,105830,104554,54650,9142,12401,28361,1275,6139570,116960,
2009:Q3,RemainingTop1,10720148,2204114,1885623,318490,8516034,839984,374125,767204,578687,188516,491341,464258,27083,2886359,156244,109000,509645,665165,1659983,56984,522688,519052,379110,60766,13006,66170,3636,10197460,1052248,
2009:Q3,Next9,25323577,6784802,5791023,993779,18538775,2430035,806217,1066005,744907,321098,191434,138952,52482,3858470,364128,742963,1584477,5243088,2038675,213285,2432822,2425206,2086564,196428,14439,127775,7616,22890755,10521195,
2009:Q3,Next40,23874740,10236816,8334371,1902445,13637924,2148504,472858,559825,363007,196819,58106,30571,27535,1460011,522143,480005,1438553,4960316,1115776,421828,5355462,5344870,4356502,877153,21876,89340,10592,18519279,46755940,
2009:Q3,Bottom50,5491416,4075559,2989893,1085667,1415857,295140,30921,37737,27522,10216,2451,1744,708,84334,113698,23312,259084,202287,179211,187681,5108041,5105588,3576602,1415222,28771,84992,2453,383375,58457658,
2009:Q4,TopPt1,6224438,887336,643359,243978,5337101,528589,273230,791897,623819,168078,204252,192158,12094,2138903,99047,30783,60920,178042,1009167,22272,109294,108220,56452,9814,13131,28823,1074,6115144,117078,
2009:Q4,RemainingTop1,10782671,2175216,1868407,306810,8607455,878528,361253,726104,563442,162662,510444,483257,27187,2964799,158550,113736,522962,681878,1631840,57361,524181,521439,375290,62938,14260,68951,2743,10258490,1053308,
2009:Q4,Next9,25513513,6774065,5776025,998040,18739449,2523637,774947,1025797,734652,291144,194762,138889,55873,3984335,371692,776536,1664114,5253719,1952071,217840,2428656,2421690,2080226,193821,16056,131588,6967,23084857,10531923,
2009:Q4,Next40,23864008,10114809,8192406,1922403,13749199,2196621,454005,514463,354488,159975,59662,30909,28753,1485115,526976,490976,1483339,5002042,1105753,430246,5320652,5310507,4320794,868000,23823,97889,10145,18543356,46806179,
2009:Q4,Bottom50,5455894,4025974,2937071,1088902,1429921,301372,28884,35093,26821,8272,2403,1591,812,86358,114760,24280,266857,201431,177360,191123,5124338,5122049,3573991,1420445,31662,95952,2289,331556,58519982,
2010:Q1,TopPt1,6418375,897465,654096,243369,5520909,524949,225185,873945,675994,197951,184921,173245,11676,2281882,100217,34008,60725,178358,1034669,22051,117704,116402,57810,9854,19438,29301,1302,6300670,117223,
2010:Q1,RemainingTop1,11032418,2152373,1856458,295916,8880045,878289,322698,781084,591554,189530,527448,500390,27058,3125066,158464,118261,537851,707818,1666776,56289,535394,531680,369571,63802,26828,71477,3715,10497024,1054532,
2010:Q1,Next9,25993603,6772959,5768456,1004503,19220644,2539225,700522,1099693,779914,319779,199433,140789,58645,4224498,375709,799869,1749977,5346959,1968634,216125,2409758,2402013,2057107,183041,27845,134020,7745,23583845,10545087,
2010:Q1,Next40,24012068,10057720,8131507,1926213,13954348,2155276,415248,556769,371176,185593,61506,31806,29701,1543456,528980,499320,1534766,5105829,1129636,423562,5247198,5236680,4253711,833775,43727,105467,10518,18764870,46868724,
2010:Q1,Bottom50,5417786,3984811,2904009,1080802,1432974,292933,25138,36288,27012,9276,2337,1461,876,91983,115187,25284,275550,203302,177163,187810,5096656,5094217,3537262,1402585,48864,105505,2439,321130,58597097,
2010:Q2,TopPt1,6300099,911961,667152,244809,5388138,521776,203661,948653,765711,182942,168665,157536,11129,2021122,99098,38584,55063,178393,1131044,22080,122116,120728,60475,10639,19866,29748,1388,6177983,117402,
2010:Q2,RemainingTop1,10869884,2132066,1847988,284078,8737819,878566,305369,819293,643527,175766,541202,514548,26654,2870043,153789,121966,512639,726576,1752715,55660,535048,530980,363189,66224,28217,73350,4068,10334837,1055969,
2010:Q2,Next9,25831105,6788198,5782216,1005982,19042907,2556109,661719,1160971,857277,303694,208841,148224,60617,3885024,372878,784085,1685401,5444838,2066691,216350,2409492,2401439,2057880,180707,29704,133148,8052,23421614,10561302,
2010:Q2,Next40,23747080,9953287,8027662,1925625,13793792,2115660,392728,565116,401395,163721,64620,34315,30305,1435036,525468,498958,1420309,5172892,1181480,421525,5208348,5197726,4216876,824135,45779,110937,10622,18538732,46946548,
2010:Q2,Bottom50,5375211,3980045,2909628,1070417,1395166,284767,22923,35444,27380,8063,2265,1378,887,79435,114378,26422,261542,202912,178507,186571,5077633,5075148,3514436,1396747,51874,112091,2485,297578,58692614,
2010:Q3,TopPt1,6651847,912830,672168,240662,5739016,532394,206000,947532,806936,140596,154958,144346,10612,2325689,102643,41171,57100,178165,1171157,22207,122942,121805,61517,11617,18499,30172,1137,6528905,117623,21332082
2010:Q3,RemainingTop1,11282854,2097804,1824189,273616,9185050,895157,308319,797672,660796,136876,553211,526898,26313,3197670,158356,127418,544052,748961,1799030,55204,531492,528535,359816,68780,25143,74796,2957,10751362,1057667,6476939
2010:Q3,Next9,26690944,6748115,5732526,1015589,19942829,2606583,657901,1145932,890367,255565,222321,159535,62785,4359320,384078,838115,1833518,5575683,2102025,217353,2385210,2377968,2039138,181076,27687,130067,7242,24305733,10581185,1214857
2010:Q3,Next40,24002663,9857565,7928403,1929162,14145098,2114026,386765,527732,411728,116004,68940,37944,30996,1561884,533526,513799,1539542,5265416,1212136,421332,5158500,5148408,4167203,825293,40843,115070,10092,18844162,47042624,87446
2010:Q3,Bottom50,5418918,3994641,2933304,1061337,1424278,282777,22148,32840,27155,5684,2238,1329,909,92318,116153,27407,279634,203644,178966,186152,5090067,5087781,3504081,1416960,49950,116791,2287,328851,58810145,
2010:Q4,TopPt1,6983531,921438,662357,259080,6062094,531999,234250,925840,709922,215918,162383,149906,12477,2590079,104362,36924,62590,165782,1225528,22357,119891,118571,58075,13299,17926,29271,1320,6863640,117890,
2010:Q4,RemainingTop1,11631951,2104545,1826214,278332,9527406,893819,344410,813366,605005,208361,538844,512021,26823,3440012,168091,134339,568263,770255,1800318,55689,533442,529589,357256,69258,24006,79069,3854,11098509,1059661,
2010:Q4,Next9,27378905,6700486,5695397,1005090,20678418,2581837,716767,1159957,826858,333099,245136,186118,59018,4717516,389048,883986,1915373,5695750,2155666,217383,2391195,2383296,2013501,201325,28003,140466,7900,24987709,10605163,
2010:Q4,Next40,24364927,9783347,7856773,1926574,14581580,2105028,403956,570580,380260,190320,74020,43773,30247,1683135,530326,527826,1676410,5371656,1212785,425856,5182213,5171835,4131051,885663,40778,114343,10378,19182714,47158964,
2010:Q4,Bottom50,5298542,3846829,2780402,1066426,1451713,282092,24058,35362,26222,9140,2804,1278,1526,102245,116263,27483,292317,208351,174404,186334,5052292,5049876,3398015,1477266,54063,120532,2416,246250,58952152,
2011:Q1,TopPt1,7226625,920949,651489,269460,6305677,560586,216237,897540,703477,194063,163257,148871,14385,2824843,106854,34168,67255,154237,1258211,22488,116369,115024,57216,12734,16476,28599,1345,7110256,118200,
2011:Q1,RemainingTop1,11875887,2098898,1813528,285370,9776989,926579,339642,800587,609349,191238,532141,504373,27768,3648325,179357,140318,585141,783432,1785327,56141,528116,524052,353536,65157,20793,84566,4064,11347771,1061937,
2011:Q1,Next9,27772197,6609440,5602085,1007355,21162758,2625584,706251,1154842,843358,311484,251373,194302,57071,5029811,396368,883923,1969493,5743058,2184781,217276,2421166,2413133,2034430,195624,26362,156717,8033,25351031,10632913,
2011:Q1,Next40,24546563,9659975,7728411,1931563,14886588,2174335,389348,550332,383186,167146,74488,44284,30204,1791348,529110,532239,1786526,5424076,1204735,430050,5188583,5178216,4153869,869414,37320,117614,10368,19357979,47293742,
2011:Q1,Bottom50,5246440,3768964,2694449,1074515,1477477,294228,23251,34157,25996,8161,3284,1110,2174,110788,116819,27721,300864,210664,169345,186356,4993680,4991249,3321075,1485380,55287,129506,2432,252760,59116499,
2011:Q2,TopPt1,7320929,944240,650622,293618,6376688,583155,204662,916479,685961,230518,176193,160110,16083,2822578,109128,31223,69489,142743,1298425,22614,111200,109821,54969,12729,14490,27633,1379,7209728,118547,
2011:Q2,RemainingTop1,11926488,2121396,1831167,290229,9805092,952048,339748,833504,605909,227596,516292,487747,28545,3615623,190188,146476,583835,796032,1774758,56588,523269,518955,352231,62765,16530,87429,4313,11403219,1064470,
2011:Q2,Next9,27929789,6611873,5613268,998605,21317916,2653687,704138,1194359,849218,345141,289092,234035,55057,5005099,403052,890242,1953913,5784890,2222303,217142,2428812,2420612,2037692,199224,23430,160266,8199,25500977,10663921,
2011:Q2,Next40,24653905,9582359,7642409,1939950,15071546,2226908,379158,584809,381654,203156,84195,54132,30063,1804188,527410,538156,1820376,5472975,1199188,434183,5197026,5186650,4163430,878492,31829,112899,10377,19456879,47444171,
2011:Q2,Bottom50,5210454,3728270,2641598,1086672,1482183,303671,22800,35547,25670,9876,3917,1172,2745,108593,117270,27950,298988,212810,164300,186338,4936046,4933592,3252347,1499867,53841,127537,2454,274408,59299900,
2011:Q3,TopPt1,6957244,932156,645756,286399,6025088,608157,193177,1015451,759217,256234,175961,158149,17811,2314974,110328,29923,65545,131527,1356866,23180,108236,106976,53129,12967,14360,26520,1260,6849008,118924,
2011:Q3,RemainingTop1,11479177,2124631,1824605,300026,9354546,980170,339186,921101,666920,254181,512288,482723,29565,3073740,198900,151549,538867,805298,1775633,57815,519744,515849,350275,60062,16246,89265,3896,10959433,1067231,
2011:Q3,Next9,27129598,6553091,5538500,1014591,20576508,2686075,700960,1312879,945811,367068,292399,238400,54000,4265172,406529,844837,1771094,5796196,2279967,220399,2441045,2433189,2046139,203532,24692,158827,7856,24688553,10697675,
2011:Q3,Next40,24443485,9580359,7640040,1940319,14863126,2285492,368973,645701,417169,228532,83987,53683,30303,1613230,523096,533097,1663727,5499481,1199848,446495,5217721,5207624,4177218,892217,33281,104908,10097,19225764,47607463,
2011:Q3,Bottom50,5174208,3731828,2642535,1089293,1442379,314154,22334,37092,25984,11108,4326,999,3327,83650,117142,28349,272048,213958,159365,189961,4898287,4895922,3181632,1533397,59713,121181,2365,275920,59499071,
2011:Q4,TopPt1,7224957,938756,637523,301232,6286201,634231,193925,1001117,744495,256621,163637,144356,19281,2509853,114146,26345,70974,119800,1428239,23934,104416,103171,50410,13188,14294,25280,1244,7120541,119326,
2011:Q4,RemainingTop1,11766926,2135013,1829558,305454,9631914,1009346,349749,923967,666513,257454,515951,485675,30276,3240095,212831,158228,558861,819638,1783867,59380,518495,514563,350252,57731,16233,90347,3931,11248432,1070195,
2011:Q4,Next9,27611306,6511245,5504071,1007174,21100061,2719419,717236,1324371,957023,367348,264008,211603,52405,4520748,417880,871336,1835758,5852620,2351571,225114,2443244,2435385,2045601,210000,26424,153359,7859,25168062,10733662,
2011:Q4,Next40,24761695,9531453,7594154,1937299,15230242,2346343,368086,645278,417507,227771,74507,44260,30247,1707713,525220,543548,1792653,5560159,1204401,462335,5238072,5228056,4187469,910972,35479,94137,10016,19523623,47780832,
2011:Q4,Bottom50,5128690,3654156,2560662,1093494,1474534,325070,22619,36846,25695,11151,4443,626,3816,90185,118458,28532,282240,216610,154386,195145,4865922,4863570,3121206,1564334,66858,111172,2352,262768,59710725,
2012:Q1,TopPt1,7614093,961421,633478,327943,6652672,649616,175658,954052,676708,277345,165814,145648,20167,2906308,114782,21580,78194,107917,1454947,23803,101343,99945,49539,12804,12990,24611,1398,7512750,119748,
2012:Q1,RemainingTop1,12172860,2153969,1844327,309642,10018892,1026048,341264,906728,627138,279590,508744,478582,30162,3604459,220484,165788,589735,835153,1761111,59378,512418,507719,345701,53657,13362,95000,4699,11660443,1073335,
2012:Q1,Next9,28362523,6496434,5502344,994090,21866089,2727214,700401,1296161,911606,384554,272736,223614,49122,5056461,419692,935501,1942396,5919002,2373528,222997,2466706,2458280,2061363,206072,24878,165967,8425,25895817,10771370,
2012:Q1,Next40,25103062,9431757,7488932,1942824,15671306,2378333,352581,643468,395447,248021,75544,46223,29320,1881839,519499,562208,1975283,5628555,1192272,461724,5236768,5226513,4199332,899358,32287,95536,10255,19866294,47961491,
2012:Q1,Bottom50,5079459,3572242,2467826,1104416,1507217,331260,21683,37260,25106,12154,4631,526,4105,105742,118028,28608,298734,219600,148705,192966,4792580,4790118,3032026,1573150,67648,117294,2462,286878,59931579,
2012:Q2,TopPt1,7638904,976391,647057,329334,6662513,654138,161061,1007070,747233,259837,171085,150245,20840,2805035,112691,20050,79344,96301,1531974,23765,97390,95836,47146,13006,12103,23581,1555,7541514,120181,
2012:Q2,RemainingTop1,12129855,2188695,1871238,317457,9941160,1030241,335337,955091,689087,266004,500182,470305,29877,3471200,222773,171121,578476,846763,1770428,59549,509899,504419,344566,50980,11473,97399,5480,11619957,1076625,
2012:Q2,Next9,28328826,6548169,5549636,998533,21780657,2709693,687925,1383727,1013608,370119,289515,243684,45831,4891729,413320,896913,1886534,5949179,2450520,221603,2474686,2465684,2062185,211826,24467,167206,9002,25854141,10810287,
2012:Q2,Next40,25158601,9475463,7537365,1938098,15683137,2381267,339506,660305,431471,228834,78867,50565,28302,1857295,507017,558788,1970108,5669966,1197151,462868,5252157,5241658,4206143,915285,30959,89271,10499,19906444,48146652,
2012:Q2,Bottom50,5108374,3622247,2516705,1105542,1486127,332665,20940,36565,25215,11350,4817,485,4332,98853,116095,29000,290878,221396,143358,191559,4747669,4745095,2961789,1599371,70668,113266,2574,360705,60158345,
2012:Q3,TopPt1,7985874,992622,658444,334177,6993252,661579,166558,1014644,713804,300840,171845,150396,21449,3020428,114395,16439,84638,84385,1634508,23832,91894,90312,43343,13029,11234,22707,1582,7893980,120622,
2012:Q3,RemainingTop1,12468413,2232320,1907560,324760,10236093,1037824,349802,982494,675153,307341,494639,464995,29644,3651108,232643,177950,594234,860923,1794567,59908,511072,505372,346862,48237,9629,100644,5700,11957340,1080038,
2012:Q3,Next9,28949579,6613615,5613479,1000135,22335964,2697832,711488,1408712,1004810,403903,294891,251895,42996,5169082,418349,924002,1934449,6001506,2554647,221005,2474740,2465592,2051091,217656,24117,172727,9148,26474839,10849899,
2012:Q3,Next40,25623434,9590007,7656047,1933960,16033427,2391535,342897,694018,424073,269944,78960,51532,27428,1958388,503812,569562,2090690,5727989,1209630,465945,5271510,5261013,4212187,933127,29725,85973,10498,20351924,48333530,
2012:Q3,Bottom50,5134864,3631827,2524253,1107574,1503037,335324,21524,38203,24888,13315,4917,373,4544,106165,116243,29197,298588,223929,137943,191004,4740089,4737497,2912149,1638403,73830,113114,2592,394775,60387740,
2012:Q4,TopPt1,8120497,1009984,666166,343818,7110513,699196,183395,972674,715851,256823,177007,155093,21914,3064216,115650,13411,87742,72457,1700524,24241,90833,89567,43708,14037,10437,21385,1266,8029664,121064,
2012:Q4,RemainingTop1,12582329,2273801,1941925,331876,10308528,1079789,376210,955881,687542,268339,487277,457953,29324,3660124,241681,184395,594548,874139,1793601,60881,499546,495108,340023,45522,7952,101611,4437,12082783,1083548,
2012:Q4,Next9,29257326,6668337,5666875,1001462,22588989,2751050,756111,1402704,1035127,367577,311720,271438,40282,5205576,422027,932200,1922077,6044166,2618308,223050,2505968,2497811,2079520,227750,24042,166499,8157,26751358,10889694,
2012:Q4,Next40,25932285,9686487,7750221,1936266,16245798,2480251,355614,655283,431622,223660,82331,55793,26538,1991711,499419,576259,2142347,5778667,1208508,475408,5303300,5293452,4230133,959997,28906,74416,9848,20628985,48519336,
2012:Q4,Bottom50,5137581,3622708,2508690,1114018,1514873,351122,22869,35891,24640,11251,5054,339,4715,105687,116133,29451,297270,226141,131965,193290,4661528,4659167,2813611,1665599,77710,102247,2361,476053,60616477,
2013:Q1,TopPt1,8578816,1049198,685909,363290,7529617,712603,163505,899766,672990,226776,172308,149592,22715,3516830,117307,9339,94437,59153,1759960,24409,79474,78129,35545,12273,9608,20702,1345,8499342,121501,
2013:Q1,RemainingTop1,13078560,2345808,2008602,337206,10732752,1094111,363513,907157,665561,241596,485316,455728,29589,4069409,251584,191618,617580,903840,1787192,61432,510406,505522,351815,41740,6209,105757,4885,12568154,1087128,
2013:Q1,Next9,30290948,6814214,5821192,993023,23476733,2749549,731943,1352690,1013104,339586,303428,264492,38936,5807904,426912,973144,1997692,6235923,2674332,223217,2459601,2451124,2028402,221926,23913,176884,8477,27831347,10929161,
2013:Q1,Next40,26611400,9878493,7940603,1937890,16732907,2504855,338419,612175,419445,192730,78849,52536,26313,2183896,495921,590039,2303348,5940831,1204221,480353,5282874,5272931,4224671,945646,27989,74625,9943,21328526,48701284,
2013:Q1,Bottom50,5156438,3607951,2486269,1121682,1548487,356297,21741,34147,24282,9864,5134,144,4990,123651,116231,29608,309136,233280,125711,193551,4695210,4692793,2812465,1692189,81539,106601,2416,461228,60841271,
2013:Q2,TopPt1,8693130,1082008,714519,367489,7611122,726941,152404,758336,597342,160995,184703,161306,23398,3586319,118152,6371,97752,45002,1910458,24682,75963,74459,33176,12434,8932,19917,1504,8617167,121927,
2013:Q2,RemainingTop1,13151996,2415332,2070887,344445,10736664,1109508,359291,792914,615184,177730,476598,446843,29755,4101348,259950,198066,617611,922989,1836210,62178,510294,504612,351604,38842,4858,109309,5682,12641702,1090751,
2013:Q2,Next9,30734309,6967412,5974288,993124,23766897,2748702,722556,1214277,946041,268236,338977,301431,37546,5877046,429350,978423,1983063,6422692,2827613,224197,2481477,2472414,2034677,229006,24616,184114,9064,28252831,10967785,
2013:Q2,Next40,26999874,10060598,8130497,1930102,16939275,2531202,328041,519568,390475,129093,87820,61798,26022,2226604,490312,596035,2358311,6085558,1228558,487265,5317132,5306945,4242172,963808,28295,72669,10188,21682741,48876587,
2013:Q2,Bottom50,5223727,3671147,2549486,1121661,1552579,361831,21170,30494,23637,6857,5453,226,5227,124242,115865,29867,307486,241860,119629,194684,4667523,4664993,2752969,1716102,87814,108108,2530,556204,61058838,
2013:Q3,TopPt1,9050318,1097251,734929,362322,7953067,746918,153541,716077,572205,143872,182036,158023,24013,3817847,120437,2176,104085,30613,2054265,25072,71920,70515,31111,12732,7786,18885,1406,8978398,122335,26286594
2013:Q3,RemainingTop1,13522803,2493130,2139477,353653,11029674,1131287,368495,766094,604540,161554,474101,444207,29894,4290855,271248,205424,636423,943775,1878831,63139,507458,502093,352200,35827,2358,111707,5365,13015345,1094392,7537706
2013:Q3,Next9,31588617,7080990,6077031,1003960,24507626,2758452,736967,1185612,939244,246368,335863,299625,36238,6168709,436106,1022232,2041579,6623720,2972321,226065,2504306,2495512,2050634,236329,23030,185519,8793,29084311,11005055,1376361
2013:Q3,Next40,27706958,10303387,8378481,1924906,17403571,2571390,328151,497393,384404,112989,85829,60093,25736,2331279,488131,610335,2505504,6240342,1248892,496324,5363561,5353618,4276241,985596,25204,66577,9943,22343397,49042458,114789
2013:Q3,Bottom50,5326849,3744771,2623150,1121621,1582079,369761,21446,29351,23250,6101,5518,75,5443,132148,116271,30009,316780,250912,113110,196773,4663112,4660656,2709020,1759812,87537,104286,2456,663738,61265891,
2013:Q4,TopPt1,9368306,1118044,748930,369115,8250262,755216,155428,664950,521688,143262,191978,168566,23412,4085655,120154,1979,114521,33850,2101050,25481,75710,74243,31865,13277,8336,20765,1467,9292596,122722,
2013:Q4,RemainingTop1,13954300,2526639,2174128,352511,11427661,1173166,365559,736004,574398,161607,460794,432195,28599,4594453,271122,196887,673115,930686,1961275,64599,528225,522595,359626,40075,4746,118147,5630,13426075,1098025,
2013:Q4,Next9,32507662,7179653,6181605,998048,25328009,2784300,742768,1139336,890571,248765,364164,326468,37696,6509214,442147,1088365,2180061,6877062,2969287,231304,2538966,2529839,2034117,242893,25070,227758,9128,29968696,11040560,
2013:Q4,Next40,28290487,10510807,8574006,1936801,17779680,2571702,336627,484476,371645,112831,90977,66074,24903,2413880,498545,621695,2619472,6371067,1262500,508739,5456013,5445714,4300641,1017969,29416,97688,10299,22834474,49196750,
2013:Q4,Bottom50,5345618,3729976,2609117,1120859,1615642,370850,21358,29289,23164,6126,5230,291,4938,140619,118020,29515,331341,253229,114468,201722,4684956,4682407,2668794,1776253,93728,143632,2549,660662,61459876,
2014:Q1,TopPt1,9674871,1146938,761847,385091,8527933,782229,154013,655737,515271,140466,205968,183209,22758,4330304,119385,2923,121286,38182,2092597,25310,77797,76281,33600,13155,8478,21048,1516,9597074,123088,
2014:Q1,RemainingTop1,14353559,2577426,2228067,349359,11776134,1236114,358777,741474,582086,159388,443843,416573,27270,4876090,270069,187365,686781,902251,2008327,65045,536518,530671,364285,42808,6142,117435,5847,13817041,1101635,
2014:Q1,Next9,33173890,7283510,6302775,980735,25890380,2850317,741772,1149431,901093,248338,403065,364175,38890,6819513,446760,1118576,2227446,6992670,2908747,232083,2531579,2522155,2023151,238872,24614,235517,9424,30642312,11074296,
2014:Q1,Next40,28610285,10646101,8701490,1944610,17964185,2620578,342253,491677,380982,110695,99095,75084,24011,2488864,507756,625039,2622995,6397246,1258317,510365,5485325,5474693,4319279,1021147,30073,104194,10632,23124961,49339879,
2014:Q1,Bottom50,5339339,3706150,2586877,1119273,1633189,380089,21030,29604,23553,6051,5023,583,4440,148060,119498,29108,332389,250942,115583,201864,4636533,4633900,2609150,1780833,92453,151464,2633,702806,61641160,
2014:Q2,TopPt1,10063064,1174952,782269,392683,8888112,789716,141300,657999,496268,161732,206594,184463,22131,4592282,119352,3552,129338,42483,2180211,25287,81315,79714,35851,14067,8764,21032,1601,9981749,123434,
2014:Q2,RemainingTop1,14828223,2632097,2283708,348388,12196126,1276851,339196,759422,577005,182417,432843,406836,26008,5175385,270502,177912,709272,874250,2114732,65761,545755,539539,368840,47051,8304,115344,6216,14282468,1105207,
2014:Q2,Next9,33956498,7409971,6433716,976255,26546527,2874316,717470,1170323,891695,278627,407229,367219,40009,7155224,453608,1159159,2309077,7113851,2952260,234010,2541180,2531344,2021706,247428,25003,237206,9836,31415318,11106363,
2014:Q2,Next40,29015036,10831870,8872118,1959751,18183167,2618905,337657,512691,382031,130660,97358,74197,23161,2571578,518774,630434,2668974,6426697,1285358,514741,5558135,5547105,4350027,1058298,32307,106473,11030,23456901,49472900,
2014:Q2,Bottom50,5405230,3754976,2634510,1120466,1650254,380847,19903,30780,23696,7084,4632,663,3969,156299,121377,28655,338632,248791,117099,203239,4604742,4601999,2557461,1797158,93528,153851,2743,800488,61810842,
2014:Q3,TopPt1,10121589,1204384,795789,408595,8917205,802321,146179,651904,491298,160606,218085,196611,21474,4501272,118274,5402,134042,46911,2267719,25097,82432,80927,37836,14883,8878,19331,1505,10039157,123763,
2014:Q3,RemainingTop1,14940062,2688896,2342261,346635,12251166,1323264,339457,766770,584693,182076,414685,389943,24742,5127906,268885,167472,711242,844460,2220836,66190,546649,540845,374724,51035,9788,105298,5805,14393413,1108728,
2014:Q3,Next9,34177370,7531431,6562682,968749,26645939,2909281,729379,1182887,902159,280728,439690,398773,40918,7003193,457340,1161494,2310212,7220914,2996891,234658,2513127,2503478,2021113,254173,24099,204093,9649,31664243,11136858,
2014:Q3,Next40,29217165,11048803,9066463,1982340,18168361,2630598,349027,520814,390727,130086,103624,81340,22284,2517994,527216,627453,2618322,6444674,1312621,516018,5609005,5597918,4387824,1093092,32538,84464,11087,23608159,49596868,
2014:Q3,Bottom50,5395886,3755716,2628507,1127209,1640170,383845,20011,31147,24055,7092,4441,928,3512,148710,122677,28309,333029,246124,118644,203235,4566248,4563527,2517857,1829763,90959,124948,2721,829638,61970018,
2014:Q4,TopPt1,10396023,1229067,802844,426223,9166956,813585,150161,630637,480412,150225,212953,192077,20877,4678326,118460,6188,140972,51257,2339439,24977,84981,83555,39753,15659,9171,18972,1426,10311041,124075,
2014:Q4,RemainingTop1,15304315,2735052,2391207,343845,12569263,1368000,338464,757851,585829,172022,406562,382982,23580,5344022,269788,157621,727839,815765,2316603,66749,555415,549948,380671,55284,12462,101531,5467,14748900,1112185,
2014:Q4,Next9,34754129,7616210,6661635,954575,27137919,2941281,739242,1173443,902436,271007,428500,386657,41843,7223229,464888,1197912,2368285,7339476,3025809,235854,2514139,2504622,2019337,262241,24314,198729,9517,32239990,11165879,
2014:Q4,Next40,29511962,11198841,9201616,1997226,18313121,2638921,359651,515894,394994,120900,97475,75985,21490,2569068,538769,631645,2637491,6470659,1334938,518609,5681026,5669851,4424038,1128949,35017,81846,11175,23830936,49712839,
2014:Q4,Bottom50,5369029,3718308,2588416,1129892,1650721,386273,20042,30939,24271,6668,4007,918,3090,153211,124670,27845,335975,243803,120135,203822,4540214,4537502,2477708,1847406,91377,121010,2712,828815,62119786,
2015:Q1,TopPt1,10637707,1259327,818591,440736,9378380,854681,143041,626774,500200,126573,215779,195724,20055,4787486,118487,7379,147749,55674,2396524,24807,85891,84404,40752,15243,9498,18910,1487,10551816,124374,
2015:Q1,RemainingTop1,15629021,2787790,2446088,341702,12841231,1446931,325160,766000,618398,147603,392486,370310,22176,5493150,270384,147353,743969,786028,2402548,67223,565719,559983,387261,57697,15878,99148,5736,15063302,1115562,
2015:Q1,Next9,35322413,7730563,6786486,944077,27591849,3038241,726389,1193529,951365,242164,438000,395975,42025,7349881,471973,1221908,2424330,7450741,3040194,236663,2493291,2483439,2002185,256776,24759,199720,9852,32829122,11193526,
2015:Q1,Next40,29860738,11363946,9350801,2013145,18496792,2724883,360111,519081,419397,99684,97071,76643,20427,2594231,549932,633055,2654988,6490554,1352622,520262,5702647,5691119,4442132,1126866,38391,83730,11528,24158091,49821868,
2015:Q1,Bottom50,5372967,3703376,2570697,1132679,1669591,401689,19304,30746,25124,5622,3688,1047,2641,154713,126574,27410,338711,241204,121560,203992,4496949,4494145,2428607,1850521,92161,122855,2804,876018,62261245,
2015:Q2,TopPt1,10770113,1299381,840369,459012,9470732,861761,138385,592401,493385,99016,212762,193495,19267,4805951,117049,8618,152625,60168,2496319,24693,88404,86877,42227,15896,9826,18928,1527,10681709,124659,
2015:Q2,RemainingTop1,15823660,2854027,2513406,340621,12969632,1486631,314525,741366,623204,118162,382320,361468,20852,5552000,268072,136914,748941,755183,2515880,67801,580741,574829,395497,62047,20143,97142,5912,15242918,1118846,
2015:Q2,Next9,35659788,7886409,6944459,941950,27773378,3061174,718474,1160857,957275,203582,431918,389772,42146,7351212,474669,1244863,2437066,7554353,3100879,237913,2504345,2494231,2001237,265261,25329,202404,10114,33155443,11219897,
2015:Q2,Next40,30056877,11568600,9521462,2047138,18488277,2722639,362789,501366,425766,75601,92214,72792,19423,2584334,557500,634139,2621554,6504184,1384578,522981,5795145,5783306,4490082,1163766,42648,86810,11839,24261732,49925011,
2015:Q2,Bottom50,5405667,3743222,2596858,1146365,1662445,402328,18733,29810,25416,4393,3305,1079,2226,152241,127671,26969,335183,238317,123249,204639,4500328,4497447,2407567,1870771,92871,126238,2881,905339,62395492,
2015:Q3,TopPt1,10501485,1309926,855752,454174,9191559,865605,150892,662360,565322,97038,210102,191732,18370,4383105,114512,11314,152431,64831,2551588,24821,90662,89193,43927,16632,10087,18546,1470,10410822,124934,
2015:Q3,RemainingTop1,15620161,2902856,2560562,342294,12717305,1522318,322274,828205,711580,116625,371594,352158,19437,5169248,263568,125384,724053,721967,2599885,68808,592827,587156,403459,66080,24414,93204,5671,15027334,1122024,
2015:Q3,Next9,35290744,7979474,7027066,952408,27311270,3076898,745598,1295417,1092190,203227,426505,384701,41804,6738895,474076,1222828,2335205,7639684,3115134,241028,2508114,2498058,2003247,272902,25254,196655,10056,32782630,11245089,
2015:Q3,Next40,30051633,11831645,9765030,2066615,18219988,2712151,381755,560965,486793,74171,87459,69157,18302,2400433,562381,625628,2453423,6503564,1402026,530203,5883506,5871538,4540796,1200570,46201,83971,11968,24168126,50023323,
2015:Q3,Bottom50,5416840,3794287,2646082,1148205,1622553,401578,19321,31561,27216,4345,2938,1120,1818,130475,128166,26671,315066,234782,124697,207298,4510362,4507475,2386908,1906882,91688,121997,2887,906478,62523625,
2015:Q4,TopPt1,10698447,1319604,863730,455874,9378843,895207,156159,608765,568993,39772,208593,190999,17594,4571499,113837,11610,160040,69254,2558847,25033,92047,90617,46465,15565,10360,18226,1430,10606400,125201,
2015:Q4,RemainingTop1,15926522,2944306,2601608,342698,12982217,1587761,321859,778976,728450,50526,360082,341882,18201,5395303,262748,115292,746717,692007,2651506,69965,604954,599452,409975,67732,32212,89533,5502,15321568,1125081,
2015:Q4,Next9,35825013,8051653,7095563,956090,27773360,3149055,757634,1214583,1116559,98024,423893,382243,41650,6977347,479083,1276084,2416383,7755051,3079456,244791,2506815,2496762,2015692,262058,26806,192206,10054,33318198,11269203,
2015:Q4,Next40,30459570,12049515,9964205,2085310,18410054,2768769,393970,528789,501269,27520,83494,66150,17344,2458240,571862,632959,2503787,6525521,1403663,539000,5926350,5914220,4598945,1178533,54685,82057,12130,24533220,50117859,
2015:Q4,Bottom50,5451443,3805858,2655204,1150654,1645585,412039,19401,29504,27751,1753,2637,1180,1457,135652,129686,26114,321810,232241,125842,210659,4455961,4453056,2364729,1876342,93042,118943,2906,995482,62646741,
2016:Q1,TopPt1,10844455,1348732,876097,472635,9495723,928330,150432,626969,591450,35519,221195,204136,17059,4648707,113284,12715,166149,73761,2529103,25078,92818,91320,47483,15268,10532,18038,1498,10751637,125459,
2016:Q1,RemainingTop1,16154030,2993611,2652420,341191,13160419,1657238,309841,811032,765375,45657,336635,319370,17265,5509505,262155,104537,760707,660862,2677083,70824,618460,612659,417971,70097,38112,86479,5800,15535571,1128004,
2016:Q1,Next9,36279962,8152536,7201680,950856,28127426,3229045,747775,1261994,1171840,90154,458668,416613,42055,7061404,484467,1304567,2464299,7862313,3005623,247270,2489830,2479420,2003868,258669,26314,190570,10409,33790132,11292335,
2016:Q1,Next40,30769819,12211954,10099629,2112325,18557865,2834704,396060,553380,528971,24409,90232,73552,16680,2472496,581676,634990,2515519,6541185,1392900,544723,5966721,5954226,4631313,1181556,59222,82136,12495,24803099,50209676,
2016:Q1,Bottom50,5452846,3791807,2631571,1160236,1661038,424042,18752,30158,28577,1580,2643,1490,1152,136001,131276,25632,323791,229406,126692,212645,4429246,4426242,2331448,1886646,89700,118449,3003,1023600,62765939,
2016:Q2,TopPt1,11128951,1397020,897013,500007,9731931,925499,136324,639241,615799,23441,225973,209346,16627,4794575,113965,13265,172513,79511,2605812,25252,94864,93331,48737,15749,10728,18116,1533,11034087,125713,
2016:Q2,RemainingTop1,16517551,3074403,2736328,338075,13443148,1684369,289079,835429,804636,30793,319094,302631,16463,5692185,263995,94012,776447,643310,2773319,71910,635288,629330,427246,74154,43194,84736,5958,15882263,1130778,
2016:Q2,Next9,36914903,8352300,7414675,937626,28562602,3229998,720823,1293614,1230691,62924,472572,429916,42656,7241458,493567,1350605,2518972,7945231,3045016,250745,2497706,2487048,2001680,265962,24780,194627,10658,34417197,11314585,
2016:Q2,Next40,31162536,12468998,10326357,2142641,18693538,2807527,389958,574017,558367,15650,90966,74823,16143,2514529,594561,640646,2535910,6574580,1417974,552870,6058734,6045934,4683257,1214609,61849,86219,12800,25103802,50299828,
2016:Q2,Bottom50,5461684,3795025,2621648,1173376,1666659,420450,17551,30459,29410,1049,2541,1665,877,139352,133550,25084,326832,226822,128308,215711,4433640,4430563,2316938,1906319,84189,123116,3077,1028043,62882316,
2016:Q3,TopPt1,11344597,1394812,910373,484439,9949784,954135,128932,597628,590706,6921,222979,206890,16089,4955291,113736,13676,180272,85248,2672578,25308,97741,96331,50724,16449,10938,18219,1410,11246855,125962,34019916
2016:Q3,RemainingTop1,16844055,3114547,2773327,341220,13729508,1748196,275276,799451,790075,9376,308159,292592,15566,5889302,263993,83451,800411,626102,2862386,72781,651087,645659,435425,77972,49148,83114,5428,16192969,1133391,8722108
2016:Q3,Next9,37428202,8419510,7463709,955801,29008693,3300227,707216,1226892,1206814,20078,465402,422576,42826,7442439,499938,1401222,2605098,8032504,3074451,253304,2515564,2505184,2009516,273458,23093,199116,10380,34912639,11336051,1548843
2016:Q3,Next40,31680047,12766437,10608160,2158277,18913610,2862256,390125,556427,552035,4392,85495,70006,15490,2562967,605257,647207,2593603,6611504,1439924,558844,6163060,6150254,4744031,1250568,65065,90591,12806,25516987,50389371,124200
2016:Q3,Bottom50,5607705,3918519,2747066,1171454,1689185,430536,16792,29842,29531,310,2307,1703,603,143349,135330,24512,334465,224376,129876,217801,4455938,4452903,2303651,1943143,77948,128160,3036,1151766,62996970,
2016:Q4,TopPt1,11302318,1397688,925749,471939,9904631,956323,117003,554713,554713,0,224650,208761,15889,4954963,116195,13644,174410,82047,2684926,25756,100026,98719,50793,17069,10039,20818,1307,11202292,126209,
2016:Q4,RemainingTop1,16940268,3152280,2811725,340555,13787988,1730032,277485,757607,757607,0,326914,311501,15413,6010635,268909,83714,790509,632390,2836072,73721,652867,647910,443054,76444,45149,83262,4957,16287401,1135831,
2016:Q4,Next9,37691978,8552630,7575200,977430,29139348,3370113,698256,1167606,1167606,0,426212,383893,42320,7525057,496362,1379499,2652137,8069663,3095883,258558,2526045,2516104,2035027,278018,21957,181102,9941,35165932,11356825,
2016:Q4,Next40,32027295,13013060,10845011,2168049,19014236,2937076,385788,537601,537601,0,80283,64039,16244,2569227,601244,644400,2605018,6652357,1435254,565988,6209675,6197120,4761876,1279243,64985,91016,12554,25817621,50479170,
2016:Q4,Bottom50,5636328,3923947,2745191,1178755,1712382,440897,15830,28706,28706,0,2151,1513,639,140890,134782,25587,340366,226313,134001,222858,4491753,4488815,2301180,1985664,81166,120806,2938,1144575,63110819,
2017:Q1,TopPt1,11592677,1414807,943410,471397,10177870,972418,101727,541054,541054,0,238040,222483,15557,5218922,120805,11608,172430,78672,2696389,25805,102442,100997,51170,16525,9218,24084,1445,11490235,126455,
2017:Q1,RemainingTop1,17377723,3197882,2859234,338648,14179841,1727863,275990,749881,749881,0,333964,318843,15121,6401603,278074,85282,803998,640856,2808385,73945,655032,649493,449637,72617,40489,86751,5538,16722691,1138112,
2017:Q1,Next9,38642706,8713634,7719584,994051,29929071,3470917,682043,1166389,1166389,0,419133,377729,41404,7977658,499184,1419445,2791826,8125372,3116367,260736,2538913,2528605,2062735,268204,20490,177175,10308,36103793,11376979,
2017:Q1,Next40,32629632,13215335,11027748,2187587,19414297,3048485,377927,539751,539751,0,84254,67335,16918,2679507,602489,654543,2723579,6707790,1430228,565745,6222231,6209468,4778763,1265819,63591,101294,12763,26407401,50569332,
2017:Q1,Bottom50,5727840,3962364,2768845,1193519,1765477,457357,14646,28267,28267,0,2206,1542,664,149848,135407,26448,359611,228900,138171,224615,4514227,4511209,2294224,2007259,83558,126168,3018,1213614,63224060,
2017:Q2,TopPt1,11869242,1426310,964641,461669,10442932,943236,90917,550930,550930,0,242901,227437,15464,5341213,124374,10176,168644,75330,2869219,25992,105592,104093,51672,16875,8209,27337,1499,11763650,126699,
2017:Q2,RemainingTop1,17757677,3246159,2909031,337128,14511518,1672249,279387,769381,769381,0,348760,333671,15089,6651786,285133,86450,807590,648695,2887682,74405,663551,657797,456625,70550,40477,90145,5754,17094127,1140248,
2017:Q2,Next9,39447932,8884881,7873235,1011646,30563051,3471710,675472,1208291,1208291,0,390596,349342,41254,8234835,498821,1440813,2896163,8176104,3306274,263972,2568516,2558123,2094656,269537,21084,172846,10393,36879415,11396577,
2017:Q2,Next40,33090346,13427644,11232187,2195457,19662702,3042327,374797,561091,561091,0,82115,64116,17999,2733551,601154,660837,2800381,6759814,1478571,568064,6282323,6269511,4804282,1284839,69084,111305,12812,26808023,50659772,
2017:Q2,Bottom50,5850277,4060209,2860041,1200168,1790068,454146,13758,28238,28238,0,2140,1418,722,152664,135455,27376,373792,231329,143647,227521,4559441,4556406,2295325,2040908,88996,131176,3035,1290836,63336711,
2017:Q3,TopPt1,12016683,1430287,982763,447525,10586395,932289,93711,520600,520600,0,247147,232241,14906,5481754,128798,8671,165393,71979,2909292,26760,108733,107212,52091,17230,7454,30437,1522,11907949,126942,
2017:Q3,RemainingTop1,18060583,3290975,2955109,335866,14769607,1637828,298668,742034,742034,0,362501,347944,14557,6922665,293866,87660,815181,656481,2876831,75891,667258,661430,464298,68167,36411,92554,5828,17393324,1142255,
2017:Q3,Next9,40141091,9033003,8002586,1030417,31108088,3512898,699225,1176041,1176041,0,361299,321671,39629,8519183,500970,1464398,3018971,8226661,3356756,271684,2592068,2581697,2127705,270022,19833,164137,10371,37549023,11415684,
2017:Q3,Next40,33615825,13678675,11479878,2198796,19937150,3083876,386491,549459,549459,0,79547,60993,18554,2794389,601892,667636,2898066,6812050,1482573,581171,6338182,6325382,4835374,1303424,68113,118471,12800,27277643,50750406,
2017:Q3,Bottom50,5959653,4129089,2925540,1203549,1830564,458898,13758,27518,27518,0,2028,1298,730,156265,135967,28298,390663,233763,148156,235252,4620423,4617393,2303333,2090341,91335,132384,3030,1339231,63448791,
2017:Q4,TopPt1,12372152,1429173,995422,433751,10942978,934257,99559,516648,516648,0,240916,226404,14512,5767438,133296,6966,162468,68603,2985835,26993,112348,110816,52387,17910,6604,33915,1533,12259804,127185,
2017:Q4,RemainingTop1,18583840,3325383,2989039,336344,15258457,1618305,321927,745540,745540,0,383916,369708,14208,7341635,302713,89001,825610,664452,2888939,76418,675730,669877,471805,66481,34316,97275,5853,17908110,1144148,
2017:Q4,Next9,41129355,9157216,8096620,1060597,31972139,3582930,729402,1193017,1193017,0,306826,268291,38535,9006822,503279,1494237,3155910,8279000,3445454,275263,2628106,2617795,2157717,274915,19465,165698,10311,38501249,11434365,
2017:Q4,Next40,34245213,13905171,11685350,2219820,20340042,3159494,401211,559827,559827,0,69777,50335,19442,2910973,602777,675787,3011638,6865944,1498278,584335,6411755,6398989,4862316,1334171,70155,132346,12766,27833457,50841150,
2017:Q4,Bottom50,6078858,4197229,2980105,1217124,1881630,469325,13923,27252,27252,0,1766,1003,763,166252,136510,29201,409605,236269,152985,238542,4686032,4683017,2308119,2137308,95064,142525,3016,1392826,63560316,
2018:Q1,TopPt1,12369485,1449644,1018747,430897,10919841,957870,85751,519758,519758,0,245190,231154,14035,5688208,137094,6698,154360,65302,3032350,27263,114899,113133,52906,17346,5708,37174,1766,12254587,127428,
2018:Q1,RemainingTop1,18720851,3391810,3056585,335225,15329042,1623751,323146,757676,757676,0,395997,382225,13772,7395880,310137,89379,804552,671208,2880311,77005,680243,673398,477340,62553,32912,100592,6845,18040609,1145945,
2018:Q1,Next9,41543057,9374299,8291276,1083023,32168758,3701317,717999,1224454,1224454,0,280305,243125,37180,8989288,503433,1479425,3169420,8321341,3502651,279126,2640491,2629503,2184567,264496,19419,161021,10988,38902566,11452685,
2018:Q1,Next40,34690288,14209237,11964260,2244977,20481052,3292227,395824,576818,576818,0,68027,47696,20331,2886222,601911,674548,2980864,6912472,1503952,588186,6424567,6411415,4876831,1319059,73349,142176,13152,28265721,50931920,
2018:Q1,Bottom50,6180167,4273296,3038538,1234758,1906871,489274,12836,27089,27089,0,1688,897,791,160141,136663,30259,410689,238441,157647,242145,4703285,4700121,2297046,2156422,99395,147259,3163,1476882,63671305,
2018:Q2,TopPt1,12476497,1456849,1033042,423807,11019648,931209,84035,536713,536713,0,251334,237836,13498,5731549,141691,5796,148656,61937,3099351,27378,117681,115911,53742,17533,4466,40171,1770,12358816,127670,
2018:Q2,RemainingTop1,18955905,3430004,3095571,334433,15525901,1570452,338732,786702,786702,0,406106,392832,13274,7575733,319124,90174,798896,678682,2883988,77312,686816,679976,483621,60017,34362,101975,6840,18269089,1147659,
2018:Q2,Next9,42119949,9522089,8415193,1106896,32597860,3707979,732776,1284536,1284536,0,259347,223715,35633,9143819,505928,1484241,3246265,8369883,3581287,281800,2663455,2652550,2220689,263575,20755,147531,10905,39456494,11470709,
2018:Q2,Next40,35018486,14365640,12099390,2266251,20652845,3293410,403074,606932,606932,0,67870,46608,21262,2908767,602969,677461,3023243,6963936,1516007,589175,6481488,6468382,4908175,1331805,81887,146516,13106,28536998,51022631,
2018:Q2,Bottom50,6293619,4368513,3118999,1249514,1925106,487245,12499,27070,27070,0,1646,829,817,159392,137245,31251,420945,240832,162508,244473,4740115,4736970,2300624,2185244,106585,144517,3144,1553504,63781775,
2018:Q3,TopPt1,12752332,1460596,1045354,415242,11291736,895937,74917,567807,567807,0,258722,245784,12938,5962054,146563,4831,144873,58493,3149840,27698,121518,119654,54510,18070,3756,43318,1863,12630815,127913,
2018:Q3,RemainingTop1,19380169,3467342,3134167,333174,15912828,1507084,346039,832725,832725,0,414977,402220,12757,7945209,328632,91006,806024,687110,2876043,77977,691004,683784,490587,57750,31260,104187,7219,18689166,1149308,
2018:Q3,Next9,42994035,9658120,8530251,1127869,33335915,3695271,732112,1374522,1374522,0,242193,208177,34017,9559461,509193,1490949,3376939,8426614,3642621,286039,2692388,2681274,2258140,265612,19900,137621,11114,40301647,11488501,
2018:Q3,Next40,35549493,14600871,12319805,2281066,20948622,3271896,402887,650803,650803,0,68861,46539,22323,3002829,604661,680786,3127663,7021809,1522497,593930,6549029,6535803,4945016,1355517,82022,153248,13225,29000464,51113200,
2018:Q3,Bottom50,6388969,4431713,3171347,1260366,1957256,481430,11697,27044,27044,0,1633,785,848,166927,137970,32238,439017,243509,167302,248489,4805838,4802649,2310766,2237615,109345,144922,3189,1583131,63891744,
2018:Q4,TopPt1,11769393,1423221,1025047,398173,10346173,902661,96880,599394,599394,0,258106,245744,12362,4965308,147309,7159,126466,55358,3159363,28169,123858,122087,54978,18701,2145,46264,1771,11645535,128157,
2018:Q4,RemainingTop1,18437007,3407518,3073262,334257,15029488,1492385,390265,879225,879225,0,428154,415922,12232,7088424,329914,89626,720460,690964,2841164,78908,698020,691224,497115,55750,34112,104248,6796,17738986,1150906,
2018:Q4,Next9,41468817,9521015,8359156,1161859,31947802,3776650,796222,1467504,1467504,0,207151,174790,32361,8276118,500038,1395126,3131475,8444955,3661112,291450,2707209,2696497,2287953,269435,21973,117136,10712,38761608,11506128,
2018:Q4,Next40,34794492,14390352,12087119,2303233,20404140,3361202,433562,696252,696252,0,64721,41155,23567,2627088,596187,662414,2794983,7050520,1515712,601499,6614009,6601011,4970022,1383385,93856,153748,12999,28180483,51203542,
2018:Q4,Bottom50,6378400,4480343,3206261,1274082,1898056,494089,12734,26771,26771,0,1505,619,886,119902,136424,33575,402547,244880,171861,253768,4849247,4846146,2311551,2279772,118240,136583,3100,1529153,64001229,
2019:Q1,TopPt1,12782378,1439505,1022652,416853,11342873,916833,111452,626517,626517,0,264251,252413,11838,5828417,153542,3961,128058,51605,3230068,28169,126740,124821,55097,18077,2197,49450,1919,12655638,128403,
2019:Q1,RemainingTop1,19608527,3418240,3088478,329762,16190288,1486100,425706,920487,920487,0,436909,425129,11780,8096999,342080,91949,763035,703547,2844477,78999,694955,687543,503006,51864,26793,105880,7412,18913572,1152470,
2019:Q1,Next9,43586279,9590086,8422234,1167853,33996192,3874944,842890,1553748,1553748,0,188987,158081,30907,9572634,507271,1471221,3410779,8536882,3743607,293229,2701322,2690221,2308481,259005,18988,103747,11101,40884956,11523653,
2019:Q1,Next40,35625310,14316157,11981413,2334744,21309153,3470516,455595,738876,738876,0,65731,40522,25208,2963113,601123,680426,3069855,7135416,1528200,600301,6605287,6592066,4980044,1368088,85142,158792,13220,29020023,51293574,
2019:Q1,Bottom50,6465573,4463909,3165188,1298720,2001664,510073,13262,26247,26247,0,1513,565,948,155435,137876,34327,442130,248766,176898,255137,4851468,4848283,2300309,2297436,116188,134350,3185,1614105,64110249,
2019:Q2,TopPt1,13097053,1469104,1053986,415119,11627948,881411,93660,663590,663590,0,274522,263272,11251,5984426,157820,1997,123457,48167,3370576,28322,129076,127200,54901,18309,1218,52772,1876,12967977,128649,
2019:Q2,RemainingTop1,20081810,3521570,3194327,327244,16560240,1422461,425210,972945,972945,0,443234,431959,11275,8398741,350344,93447,766848,717053,2890596,79360,703623,696427,512113,49652,25848,108813,7197,19378186,1154016,
2019:Q2,Next9,44636229,9914431,8731620,1182811,34721798,3862128,827183,1661803,1661803,0,180673,151401,29271,9890092,508598,1508966,3533882,8553331,3898955,296187,2722419,2711563,2335150,260451,19181,96781,10857,41913810,11541142,
2019:Q2,Next40,36488823,14826120,12475812,2350308,21662703,3448870,448336,791589,791589,0,69847,42751,27096,3027905,601216,690346,3163426,7256917,1562324,601927,6671030,6657947,5012523,1388374,89351,167700,13083,29817793,51383210,
2019:Q2,Bottom50,6591128,4557430,3246315,1311115,2033698,504223,11926,25390,25390,0,1596,577,1019,159582,138247,35213,459102,258206,182440,257774,4913355,4910224,2316277,2335321,121140,137486,3131,1677773,64218822,
2019:Q3,TopPt1,13025170,1434042,1047765,386277,11591127,862712,132295,657954,657954,0,287941,277349,10592,5870621,162219,623,116191,44725,3427464,28382,132815,130844,55202,18684,878,56079,1972,12892354,128898,38259304
2019:Q3,RemainingTop1,20117858,3490925,3161211,329715,16626932,1378122,487881,977425,977425,0,447915,437202,10713,8435467,358831,94548,754015,730050,2883124,79555,707932,700344,520156,47253,21662,111274,7588,19409926,1155558,10398555
2019:Q3,Next9,44854527,9887924,8664260,1223664,34966603,3886873,917372,1687243,1687243,0,179549,152109,27440,9837222,510232,1528278,3590220,8564228,3966954,298431,2744993,2733920,2367515,261468,17655,87282,11074,42109534,11558660,1766396
2019:Q3,Next40,36675254,14816283,12450456,2365827,21858972,3471473,490229,807126,807126,0,76424,47110,29314,2990272,601549,696359,3178677,7375318,1569738,601809,6732203,6718996,5048533,1409118,86123,175222,13207,29943052,51472367,156347
2019:Q3,Bottom50,6778050,4724626,3405386,1319240,2053424,505749,13712,24774,24774,0,1742,639,1103,151587,138673,36162,466361,267562,187465,259639,4981454,4978277,2330571,2387625,121482,138599,3177,1796596,64326964,
2019:Q4,TopPt1,13668543,1440791,1056898,383893,12227752,921295,168344,643810,643810,0,283167,270188,12979,6410619,165984,6053,119187,64279,3415654,29359,138026,136047,56898,21289,1723,56136,1979,13530517,129149,
2019:Q4,RemainingTop1,20564841,3444208,3113855,330353,17120634,1434774,498839,934902,934902,0,429130,418842,10288,8815019,357609,104089,807946,750793,2907428,80107,717369,709944,512963,52210,28507,116265,7425,19847472,1157112,
2019:Q4,Next9,45764829,9853275,8610041,1243234,35911553,4000566,958854,1642030,1642030,0,186237,160002,26235,10602629,517294,1512330,3763174,8472645,3952794,303000,2781049,2769943,2383633,281763,19177,85371,11105,42983780,11576272,
2019:Q4,Next40,37542616,14793557,12406240,2387317,22749059,3633635,516566,791791,791791,0,80868,52754,28114,3239803,605327,730083,3347672,7587379,1598082,617854,6805740,6792532,5097246,1437520,85032,172735,13207,30736876,51560999,
2019:Q4,Bottom50,6873638,4711356,3384811,1326546,2162282,532977,15254,25479,25479,0,1811,839,972,185918,140035,37856,484314,287627,184845,266166,5007494,5004314,2340580,2399409,119759,144565,3180,1866145,64434729,
2020:Q1,TopPt1,12216818,1484713,1100634,384079,10732105,983075,277618,636802,634106,2696,319549,304454,15095,4666581,168293,16436,100529,84790,3448814,29617,140571,138348,58696,21777,1625,56251,2223,12076246,129403,
2020:Q1,RemainingTop1,18770707,3501349,3171215,330134,15269359,1494734,581498,903597,899873,3723,394142,384206,9936,6915420,353470,110308,717128,759925,2959755,79382,730133,721850,504366,54193,41283,122008,8282,18040575,1158689,
2020:Q1,Next9,43246500,10146581,8888631,1257950,33099919,4120299,1120611,1610520,1606701,3819,281008,255764,25243,8198661,519979,1342205,3337956,8281155,3985499,302025,2797909,2785995,2396318,278574,23596,87507,11914,40448592,11594049,
2020:Q1,Next40,37348132,15287233,12882076,2405157,22060898,3803706,598032,781561,780218,1343,111630,84525,27105,2612310,605500,731064,2830742,7725336,1640484,620534,6811676,6798030,5135357,1394494,95616,172563,13646,30536455,51649212,
2020:Q1,Bottom50,6879497,4799874,3467658,1332216,2079623,561558,20661,26085,25983,103,2497,1635,862,118202,140594,40064,416264,304463,182513,266721,4984623,4981272,2338356,2364082,125067,153767,3352,1894874,64542317,
2020:Q2,TopPt1,13682286,1510082,1129413,380669,12172204,1109919,335551,575869,546295,29574,316077,299187,16890,5941080,174908,18590,111656,104832,3453246,30478,144974,142817,60781,22826,2999,56210,2157,13537312,129660,
2020:Q2,RemainingTop1,20153308,3507588,3179281,328306,16645720,1628460,611424,821144,779025,42119,379187,369620,9567,8051872,357825,122091,822767,777129,2994102,79719,730727,722930,496060,57101,44259,125510,7797,19422580,1160298,
2020:Q2,Next9,45763446,10312152,9049329,1262823,35451294,4382700,1194623,1450650,1408001,42650,287596,263397,24199,9989805,535507,1429152,3730407,8156947,3988241,305665,2810890,2799189,2415739,282577,23362,77511,11701,42952555,11612063,
2020:Q2,Next40,39188510,15560489,13157607,2402882,23628021,4144416,639364,708458,690826,17632,115841,89766,26075,3144294,616176,786750,3249439,7915163,1673769,634350,6822767,6809259,5183946,1371934,87914,165465,13508,32365743,51737149,
2020:Q2,Bottom50,7155590,4872959,3547023,1325936,2282631,618678,23315,27158,26013,1145,2572,1817,755,184023,143502,41419,466054,323654,180005,272251,4948368,4945067,2344041,2328027,119729,153270,3300,2207222,64649959,
2020:Q3,TopPt1,14539629,1578225,1183202,395023,12961404,1152039,308108,545939,545939,0,303201,284635,18566,6618497,181334,22361,115279,125154,3557713,31779,151858,149719,63817,25014,4275,56612,2139,14387770,129922,
2020:Q3,RemainingTop1,20871787,3586618,3254676,331942,17285169,1665266,562635,759704,759704,0,368746,359447,9299,8592052,361772,132810,877917,792272,3091165,80829,737769,730247,488647,61300,46004,134297,7521,20134018,1161950,
2020:Q3,Next9,47268600,10705734,9404889,1300845,36562866,4456565,1135894,1393718,1393718,0,273558,250106,23452,10950723,550443,1466095,3914308,8013768,4095123,312672,2885164,2873515,2457190,297498,22747,96080,11649,44383436,11630385,
2020:Q3,Next40,40716202,16212260,13735896,2476364,24503941,4261434,619965,687397,687397,0,113744,88446,25298,3446052,626346,831876,3430057,8091997,1738779,656293,6920061,6906601,5266649,1385475,79608,174869,13460,33796141,51824954,
2020:Q3,Bottom50,7411763,5022936,3657477,1365459,2388827,638475,21544,26135,26135,0,2514,1843,671,223111,146300,42947,485966,342331,178093,281411,5006266,5002982,2375314,2338333,113806,175530,3284,2405497,64757890,
2020:Q4,TopPt1,16147955,1643155,1235753,407402,14504800,1252130,295848,557742,557742,0,311137,291133,20004,7919348,189704,26512,123878,144948,3651177,32377,160280,158219,68113,27707,5033,57366,2061,15987675,130188,
2020:Q4,RemainingTop1,22369373,3651642,3316391,335252,18717730,1767578,528709,755352,755352,0,351158,342138,9020,9758391,369524,143299,966366,815239,3181423,80692,746414,739430,477224,65793,51680,144734,6983,21622959,1163653,
2020:Q4,Next9,50054996,11068167,9732050,1336117,38986829,4656664,1100173,1406290,1406290,0,303402,280733,22668,12779631,571150,1491620,4236416,7936806,4190418,314259,2980090,2968694,2507540,315352,23994,121808,11397,47074906,11649087,
2020:Q4,Next40,42790365,16771907,14229106,2542801,26018458,4529900,610325,696567,696567,0,124803,100296,24507,3989173,641222,874633,3767494,8318812,1800375,665154,7029505,7016206,5343477,1405227,78524,188978,13299,35760861,51912772,
2020:Q4,Bottom50,7742000,5174550,3773848,1400702,2567450,683632,20569,26374,26374,0,2760,2171,589,289770,150152,44518,525631,363238,176081,284725,5041138,5037914,2386841,2334947,112456,203670,3224,2700862,64866344,
2021:Q1,TopPt1,17165791,1739043,1309085,429957,15426749,1372839,324539,441229,441229,0,312415,290581,21834,8693063,192866,33241,125279,165246,3733194,32837,166994,164723,71512,29243,5919,58049,2270,16998797,130460,
2021:Q1,RemainingTop1,23253168,3778733,3442962,335771,19474436,1892721,533893,606835,606835,0,337551,328494,9057,10400418,366941,152072,1005694,833379,3264620,80309,752387,744700,467299,68830,54872,153699,7687,22500782,1165419,
2021:Q1,Next9,51760383,11619794,10263700,1356094,40140589,4899946,1131246,1138941,1138941,0,318047,295248,22798,13876402,576276,1437126,4357048,7817070,4273706,314783,3043539,3031449,2545971,321897,24241,139339,12091,48716843,11668241,
2021:Q1,Next40,44578907,17603050,15002365,2600685,26975857,4851149,631686,569460,569460,0,131585,107112,24473,4329012,643299,900368,3874564,8514905,1858391,671437,7089344,7075672,5410200,1392680,74304,198488,13672,37489563,52000745,
2021:Q1,Bottom50,8017536,5320442,3887731,1432711,2697094,737687,21740,24239,24239,0,2937,2379,559,332743,151147,46351,536523,382855,173982,286889,5055013,5051643,2397424,2319840,109106,225273,3370,2962523,64975554,
2021:Q2,TopPt1,18463906,1903026,1431099,471927,16560880,1390680,329781,431469,418039,13429,317738,294302,23437,9532754,198962,37941,129924,185493,3972890,33248,179246,177030,77941,33984,6718,58388,2216,18284660,130738,
2021:Q2,RemainingTop1,24452005,4029245,3686121,343124,20422760,1901458,517964,591324,566603,24721,323397,314370,9027,11109736,370128,162250,1066784,853416,3446465,79837,765634,758386,463586,76760,57979,160062,7248,23686370,1167256,
2021:Q2,Next9,54303077,12596417,11181256,1415161,41706659,4919183,1124878,1104507,1075890,28617,340540,317813,22727,15065083,590135,1446478,4567874,7712604,4520461,314917,3212707,3200791,2667793,364135,24538,144326,11916,51090370,11687918,
2021:Q2,Next40,47133266,19166468,16420829,2745640,27966798,4903527,635206,550548,540519,10029,140591,116300,24291,4694394,652507,939780,4083839,8723077,1966559,676770,7389926,7376373,5619133,1486191,70644,200405,13553,39743340,52089017,
2021:Q2,Bottom50,8435029,5634672,4117563,1517109,2800357,746726,21699,23987,23509,478,3159,2639,520,378520,153739,47982,560283,403043,172589,288629,5259504,5256177,2524240,2389160,106123,236654,3327,3175525,65085754,
2021:Q3,TopPt1,19042473,2009478,1511273,498204,17032996,1419320,323659,452307,425751,26556,329449,304446,25002,9674925,203131,43778,126789,206219,4219301,34118,184713,182480,80231,36214,7329,58705,2233,18857760,131022,
2021:Q3,RemainingTop1,24817423,4153443,3804594,348849,20663980,1922320,492405,613661,563610,50051,308001,298976,9025,11130701,369476,171692,1073817,869488,3632246,80173,780502,773381,460928,81720,64517,166216,7122,24036921,1169175,
2021:Q3,Next9,55286804,13179171,11716242,1462929,42107633,4961645,1100242,1141408,1083711,57697,375888,353154,22734,15286877,598217,1420851,4558112,7572170,4773663,318561,3282693,3270713,2713174,382991,26274,148275,11979,52004111,11708190,
2021:Q3,Next40,48562989,20093129,17242390,2850738,28469861,4983815,629604,567944,546207,21736,153569,129384,24186,4790511,656948,971772,4042382,8906028,2076728,690562,7527305,7513736,5728935,1511369,71728,201704,13569,41035684,52177733,
2021:Q3,Bottom50,8693320,5845752,4269294,1576458,2847568,760455,21078,24578,23626,952,3476,2989,486,392782,155269,49729,552786,422202,171064,294148,5362232,5358897,2592468,2412798,106451,247180,3335,3331087,65197179,
2021:Q4,TopPt1,19870830,2077654,1555106,522548,17793176,1495283,352103,396017,395905,111,333866,307391,26475,10215438,207282,50195,130596,226547,4351106,34742,190613,188343,82973,38947,7608,58815,2270,19680217,131314,
2021:Q4,RemainingTop1,25431203,4176971,3821151,355820,21254232,1996333,499040,518586,518349,238,295872,286853,9019,11548342,368760,180778,1128454,891193,3746802,80072,802324,795245,457686,87475,79046,171038,7079,24628879,1171185,
2021:Q4,Next9,56596152,13457712,11941036,1516676,43138440,5105898,1132913,1007141,1006848,293,395122,372398,22723,16061504,606222,1377662,4743957,7479776,4907939,320307,3361429,3349322,2765202,407060,31129,145931,12107,53234723,11729129,
2021:Q4,Next40,49881390,20472977,17511027,2961950,29408413,5186814,651444,509775,509683,91,161488,137410,24078,5040197,661293,1000053,4222242,9124665,2150687,699755,7689080,7675460,5845509,1548716,82135,199100,13620,42192310,52267035,
2021:Q4,Bottom50,8957580,5998598,4359637,1638961,2958982,794780,22260,22582,22578,4,3673,3220,453,424785,156781,51535,573029,442937,169007,297614,5462085,5458727,2663120,2430522,112514,252572,3358,3495495,65310061,
2022:Q1,TopPt1,19747985,2236452,1681149,555303,17511533,1542992,353108,420425,420425,0,362692,335778,26914,9683591,208347,59564,121140,250341,4474043,35289,193257,190810,83578,40038,8291,58903,2448,19554728,131614,
2022:Q1,RemainingTop1,25097348,4404025,4041482,362543,20693323,2038440,481420,535981,535981,0,274473,265854,8619,10908739,361929,187894,1089346,879247,3856024,79831,819226,811587,459192,91669,84988,175737,7639,24278122,1173296,
2022:Q1,Next9,56409636,14393306,12824367,1568939,42016331,5188814,1121002,1054016,1054016,0,467617,446037,21580,15346346,605011,1242767,4548077,7088321,5032913,321446,3401811,3389116,2795011,418622,32578,142906,12695,53007825,11750805,
2022:Q1,Next40,51200265,21940192,18857373,3082819,29260073,5315923,651471,534694,534694,0,185430,162384,23047,4872816,658049,1008743,3973061,9130554,2221868,707464,7800665,7786734,5955290,1553293,82086,196066,13930,43399601,52357069,
2022:Q1,Bottom50,9215992,6269457,4561227,1708231,2946534,816736,22028,23249,23249,0,4218,3848,370,408305,156600,53632,539716,454748,166882,300419,5562461,5558980,2750917,2438599,112041,257423,3481,3653530,65424634,
2022:Q2,TopPt1,18308629,2347276,1788718,558558,15961354,1531092,373134,470746,470746,0,349717,322644,27073,7872954,207414,69662,103354,273203,4673955,36122,199917,197522,87014,43302,8854,58352,2395,18108712,131923,
2022:Q2,RemainingTop1,23384127,4555753,4188426,367327,18828374,2013618,481327,580899,580899,0,269559,261377,8182,9000534,351133,194548,987424,856133,4013106,80093,830395,823185,454980,97975,93729,176501,7210,22553732,1175518,
2022:Q2,Next9,53915690,15109194,13500772,1608422,38806496,5143574,1140808,1157492,1157492,0,449337,428992,20345,12834277,597832,1085607,4097920,6737682,5237202,324766,3472318,3459787,2857022,447033,35094,120639,12530,50443373,11773292,
2022:Q2,Next40,51218628,23100064,19958299,3141765,28118563,5290160,666848,587849,587849,0,180890,158963,21927,4194516,649879,1012684,3450315,9047717,2317292,720413,7964914,7951099,6081726,1603158,85141,181073,13815,43253714,52447977,
2022:Q2,Bottom50,9370575,6561169,4823243,1737926,2809406,812721,22785,24633,24633,0,4095,3806,289,334024,155323,55801,472017,457493,164948,305566,5656172,5652733,2824974,2467658,113305,246795,3439,3714403,65541132,
2022:Q3,TopPt1,17926788,2314885,1744742,570142,15611904,1507251,399432,577150,577150,0,330843,303594,27248,7443771,209642,78442,96202,295272,4636851,37049,208598,206182,91659,46620,9547,58356,2416,17718190,132240,46369052
2022:Q3,RemainingTop1,22715409,4387314,4015587,371726,18328095,1975467,486971,680330,680330,0,266282,258463,7819,8465626,346549,202139,959299,841296,4023620,80516,836460,829364,445782,103449,99398,180735,7095,21878949,1177861,11146846
2022:Q3,Next9,52553523,14761883,13115866,1646017,37791640,5072766,1171161,1376878,1376878,0,418536,399209,19327,12245795,600056,970232,3950606,6459944,5196880,328785,3557193,3544587,2922079,471189,36448,114872,12606,48996329,11796660,2148339
2022:Q3,Next40,50369864,22491724,19282099,3209625,27878140,5233301,687363,698795,698795,0,172270,151287,20982,4054170,649380,1025586,3267742,9016485,2338028,735021,8103453,8089618,6187564,1640883,84856,176314,13836,42266410,52539904,241362
2022:Q3,Bottom50,9313854,6537144,4763162,1773982,2776711,803500,23865,27071,27071,0,3882,3660,222,321613,155764,57837,446995,462419,162307,311457,5720998,5717548,2863105,2492146,112761,249535,3450,3592857,65659790,
2022:Q4,TopPt1,18340505,2290912,1711593,579318,16049594,1460487,434720,748582,748582,0,316893,290340,26553,7871271,212496,78280,101539,297858,4489521,37948,211980,209785,94293,48473,9351,57669,2195,18128525,132549,
2022:Q4,RemainingTop1,23150835,4302722,3928976,373746,18848113,1923695,517664,844440,844440,0,270486,262919,7567,8894506,352018,202846,999552,826026,3934748,82132,837907,831773,445370,105645,105020,175738,6134,22312927,1180611,
2022:Q4,Next9,53064571,14483387,12826900,1656487,38581184,4976575,1228924,1723545,1723545,0,389363,370744,18619,12853459,608496,983268,4114403,6321571,5045816,335764,3594613,3582723,2969952,487413,38538,86820,11889,49469958,11824199,
2022:Q4,Next40,50272121,22075278,18836878,3238400,28196844,5115102,716036,870184,870184,0,162651,142271,20380,4228994,656662,1030289,3442029,8929777,2293393,751727,8201061,8187613,6250352,1687241,90662,159358,13448,42071061,52662556,
2022:Q4,Bottom50,9250289,6442869,4651506,1791363,2807420,783496,25674,29279,29279,0,3640,3446,194,340841,157416,57939,469040,459003,162212,318881,5770724,5767429,2894125,2529668,115880,227755,3295,3479565,65813070,
2023:Q1,TopPt1,18990446,2305579,1720837,584741,16684867,1411334,514735,873262,873262,0,309969,283329,26640,8410096,217054,76115,107695,298155,4427942,38510,216712,214430,97778,49142,9744,57766,2282,18773734,132986,
2023:Q1,RemainingTop1,23874903,4326494,3948463,378031,19548409,1869488,585837,955674,955674,0,273290,265699,7591,9434134,360780,205172,1045785,834938,3900142,83170,823267,816766,439985,105498,95621,175662,6501,23051636,1184505,
2023:Q1,Next9,54460610,14566852,12888312,1678541,39893758,4876824,1354613,1962342,1962342,0,374071,355392,18679,13617803,621985,1062304,4302495,6397522,4983593,340206,3631374,3619180,3013189,487444,35041,83506,12193,50829237,11863197,
2023:Q1,Next40,51009791,22249325,18970117,3279208,28760467,4991843,777343,987094,987094,0,157883,137437,20446,4448396,668235,1049932,3642942,8997877,2276669,762253,8219843,8206202,6282071,1685567,80866,157698,13641,42789948,52836248,
2023:Q1,Bottom50,9347726,6496642,4681816,1814826,2851083,762579,29741,29636,29636,0,3526,3331,195,365088,160037,57893,494424,462128,162502,323528,5743381,5740017,2879031,2524334,110955,225697,3364,3604345,66030134,
2023:Q2,TopPt1,19786215,2397851,1801432,596418,17388364,1387705,562324,881982,881982,0,310376,283970,26405,8955937,220016,74204,113768,297546,4545534,38972,220563,218280,100016,50476,9850,57937,2283,19565652,133116,
2023:Q2,RemainingTop1,24799543,4550856,4170088,380768,20248687,1843244,625605,963366,963366,0,273381,265875,7507,9976908,366553,206730,1090484,843941,3974476,83997,820849,814349,438621,107026,92062,176640,6499,23978694,1185658,
2023:Q2,Next9,56429549,15269660,13576165,1693495,41159889,4827678,1426485,1978900,1978900,0,374937,356495,18442,14385624,630780,1125465,4484165,6476678,5105392,343785,3682854,3670655,3050321,498602,33719,88013,12199,52746695,11874746,
2023:Q2,Next40,53036142,23748552,20430073,3318478,29287590,4931728,811784,995187,995187,0,158057,137813,20244,4666727,675594,1064275,3840657,9057865,2314882,770833,8291514,8277862,6325558,1714551,77215,160539,13651,44744628,52887682,
2023:Q2,Bottom50,9476261,6575015,4736329,1838686,2901246,752428,32140,29648,29648,0,3525,3340,186,389702,161692,57756,519274,464716,163019,327346,5774880,5771514,2897224,2536017,108902,229371,3366,3701381,66094413,
2023:Q3,TopPt1,19483209,2410248,1816564,593684,17072961,1364579,611818,901676,901676,0,291299,264876,26422,8598627,218578,67967,110619,298593,4569836,39370,223904,221559,102174,51311,9877,58197,2345,19259304,133053,
2023:Q3,RemainingTop1,24500820,4589956,4208528,381429,19910864,1817144,666308,980075,980075,0,276938,269424,7513,9621934,363750,210884,1067353,832746,3989044,84689,822125,815356,438067,108175,90607,178507,6769,23678695,1185099,
2023:Q3,Next9,56091201,15390481,13693409,1697072,40700720,4776919,1498799,2015206,2015206,0,335963,317502,18462,13883552,626510,1319042,4390165,6377484,5130276,346804,3740551,3728150,3090179,506385,33179,98407,12401,52350650,11869149,
2023:Q3,Next40,53045710,24044357,20724349,3320008,29001353,4870973,845896,1012834,1012834,0,145523,125264,20259,4524139,672021,1105413,3738152,8986079,2322175,778148,8365131,8351369,6376761,1732031,75746,166832,13762,44680579,52862756,
2023:Q3,Bottom50,9459921,6596900,4757718,1839183,2863020,742279,34620,29572,29572,0,3228,3041,187,373585,160888,57126,506398,461680,163023,330622,5807400,5803991,2928503,2530043,107989,237457,3409,3652520,66063263,
2023:Q4,TopPt1,20424103,2409670,1804302,605368,18014433,1373378,659730,976066,976066,0,298493,272223,26270,9515019,220670,73583,121864,295639,4439652,40338,227123,224717,104081,52551,9878,58207,2406,20196979,133121,
2023:Q4,RemainingTop1,25527244,4565099,4184502,380597,20962145,1827170,705514,1042252,1042252,0,275778,268319,7459,10530514,367838,207165,1149264,861660,3908594,86398,823041,816012,437180,109536,90832,178464,7029,24704203,1185702,
2023:Q4,Next9,57835989,15316185,13623143,1693042,42519804,4796842,1568075,2150809,2150809,0,350631,332322,18309,15168175,632724,1144999,4722891,6634333,4996100,354224,3783634,3771030,3123119,516897,33262,97752,12603,54052356,11875190,
2023:Q4,Next40,53786810,23801241,20470610,3330631,29985570,4894530,878409,1078596,1078596,0,150180,130053,20128,4887991,677193,1068495,4103806,9169072,2281273,796024,8434103,8420224,6416947,1760826,75965,166485,13879,45352708,52889661,
2023:Q4,Bottom50,9534184,6560925,4713991,1846934,2973259,746190,37016,29142,29142,0,3336,3155,181,414944,162049,57698,552229,469365,162690,338600,5845117,5841663,2948073,2548415,108153,237022,3454,3689067,66096885,
2024:Q1,TopPt1,21370278,2455203,1839735,615468,18915075,1405415,676310,954184,954184,0,297631,271528,26103,10429537,225609,71960,130327,296071,4387102,40928,229020,226474,105635,52131,9873,58835,2545,21141258,133560,
2024:Q1,RemainingTop1,26622648,4665573,4282457,383115,21957076,1864076,719541,1024994,1024994,0,276890,269495,7395,11437391,377352,209126,1211076,869577,3879567,87485,826515,818898,435742,108483,92785,181888,7617,25796133,1189614,
2024:Q1,Next9,59844136,15635096,13929259,1705837,44209040,4871986,1593754,2112614,2112614,0,348291,330168,18124,16450429,647348,1207169,4974012,6701371,4943183,358883,3814405,3801330,3145022,509589,33986,112733,13075,56029731,11914366,
2024:Q1,Next40,55239773,24446865,21082724,3364142,30792907,4982178,890856,1060235,1060235,0,149414,129435,19978,5251256,689697,1084544,4379074,9231194,2267386,807074,8449630,8435463,6439462,1742061,77895,176044,14167,46790143,53064144,
2024:Q1,Bottom50,9679824,6604300,4737303,1866997,3075523,760638,37856,29427,29427,0,3313,3141,172,456217,164879,57706,586756,472247,163003,343481,5851648,5848089,2945066,2544098,109516,249409,3559,3828175,66314939,
2024:Q2,TopPt1,21716367,2513124,1894883,618241,19203243,1362769,696530,992987,992987,0,294234,268355,25879,10636032,227467,71059,132722,296367,4451635,41441,231998,229450,107442,52847,9963,59198,2548,21484369,133840,
2024:Q2,RemainingTop1,27054190,4817249,4432775,384473,22236941,1816796,736283,1057402,1057402,0,278020,270707,7313,11643389,380872,210286,1228812,874438,3922226,88419,826442,818820,435852,109423,89774,183771,7622,26227748,1192106,
2024:Q2,Next9,60838554,16106928,14394461,1712467,44731626,4783838,1623715,2183305,2183305,0,341144,323252,17893,16742008,652827,1242631,5046119,6742441,5010697,362899,3861155,3848061,3179003,515672,32867,120519,13094,56977399,11939329,
2024:Q2,Next40,56452006,25475213,22097273,3377940,30976794,4874080,905085,1094513,1094513,0,147038,127255,19784,5334524,694520,1093881,4457103,9269630,2289776,816644,8513097,8498906,6486042,1756974,74808,181081,14192,47938909,53175322,
2024:Q2,Bottom50,9738689,6653917,4778969,1874948,3084772,742361,38872,29198,29198,0,3252,3089,163,465520,165979,57725,596579,474035,163529,347721,5881425,5877860,2968196,2545937,107776,255951,3565,3857263,66453880,
2024:Q3,TopPt1,22675070,2508896,1886606,622289,20166174,1362909,745769,1051775,1051775,0,313101,287582,25519,11433106,230710,69659,140043,296063,4480940,42100,233758,231354,108786,53198,10027,59343,2404,22441312,134036,
2024:Q3,RemainingTop1,27992685,4794951,4408738,386213,23197734,1817373,776236,1105051,1105051,0,274517,267332,7185,12429872,387164,211625,1281451,882670,3942175,89599,824859,817863,437029,109633,86796,184405,6996,27167827,1193854,
2024:Q3,Next9,62481853,16042885,14321436,1721449,46438968,4786840,1693655,2288025,2288025,0,379916,362378,17538,17853033,662445,1291543,5259804,6814145,5041565,367997,3894046,3881418,3208821,518328,31762,122508,12628,58587807,11956829,
2024:Q3,Next40,57041170,25316440,21919258,3397182,31724730,4876393,937618,1145066,1145066,0,159336,139861,19475,5647158,702634,1105587,4694762,9326933,2300383,828860,8570021,8556082,6532298,1769527,71786,182470,13940,48471149,53253265,
2024:Q3,Bottom50,9828692,6665717,4779469,1886247,3162975,742640,41326,28630,28630,0,3539,3389,150,501544,167808,57663,626269,476560,163843,353155,5942374,5938910,2998110,2577077,105948,257775,3464,3886317,66551287,
2024:Q4,TopPt1,22854767,2503073,1874973,628100,20351694,1389171,821889,1034944,1034944,0,247620,222449,25170,11556136,231944,71299,140011,295735,4520129,42817,234462,232051,111298,52213,8589,59951,2411,22620305,134225,
2024:Q4,RemainingTop1,28205526,4762518,4372141,390378,23443008,1847267,837366,1092018,1092018,0,281742,274679,7062,12552538,389502,210867,1281629,890984,3968214,90882,782506,775483,435554,107991,44090,187848,7023,27423021,1195539,
2024:Q4,Next9,62647582,15951873,14208340,1743533,46695709,4846127,1799419,2259044,2259044,0,249902,232703,17198,18026643,666086,1245106,5260611,6886613,5082612,373548,3923459,3910801,3250348,506223,15999,138231,12658,58724123,11973708,
2024:Q4,Next40,57039269,25124162,21685404,3438758,31915107,4946573,986257,1131173,1131173,0,116961,97783,19178,5696701,705842,1096794,4693955,9384599,2314081,842172,8553457,8539491,6581188,1734214,31686,192403,13966,48485811,53328439,
2024:Q4,Bottom50,9893463,6700549,4790127,1910421,3192914,754298,45104,28886,28886,0,2524,2387,137,507087,168540,57895,626227,479096,164180,359078,5907948,5904476,3017142,2547417,69291,270626,3472,3985515,66645233,
2025:Q1,TopPt1,22711917,2554492,1896194,658298,20157425,1417465,842947,1057115,1057115,0,257678,232894,24785,11305576,229560,72927,136029,298405,4496534,43190,233078,230413,111990,52247,5843,60333,2665,22478838,135173,
2025:Q1,RemainingTop1,28080044,4837654,4445542,392112,23242391,1881062,855413,1111581,1111581,0,283692,276773,6919,12314428,384325,211586,1255246,891767,3961644,91647,765507,757416,437292,108000,23201,188923,8092,27314537,1203983,
2025:Q1,Next9,62569676,16199143,14447429,1751714,46370534,4920214,1832892,2301151,2301151,0,267995,251203,16792,17692611,658816,1218705,5153987,6886259,5061184,376721,3931002,3917478,3265995,505121,8368,137994,13524,58638674,12058279,
2025:Q1,Next40,57302091,25445313,21951561,3493752,31856778,5029554,1002669,1151756,1151756,0,122869,104029,18840,5607657,701017,1096991,4565904,9416187,2312763,849412,8568104,8553603,6611097,1734637,14864,193005,14502,48733987,53705101,
2025:Q1,Bottom50,9883752,6697796,4752549,1945247,3185957,767679,46177,28917,28917,0,2657,2536,120,495643,167538,58413,610555,481027,165160,362191,5902574,5898908,3021726,2563302,42320,271560,3666,3981179,67115951,
2025:Q2,TopPt1,23812693,2612009,1934889,677120,21200684,1413605,855197,1080509,1080509,0,254399,229952,24447,12303048,231573,71403,147599,300342,4499448,43559,233445,230826,113325,52851,3468,61182,2619,23579248,136038,
2025:Q2,RemainingTop1,29316057,4949339,4550986,398353,24366718,1878583,866334,1131856,1131856,0,285309,278515,6795,13302653,387857,214303,1339377,897189,3970861,92397,761534,753660,439784,109090,11911,192875,7873,28554524,1211682,
2025:Q2,Next9,64859012,16562199,14778553,1783647,48296812,4923809,1853926,2344979,2344979,0,260798,244358,16440,19089652,664651,1288784,5495704,6927803,5066863,379843,3978028,3964623,3297588,510804,4278,151953,13405,60880983,12135388,
2025:Q2,Next40,58914271,26159580,22591201,3568379,32754691,5028124,1013311,1173124,1173124,0,120457,101913,18545,6002948,706829,1117367,4942008,9474637,2319321,856564,8640564,8626086,6666359,1750317,6991,202419,14479,50273706,54048527,
2025:Q2,Bottom50,10061058,6774523,4785085,1989438,3286535,766957,46811,28892,28892,0,2592,2486,106,540671,168906,58593,657677,484029,166131,365276,5932230,5928585,3047686,2573234,23801,283863,3644,4128828,67545136,
2025:Q3,TopPt1,25004640,2602236,1924115,678122,22402403,1420564,903046,1102566,1102566,0,253940,230141,23799,13318833,232999,69748,156423,300977,4599469,43838,235422,233058,114836,53221,2827,62174,2364,24769218,136453,
2025:Q3,RemainingTop1,30485496,4912848,4508264,404584,25572648,1887286,904823,1150038,1150038,0,285928,279355,6572,14302969,390459,216242,1402608,902598,4036764,92934,764853,758087,441223,109376,9388,198101,6765,29720643,1215381,
2025:Q3,Next9,66772048,16461128,14645279,1815849,50310919,4944542,1920645,2384770,2384770,0,259962,244130,15831,20502244,668822,1351366,5752337,6972692,5171428,382112,4033841,4021258,3330547,513400,3368,173943,12584,62738206,12172432,
2025:Q3,Next40,59594327,25979713,22361542,3618171,33614615,5050346,1044051,1192381,1192381,0,119902,101903,17999,6399371,710742,1133362,5228376,9520367,2353860,861855,8716439,8702401,6718184,1762250,5383,216584,14038,50877889,54213514,
2025:Q3,Bottom50,10226426,6846346,4829084,2017262,3380080,770450,49187,28725,28725,0,2571,2486,85,586606,169814,58590,693420,486211,166919,367587,6003995,6000528,3077031,2602078,19172,302247,3467,4222431,67751322,
2025:Q4,TopPt1,25453395,2588803,1912108,676695,22864592,1429063,981711,1119191,1119191,0,247282,223976,23306,13684075,232495,70474,159271,299652,4596648,44732,238292,235770,116247,54110,2544,62870,2521,25215104,136325,
2025:Q4,RemainingTop1,30911472,4873139,4462043,411096,26038334,1896552,966604,1162710,1162710,0,285300,278891,6409,14659684,389529,215497,1422361,911695,4033912,94490,769815,762370,441511,110380,8333,202147,7445,30141657,1214246,
2025:Q4,Next9,67436722,16347854,14496941,1850912,51088868,4961109,2024783,2413066,2413066,0,248063,232669,15394,21005218,667344,1325344,5832369,7054555,5168120,388897,4090398,4077303,3359638,521769,2988,192908,13095,63346324,12161061,
2025:Q4,Next40,59825336,25841629,22172445,3669184,33983706,5071167,1090697,1205912,1205912,0,115690,98098,17592,6538911,709378,1126991,5320434,9574108,2352130,878289,8793683,8779364,6759008,1787133,4729,228493,14319,51031653,54162871,
2025:Q4,Bottom50,10339936,6915776,4869885,2045891,3424161,774012,53058,28441,28441,0,2467,2395,72,603162,169499,58612,704815,488381,166768,374947,6071213,6067635,3106805,2626018,17172,317640,3578,4268724,67688033,
2026:Q1,TopPt1,25311992,2649661,1937284,712377,22662331,1473775,1006257,1104402,1104402,0,265014,242336,22679,13331518,232477,71175,154778,298676,4679452,44806,239711,236765,117541,53586,2617,63021,2946,25072282,136095,
2026:Q1,RemainingTop1,30730484,4964095,4546853,417242,25766389,1946235,985517,1150715,1150715,0,284687,278483,6204,14312130,389609,214571,1390229,914663,4083440,94593,769766,760487,439570,109086,8604,203227,9279,29960718,1212197,
2026:Q1,Next9,67334132,16648338,14762255,1886084,50685794,5054244,2055926,2386708,2386708,0,282903,268056,14847,20514327,667332,1297415,5701971,7082711,5252870,389386,4108736,4094259,3377823,514428,3086,198922,14477,63225396,12140540,
2026:Q1,Next40,60280257,26423829,22650205,3773624,33856427,5185020,1104304,1193186,1193186,0,126781,109704,17078,6400950,709094,1119576,5174668,9586380,2376896,879571,8795392,8780309,6773937,1769340,4897,232135,15083,51484864,54071475,
2026:Q1,Bottom50,10348948,6937221,4826745,2110476,3411727,793232,54257,28583,28583,0,2728,2672,56,587223,169417,58593,686631,488748,166766,375549,6082588,6078710,3112114,2626591,17687,322319,3879,4266359,67573814,
