Date,Category,Assets,Nonfinancial assets,Real estate,Consumer durables,Financial assets,Deposits,Money market fund shares,Debt securities,U.S. government and municipal securities,Corporate and foreign bonds,Loans (Assets),Other loans and advances (Assets),Mortgages,Corporate equities and mutual fund shares,Life insurance reserves,Annuities,DC pension entitlements,DB pension entitlements,Miscellaneous other equity,Miscellaneous assets,Liabilities,Loans (Liabilities),Home mortgages,Consumer credit,Depository institutions loans n.e.c.,Other loans and advances (Liabilities),Deferred and unpaid life insurance premiums,Net worth,Household count
1989:Q3,Silent,17642586,5648622,4588052,1060570,11993964,2433384,309822,871927,745014,126913,277515,162988,114527,1707411,219472,274030,454999,3103469,2202945,138991,1267459,1257775,831943,308962,2354,114516,9684,16375126,48553376
1989:Q3,BabyBoom,5819221,3051282,2260997,790285,2767940,510450,52446,169719,124456,45263,16351,5874,10477,379142,137861,54773,228962,378316,754594,85324,1831801,1825637,1355516,445778,2171,22173,6164,3987420,39289625
1989:Q3,GenX,130957,89446,44121,45325,41511,12634,375,4833,4453,380,0,0,0,3891,2859,28,1229,545,12083,3034,53514,53386,23697,29467,7,215,128,77443,5177100
1989:Q3,Millennial,0,0,0,0,0,0,0,0,0,0,0,0,0,0,0,0,0,0,0,0,0,0,0,0,0,0,0,0,0
1989:Q4,Silent,17902167,5722356,4654553,1067802,12179812,2443599,315041,880355,747525,132830,293340,175874,117466,1755107,225896,281009,472661,3153640,2217849,141317,1291099,1281070,848064,315460,2299,115248,10028,16611069,48581895
1989:Q4,BabyBoom,5991999,3099507,2291886,807622,2892491,538869,61448,172196,126443,45753,21163,10789,10374,393085,142129,59860,240236,410715,765470,87319,1875962,1869542,1386789,459548,2081,21125,6420,4116036,39314788
1989:Q4,GenX,151360,98037,47878,50159,53323,17580,748,5388,4828,560,0,0,0,3913,3605,172,2298,2712,13507,3400,60483,60283,25729,34277,10,266,200,90877,5366102
1989:Q4,Millennial,0,0,0,0,0,0,0,0,0,0,0,0,0,0,0,0,0,0,0,0,0,0,0,0,0,0,0,0,0
1990:Q1,Silent,17962610,5735540,4643612,1091928,12227070,2433660,326221,873084,743626,129458,315488,194714,120773,1706228,229878,287891,478583,3202150,2228063,145824,1310359,1300512,874634,306336,2884,116660,9847,16652251,48563739
1990:Q1,BabyBoom,6030969,3136531,2315718,820812,2894439,546358,75882,170188,126202,43985,35755,25479,10277,327283,143985,64927,234904,430858,773523,90776,1911710,1905454,1429545,449396,2556,23958,6256,4119259,39352975
1990:Q1,GenX,164799,107897,53654,54243,56903,20453,1557,5993,5279,714,0,0,0,0,4131,323,712,4934,14810,3990,68318,68124,31221,36588,19,296,193,96481,5588046
1990:Q1,Millennial,0,0,0,0,0,0,0,0,0,0,0,0,0,0,0,0,0,0,0,0,0,0,0,0,0,0,0,0,0
1990:Q2,Silent,18181660,5802589,4707678,1094910,12379071,2424567,316402,897843,762762,135081,324124,200739,123386,1760037,234502,295184,487381,3250552,2242366,146113,1332918,1323073,897609,305504,2360,117600,9845,16848742,48501343
1990:Q2,BabyBoom,6147489,3162053,2324577,837476,2985437,555620,71585,179327,135030,44297,35764,25595,10168,346401,146802,80878,234116,456650,786556,91738,1946992,1940745,1461868,452531,2056,24290,6247,4200497,39403449
1990:Q2,GenX,178551,112908,52907,60001,65643,23774,968,6651,5697,954,0,0,0,0,4817,1105,0,7407,16627,4294,77702,77484,36440,40677,19,348,218,100849,5841384
1990:Q2,Millennial,0,0,0,0,0,0,0,0,0,0,0,0,0,0,0,0,0,0,0,0,0,0,0,0,0,0,0,0,0
1990:Q3,Silent,18157900,5828294,4717706,1110589,12329606,2419486,325405,922930,787024,135907,334362,208187,126176,1600112,238208,301486,484401,3297629,2257370,148216,1348722,1338911,913554,306668,1026,117663,9811,16809178,48397139
1990:Q3,BabyBoom,6084000,3225759,2383434,842325,2858241,570229,84445,190210,146759,43451,38195,28133,10061,160881,148857,78016,218329,473575,801569,93935,1979793,1973573,1493502,459696,882,19494,6220,4104207,39465470
1990:Q3,GenX,201844,124827,61587,63240,77017,28062,1731,7332,6133,1199,0,0,0,0,5465,836,0,10035,18757,4799,86839,86599,40210,45938,9,441,240,115005,6124564
1990:Q3,Millennial,0,0,0,0,0,0,0,0,0,0,0,0,0,0,0,0,0,0,0,0,0,0,0,0,0,0,0,0,0
1990:Q4,Silent,18400625,5793702,4673470,1120232,12606923,2425774,326101,971821,811831,159990,348409,219792,128617,1722387,241903,308045,504191,3344444,2263787,150061,1358191,1348156,921376,306641,1154,118985,10035,17042434,48253561
1990:Q4,BabyBoom,6315953,3251824,2400823,851001,3064130,598668,89977,207258,159839,47419,50326,40375,9951,249825,151148,83345,233005,494486,810005,96087,2022104,2015689,1526586,465907,970,22226,6415,4293849,39538300
1990:Q4,GenX,230712,139913,72103,67809,90799,34587,1929,8286,6599,1687,0,0,0,0,6199,1048,0,12972,20438,5340,94508,94194,41849,51843,13,488,314,136203,6436036
1990:Q4,Millennial,0,0,0,0,0,0,0,0,0,0,0,0,0,0,0,0,0,0,0,0,0,0,0,0,0,0,0,0,0
1991:Q1,Silent,18642503,5793090,4668657,1124433,12849413,2417639,347172,945120,774660,170460,355434,225606,129828,1897741,245504,314318,530057,3390667,2255625,150137,1355466,1345520,928940,294595,2034,119951,9946,17287037,48073044
1991:Q1,BabyBoom,6544512,3269733,2401484,868249,3274779,612014,113881,193762,145511,48251,52381,42545,9836,389673,153581,82858,258205,515366,805808,97249,2040650,2034293,1556997,452726,1664,22906,6358,4503862,39621201
1991:Q1,GenX,257462,152364,77262,75102,105099,39567,3815,9631,7498,2134,0,0,0,0,7014,894,1212,16214,20980,5771,99563,99229,43754,54886,31,557,334,157899,6774249
1991:Q1,Millennial,0,0,0,0,0,0,0,0,0,0,0,0,0,0,0,0,0,0,0,0,0,0,0,0,0,0,0,0,0
1991:Q2,Silent,18720955,5815988,4689738,1126250,12904967,2383430,333543,969155,789198,179957,361259,229478,131780,1904848,249850,320666,541080,3436548,2254156,150432,1368928,1359121,947781,289858,617,120865,9807,17352027,47858021
1991:Q2,BabyBoom,6582828,3306855,2430062,876793,3275974,596001,107128,202924,154208,48716,48777,39051,9727,367968,157124,86464,262097,540219,808619,98653,2074089,2067826,1592519,451480,496,23332,6263,4508739,39713433
1991:Q2,GenX,276230,163667,83011,80655,112563,40587,2944,10825,8181,2644,0,0,0,0,8055,1001,833,19835,22211,6272,111310,110965,50351,59968,11,635,345,164920,7137654
1991:Q2,Millennial,0,0,0,0,0,0,0,0,0,0,0,0,0,0,0,0,0,0,0,0,0,0,0,0,0,0,0,0,0
1991:Q3,Silent,18882720,5828266,4690934,1137332,13054454,2362466,328527,979460,810230,169230,368799,236288,132511,1997340,252314,326912,559344,3481762,2246874,150657,1379332,1369666,960215,286024,512,122915,9666,17503388,47610924
1991:Q3,BabyBoom,6765186,3365683,2484568,881116,3399502,595583,108075,211903,166684,45219,54937,45319,9618,431412,158734,88709,279510,564153,806372,100115,2088426,2082255,1599023,451384,401,31447,6171,4676760,39814258
1991:Q3,GenX,305603,179915,94888,85027,125688,44034,2731,11898,8886,3012,0,0,0,0,8885,1012,3587,23816,22909,6816,121374,121019,55265,65092,11,651,355,184229,7524699
1991:Q3,Millennial,0,0,0,0,0,0,0,0,0,0,0,0,0,0,0,0,0,0,0,0,0,0,0,0,0,0,0,0,0
1991:Q4,Silent,19167132,5833276,4696386,1136890,13333856,2352846,326851,983771,815595,168176,375513,244706,130806,2216321,255570,333120,579550,3526447,2232102,151766,1398625,1389058,977560,285465,998,125035,9567,17768507,47334189
1991:Q4,BabyBoom,7095330,3416696,2527285,889411,3678635,609356,112228,215747,172266,43481,72660,63143,9518,624240,161501,91966,302521,589475,796706,102233,2132143,2126025,1627297,457743,757,40227,6118,4963188,39922939
1991:Q4,GenX,358607,198060,106914,91146,160547,50045,2819,13311,9759,3552,0,0,0,16803,9958,1093,8107,28211,22685,7514,136461,136084,63023,72373,26,662,377,222146,7933834
1991:Q4,Millennial,0,0,0,0,0,0,0,0,0,0,0,0,0,0,0,0,0,0,0,0,0,0,0,0,0,0,0,0,0
1992:Q1,Silent,19182790,5852830,4722395,1130435,13329960,2282283,334286,1003904,827264,176640,376265,246845,129420,2203002,258786,339252,585469,3571650,2222247,152817,1408970,1399471,999207,273795,1184,125285,9499,17773820,47030249
1992:Q1,BabyBoom,7098666,3459063,2556629,902434,3639603,547697,125072,224849,181491,43358,57943,48519,9424,590317,164460,91768,298351,642768,791961,104417,2123941,2117843,1635279,444468,867,37229,6098,4974725,40038735
1992:Q1,GenX,369722,214857,115522,99335,154865,43389,3894,14961,10663,4298,0,0,0,10367,11141,894,5694,33357,22898,8270,150117,149708,73790,75090,37,790,408,219605,8363508
1992:Q1,Millennial,0,0,0,0,0,0,0,0,0,0,0,0,0,0,0,0,0,0,0,0,0,0,0,0,0,0,0,0,0
1992:Q2,Silent,19250332,5873741,4744803,1128938,13376591,2257970,321901,989995,809881,180114,379989,252085,127903,2219786,260737,345376,596200,3634429,2216116,154092,1421094,1411646,1014689,268652,1536,126769,9447,17829238,46701537
1992:Q2,BabyBoom,7182627,3497651,2581482,916169,3684976,542569,119554,217913,175776,42137,61025,51689,9336,584161,166104,97141,303986,694462,791219,106844,2136334,2130239,1643711,442858,1079,42591,6095,5046293,40160910
1992:Q2,GenX,380113,229883,121770,108114,150230,46208,2826,16959,11871,5088,27,0,27,6896,12173,1135,5729,25643,23511,9123,165015,164568,82842,80823,59,843,447,215098,8812171
1992:Q2,Millennial,0,0,0,0,0,0,0,0,0,0,0,0,0,0,0,0,0,0,0,0,0,0,0,0,0,0,0,0,0
1992:Q3,Silent,19413695,5888080,4747635,1140444,13525615,2241929,314523,996218,824089,172129,383558,257332,126225,2291682,264637,351437,611609,3697383,2217250,155390,1430184,1420770,1026298,266005,927,127539,9414,17983512,46350486
1992:Q3,BabyBoom,7432508,3595599,2677013,918586,3836909,548368,118668,225563,186877,38687,58966,49721,9245,638742,170375,100993,320730,746201,798915,109388,2175381,2169267,1678557,446779,625,43306,6114,5257127,40288723
1992:Q3,GenX,412911,252033,139340,112693,160878,51253,2191,18774,12938,5835,217,32,185,12154,13753,1254,9119,16895,25216,10052,181660,181165,91024,89149,41,951,495,231250,9278273
1992:Q3,Millennial,0,0,0,0,0,0,0,0,0,0,0,0,0,0,0,0,0,0,0,0,0,0,0,0,0,0,0,0,0
1992:Q4,Silent,19604705,5879695,4735767,1143928,13725011,2238293,312116,1000099,823177,176923,389533,266718,122815,2477284,264793,352399,612427,3717142,2205158,155765,1431956,1422653,1025344,266783,1308,129218,9303,18172749,45979805
1992:Q4,BabyBoom,7847197,3685882,2759120,926762,4161315,578057,107233,225036,184608,40429,56502,46039,10463,801955,176634,119763,349471,832943,801596,112124,2219673,2213424,1709898,460414,934,42178,6249,5627524,40421283
1992:Q4,GenX,478122,280094,157316,122778,198028,57679,914,18868,12904,5964,320,148,172,33105,15914,2292,12196,22133,23522,11086,204947,204389,105661,97572,69,1087,558,273175,9760183
1992:Q4,Millennial,0,0,0,0,0,0,0,0,0,0,0,0,0,0,0,0,0,0,0,0,0,0,0,0,0,0,0,0,0
1993:Q1,Silent,19703934,5876927,4757812,1119115,13827007,2196094,320633,1018435,809137,209298,396251,276686,119565,2553845,264611,353491,619261,3735583,2213205,155596,1415572,1406370,1016798,255717,2155,131700,9201,18288362,45593293
1993:Q1,BabyBoom,8038327,3702944,2755272,947672,4335383,554608,106833,222773,175694,47080,69394,57692,11703,852743,182697,130971,391608,879826,829350,114579,2228021,2221624,1720877,451905,1623,47219,6397,5810306,40557081
1993:Q1,GenX,513641,296848,157021,139827,216794,53199,1101,19347,12975,6372,178,29,149,37347,18194,2678,20114,27205,25316,12113,218594,217964,117029,99640,138,1157,630,295048,10255951
1993:Q1,Millennial,0,0,0,0,0,0,0,0,0,0,0,0,0,0,0,0,0,0,0,0,0,0,0,0,0,0,0,0,0
1993:Q2,Silent,19769689,5890921,4762513,1128408,13878768,2178250,321426,1009579,781694,227885,403830,287597,116232,2599203,264685,354567,618801,3753853,2219535,155040,1412230,1403134,1015020,252846,1930,133337,9096,18357459,45195024
1993:Q2,BabyBoom,8279510,3803944,2846992,956951,4475566,564420,97878,212290,160936,51354,80073,67110,12963,873117,189285,142713,415786,926896,856269,116840,2272358,2265813,1759323,458985,1546,45959,6545,6007152,40694454
1993:Q2,GenX,552451,321668,170582,151087,230783,55427,0,19646,13143,6503,129,0,129,36542,20745,3142,22387,32695,26923,13146,242995,242288,134003,106831,142,1313,707,309457,10763548
1993:Q2,Millennial,0,0,0,0,0,0,0,0,0,0,0,0,0,0,0,0,0,0,0,0,0,0,0,0,0,0,0,0,0
1993:Q3,Silent,19900865,5903790,4764035,1139755,13997075,2165057,324558,1007607,755378,252229,407852,295011,112841,2694297,264812,355475,619821,3772079,2230436,155082,1408001,1399015,1007474,253247,2203,136090,8987,18492863,44789070
1993:Q3,BabyBoom,8588779,3910025,2945415,964611,4678753,580861,91506,204628,147940,56688,73005,58764,14241,945844,196111,158132,442846,976007,890274,119540,2337512,2330819,1802704,472675,1871,53570,6693,6251266,40831741
1993:Q3,GenX,608501,348272,186570,161702,260229,59164,0,19872,13269,6603,249,137,111,44815,23517,4027,25899,38643,29705,14338,267436,266648,148355,116746,188,1359,788,341064,11280946
1993:Q3,Millennial,0,0,0,0,0,0,0,0,0,0,0,0,0,0,0,0,0,0,0,0,0,0,0,0,0,0,0,0,0
1993:Q4,Silent,20075959,5922600,4777706,1144894,14153359,2146379,333755,1050672,758284,292388,412666,303226,109439,2788289,264869,356809,618466,3790227,2237266,153961,1409983,1401107,1001546,258861,2185,138515,8875,18665977,44379506
1993:Q4,BabyBoom,8885625,4007847,3027233,980614,4877778,588822,91528,213126,148272,64854,72591,57055,15536,1018791,202982,165035,463354,1019917,920130,121502,2397839,2390998,1833294,496983,1970,58751,6841,6487786,40967279
1993:Q4,GenX,663158,378543,201803,176740,284615,60914,0,20005,13191,6814,329,235,94,53608,26474,4024,27178,44941,31748,15394,297690,296816,164835,130325,214,1442,875,365467,11806113
1993:Q4,Millennial,0,0,0,0,0,0,0,0,0,0,0,0,0,0,0,0,0,0,0,0,0,0,0,0,0,0,0,0,0
1994:Q1,Silent,20118447,5944376,4811472,1132904,14174072,2123068,344972,1104556,796051,308505,417403,311226,106177,2734929,263477,358293,614421,3808573,2250825,153554,1393401,1384633,989473,251975,2965,140220,8768,18725047,43970405
1994:Q1,BabyBoom,8991169,4062983,3064432,998551,4928186,588731,93812,233212,164334,68879,72636,55784,16851,935506,208063,170616,476287,1065481,959888,123954,2427469,2420476,1863316,496025,2822,58312,6993,6563700,41099405
1994:Q1,GenX,676010,401168,206465,194704,274842,60499,0,19285,12696,6589,398,332,66,32066,29184,3850,25544,51702,35692,16623,315959,314991,177164,135876,340,1611,968,360050,12337021
1994:Q1,Millennial,0,0,0,0,0,0,0,0,0,0,0,0,0,0,0,0,0,0,0,0,0,0,0,0,0,0,0,0,0
1994:Q2,Silent,20205359,5972327,4835995,1136332,14233032,2094295,347169,1165906,840946,324960,419838,317073,102766,2719522,262308,360169,616068,3827195,2267912,152651,1395230,1386567,985864,254846,3841,142017,8662,18810129,43565840
1994:Q2,BabyBoom,9149997,4150564,3137594,1012970,4999434,578205,85689,258146,185129,73017,66953,48781,18172,884125,213461,171013,502607,1107867,1005293,126075,2476503,2469356,1891924,515190,3853,58389,7147,6673495,41226457
1994:Q2,GenX,699080,427186,216875,210312,271894,56997,0,17983,11749,6235,587,540,48,14360,32116,3021,29233,58845,40940,17811,349237,348169,197328,148544,513,1783,1068,349844,12871640
1994:Q2,Millennial,0,0,0,0,0,0,0,0,0,0,0,0,0,0,0,0,0,0,0,0,0,0,0,0,0,0,0,0,0
1994:Q3,Silent,20300745,5961642,4812327,1149315,14339103,2082186,356780,1182191,848556,333635,422536,323215,99322,2770399,265197,361810,621021,3846344,2277825,152814,1396555,1388003,981337,259070,3968,143627,8553,18904190,43169886
1994:Q3,BabyBoom,9440566,4262442,3238730,1023713,5178124,593532,85925,263365,187540,75825,63642,44144,19499,908709,224189,177997,536747,1153434,1041681,128903,2528118,2520823,1922510,537650,4220,56444,7295,6912449,41346772
1994:Q3,GenX,761707,466071,242584,223487,295636,60167,0,16891,11299,5592,747,715,33,11659,36550,2938,36480,66478,44477,19248,384704,383534,217698,163233,603,1999,1170,377003,13407942
1994:Q3,Millennial,0,0,0,0,0,0,0,0,0,0,0,0,0,0,0,0,0,0,0,0,0,0,0,0,0,0,0,0,0
1994:Q4,Silent,20396099,5930179,4777647,1152532,14465920,2068727,370973,1282325,919550,362775,424971,329476,95495,2771335,263483,364153,614211,3866111,2287266,152364,1405253,1396809,977827,267783,4853,146345,8444,18990846,42786615
1994:Q4,BabyBoom,9627519,4346642,3312728,1033915,5280877,605576,91862,307417,225122,82295,61548,40749,20800,870836,228828,175300,539301,1191271,1077649,131289,2596411,2588970,1948681,570555,5430,64305,7441,7031108,41458689
1994:Q4,GenX,801342,509112,271422,237690,292230,62431,311,13997,8829,5168,925,875,50,0,39627,1583,30365,74400,47981,20609,426954,425677,239935,182830,852,2060,1277,374388,13943896
1994:Q4,Millennial,0,0,0,0,0,0,0,0,0,0,0,0,0,0,0,0,0,0,0,0,0,0,0,0,0,0,0,0,0
1995:Q1,Silent,20519097,5903918,4746948,1156969,14615180,2063635,384101,1265153,889148,376005,428563,336450,92113,2886977,264282,365937,623688,3886847,2292324,153673,1390905,1382555,967091,262469,5241,147754,8350,19128192,42420100
1995:Q1,BabyBoom,9969736,4422746,3373759,1048987,5546990,631089,97269,291434,205473,85962,61770,39646,22124,974674,236679,185065,583580,1243225,1107371,134836,2615862,2608264,1970361,572032,6192,59679,7598,7353873,41560544
1995:Q1,GenX,887124,549236,294496,254740,337888,68740,1647,13688,9421,4267,1031,998,34,9183,43704,1793,42682,82996,50045,22379,449808,448413,254983,190044,1045,2341,1395,437316,14477472
1995:Q1,Millennial,0,0,0,0,0,0,0,0,0,0,0,0,0,0,0,0,0,0,0,0,0,0,0,0,0,0,0,0,0
1995:Q2,Silent,20652914,5856001,4686747,1169254,14796913,2063620,400294,1250515,882361,368154,431239,342536,88703,3005575,266291,367113,632510,3925563,2299207,154986,1388226,1379965,958713,265391,6142,149719,8261,19264688,42074416
1995:Q2,BabyBoom,10398192,4534105,3482989,1051116,5864087,664609,106951,285518,199631,85887,60144,36708,23436,1084245,245987,206003,625693,1307563,1139037,138337,2674563,2666809,2007818,591798,7618,59576,7754,7723629,41650675
1995:Q2,GenX,976650,602534,338572,263962,374116,77846,3927,11784,9191,2594,1184,1162,22,26987,48366,3565,54821,68917,52516,24203,483718,482200,272306,205937,1402,2555,1518,492932,15006643
1995:Q2,Millennial,0,0,0,0,0,0,0,0,0,0,0,0,0,0,0,0,0,0,0,0,0,0,0,0,0,0,0,0,0
1995:Q3,Silent,20748841,5718475,4543254,1175221,15030366,2050553,410774,1271657,878580,393077,433517,348209,85308,3151616,265874,368942,645303,3966686,2312961,152484,1393397,1385222,955637,270048,6910,152626,8175,19355444,41753636
1995:Q3,BabyBoom,10723743,4538466,3483640,1054826,6185277,673328,108526,286961,195352,91610,57947,33215,24732,1224267,251870,219071,678281,1366271,1179646,139108,2740049,2732143,2038967,615641,8995,68539,7906,7983694,41727420
1995:Q3,GenX,1075848,661219,386243,274976,414629,79399,4666,10372,8843,1529,1357,1345,12,53493,52252,4325,72853,53391,57324,25197,525684,524038,295733,223909,1792,2604,1646,550164,15529378
1995:Q3,Millennial,0,0,0,0,0,0,0,0,0,0,0,0,0,0,0,0,0,0,0,0,0,0,0,0,0,0,0,0,0
1995:Q4,Silent,21024128,5735995,4558891,1177103,15288134,2041850,425312,1309039,874577,434462,444599,360081,84517,3313276,263126,371035,660711,3998770,2307954,152463,1407841,1399794,952326,282732,9285,155451,8048,19616287,41460467
1995:Q4,BabyBoom,11141920,4601507,3532301,1069205,6540414,694972,119164,301250,198577,102673,64935,41235,23700,1370828,263311,225151,726493,1411725,1221125,141459,2787181,2779012,2064225,639210,12611,62966,8169,8354740,41789886
1995:Q4,GenX,1156560,681053,398055,282997,475507,86034,5265,13452,9946,3506,2540,2524,16,81651,53768,4905,78274,55865,67452,26302,557436,555730,303957,246218,2534,3021,1706,599125,16044046
1995:Q4,Millennial,0,0,0,0,0,0,0,0,0,0,0,0,0,0,0,0,0,0,0,0,0,0,0,0,0,0,0,0,0
1996:Q1,Silent,21216154,5793119,4612568,1180552,15423035,2045829,448842,1277401,837407,439993,452271,368634,83638,3410137,258517,373309,675253,4032616,2297698,151161,1410972,1403051,955115,281152,6267,160517,7920,19805182,41192149
1996:Q1,BabyBoom,11456516,4657216,3569003,1088213,6799300,735209,143718,291889,184739,107150,65021,42394,22628,1439793,272023,231547,773440,1450339,1253499,142822,2830915,2822493,2104906,628847,9354,79386,8422,8625601,41840260
1996:Q1,GenX,1226026,702769,409091,293678,523257,99356,8959,16520,12085,4434,4103,4069,35,90662,54406,5562,82788,58200,75627,27074,577408,575647,318838,252208,1591,3010,1761,648618,16550614
1996:Q1,Millennial,0,0,0,0,0,0,0,0,0,0,0,0,0,0,0,0,0,0,0,0,0,0,0,0,0,0,0,0,0
1996:Q2,Silent,21438841,5832345,4646851,1185494,15606496,2031970,450297,1323869,866949,456919,456154,373477,82677,3516969,255461,375902,685674,4068079,2292050,150070,1430349,1422545,961881,288497,8371,163796,7804,20008493,40944558
1996:Q2,BabyBoom,11741766,4728062,3631915,1096146,7013704,741949,135115,317921,204305,113617,52182,30660,21522,1518483,282549,236067,807618,1486742,1290820,144257,2870506,2861827,2131579,639682,12952,77614,8679,8871260,41881500
1996:Q2,GenX,1267946,719217,422041,297176,548728,101574,5123,17960,12262,5698,6271,6204,67,102612,55533,5955,79707,60494,85640,27861,614566,612747,338748,268400,2226,3373,1819,653380,17049448
1996:Q2,Millennial,0,0,0,0,0,0,0,0,0,0,0,0,0,0,0,0,0,0,0,0,0,0,0,0,0,0,0,0,0
1996:Q3,Silent,21564259,5873248,4680971,1192277,15691011,2026257,462995,1317950,882627,435323,461937,380249,81688,3549380,254886,378783,698281,4104998,2285395,150149,1449281,1441591,969927,295554,9020,167091,7690,20114977,40713566
1996:Q3,BabyBoom,11959511,4796341,3686969,1109373,7163170,760225,143671,330173,217283,112890,40915,20524,20392,1511830,296069,238719,849424,1520051,1325635,146457,2907809,2898878,2159102,649776,14641,75359,8931,9051702,41916562
1996:Q3,GenX,1306200,743679,440153,303526,562521,107962,5056,18727,12836,5891,8752,8643,109,91296,57620,6056,80030,62721,95375,28926,652910,651035,360334,284517,2422,3763,1874,653290,17540912
1996:Q3,Millennial,0,0,0,0,0,0,0,0,0,0,0,0,0,0,0,0,0,0,0,0,0,0,0,0,0,0,0,0,0
1996:Q4,Silent,21829045,5900776,4713411,1187365,15928268,2015248,478281,1327559,899668,427891,474142,393422,80720,3676115,254768,383895,730821,4143271,2294302,149866,1464699,1457121,974428,304796,6788,171110,7578,20364345,40495050
1996:Q4,BabyBoom,12326234,4833808,3707453,1126355,7492426,768069,157124,346030,231337,114693,63133,43888,19245,1611445,309994,206149,968018,1534291,1379802,148372,2953457,2944277,2187605,665007,11886,79780,9180,9372777,41948403
1996:Q4,GenX,1432440,782450,468241,314209,649990,110724,6159,19858,13365,6493,10479,10326,153,109441,59864,345,127468,64459,111310,29883,688310,686384,376598,304076,1689,4021,1927,744130,18025372
1996:Q4,Millennial,0,0,0,0,0,0,0,0,0,0,0,0,0,0,0,0,0,0,0,0,0,0,0,0,0,0,0,0,0
1997:Q1,Silent,21868274,5926404,4735996,1190408,15941870,2007957,496677,1214033,850626,363407,478813,399257,79557,3726259,253086,386688,736356,4182518,2309550,149932,1470356,1462935,978206,300402,9314,175012,7421,20397919,40284882
1997:Q1,BabyBoom,12501113,4881823,3738602,1143220,7619290,780574,176677,314900,208653,106247,42667,24599,18068,1623464,321857,213269,987408,1567521,1440432,150522,2960810,2951425,2203364,648712,16668,82681,9385,9540303,41979981
1997:Q1,GenX,1478057,812405,488990,323416,665652,115240,8887,21526,16126,5400,14012,13788,224,102570,61371,1034,113652,66680,129753,30927,705677,703731,391879,305061,2469,4323,1946,772380,18503192
1997:Q1,Millennial,0,0,0,0,0,0,0,0,0,0,0,0,0,0,0,0,0,0,0,0,0,0,0,0,0,0,0,0,0
1997:Q2,Silent,22359504,5962302,4768313,1193988,16397203,2003407,500441,1215849,840823,375025,487159,408328,78831,4094458,253575,388161,765622,4222510,2315942,150079,1486464,1479196,984333,305212,10294,179357,7268,20873040,40078938
1997:Q2,BabyBoom,13216064,4955937,3807094,1148844,8260127,796287,169371,318840,207566,111274,45124,28211,16913,1985808,336399,245350,1105352,1615704,1489150,152742,3001973,2992380,2229683,654093,19102,89502,9593,10214091,42014252
1997:Q2,GenX,1689637,843895,519762,324133,845742,121036,4232,24163,17573,6590,17062,16810,252,198241,63844,6062,164699,69311,145099,31993,738587,736623,410570,318734,2774,4544,1964,951051,18974739
1997:Q2,Millennial,0,0,0,0,0,0,0,0,0,0,0,0,0,0,0,0,0,0,0,0,0,0,0,0,0,0,0,0,0
1997:Q3,Silent,22714442,5983521,4780758,1202763,16730921,2001979,514719,1219629,826993,392636,495068,416846,78221,4325420,253908,390151,788719,4263131,2326946,151250,1505257,1498139,997383,310658,5677,184421,7118,21209185,39873091
1997:Q3,BabyBoom,13759649,5035139,3875178,1159960,8724510,815952,182305,321811,204393,117419,33669,17917,15752,2191748,350772,267746,1204271,1657402,1543108,155726,3056518,3046713,2271298,661382,11595,102437,9805,10703131,42054173
1997:Q3,GenX,1864909,884654,557383,327271,980255,128442,4983,27084,19111,7973,21182,20912,270,249709,66256,9604,205388,71782,162460,33366,782241,780261,440599,333765,1268,4630,1980,1082667,19440377
1997:Q3,Millennial,0,0,0,0,0,0,0,0,0,0,0,0,0,0,0,0,0,0,0,0,0,0,0,0,0,0,0,0,0
1997:Q4,Silent,22956739,6030591,4833375,1197216,16926148,2006124,529360,1231744,860018,371725,502471,425229,77242,4407311,250783,393958,792366,4304206,2358175,149652,1526907,1519937,1004253,318480,9204,188001,6970,21429832,39663217
1997:Q4,BabyBoom,14062839,5093900,3913067,1180833,8968939,843390,196696,342567,225944,116622,40047,25494,14553,2243883,361042,261970,1221715,1680678,1620150,156801,3084714,3074692,2279627,674062,18875,102128,10022,10978124,42102702
1997:Q4,GenX,1936926,923759,583846,339913,1013167,139018,6117,27751,19550,8200,24904,24570,334,256930,66994,8157,188269,73735,187370,33921,823446,821451,462478,351624,2312,5036,1996,1113480,19900472
1997:Q4,Millennial,0,0,0,0,0,0,0,0,0,0,0,0,0,0,0,0,0,0,0,0,0,0,0,0,0,0,0,0,0
1998:Q1,Silent,23514250,6076896,4874312,1202584,17437354,1993653,551796,1229210,824752,404458,508577,432460,76117,4841771,249186,395521,819044,4344978,2354481,149138,1536406,1529631,1013787,313779,9872,192193,6775,21977844,39445189
1998:Q1,BabyBoom,14902503,5196519,4002854,1193665,9705985,845943,227790,336861,211211,125650,53394,40058,13336,2657544,373392,291035,1347483,1755882,1657932,158729,3095347,3085146,2297948,658850,20964,107383,10201,11807156,42162795
1998:Q1,GenX,2195570,966316,622504,343812,1229254,139678,12404,31745,21660,10085,28590,28170,420,371952,68460,13079,250961,77190,200393,34802,850910,848937,489708,351413,2492,5323,1973,1344661,20355388
1998:Q1,Millennial,0,0,0,0,0,0,0,0,0,0,0,0,0,0,0,0,0,0,0,0,0,0,0,0,0,0,0,0,0
1998:Q2,Silent,23796951,6163366,4956377,1206989,17633585,1981829,561319,1308924,854994,453929,514449,439531,74918,4928551,247209,397679,822845,4354552,2368653,147575,1556657,1549950,1022695,321922,8785,196549,6706,22240294,39214881
1998:Q2,BabyBoom,15352142,5333572,4123124,1210449,10018569,850037,233717,369985,231720,138265,54114,42007,12107,2722012,385566,309357,1371490,1845261,1717017,160014,3159463,3148965,2340785,674114,19675,114391,10498,12192678,42237409
1998:Q2,GenX,2281677,1008815,658545,350270,1272862,140727,10885,34828,22303,12525,33520,33001,518,384329,69743,16129,236615,90434,220297,35355,897623,895577,516222,371708,2070,5578,2046,1384054,20805492
1998:Q2,Millennial,0,0,0,0,0,0,0,0,0,0,0,0,0,0,0,0,0,0,0,0,0,0,0,0,0,0,0,0,0
1998:Q3,Silent,23490884,6170531,4940163,1230368,17320353,1971946,585918,1349786,914596,435191,517640,443772,73868,4565485,241743,402031,807681,4363898,2366827,147396,1574551,1568216,1031660,327581,9507,199468,6335,21916333,38968169
1998:Q3,BabyBoom,15271594,5513975,4293803,1220171,9757619,857838,270516,409693,271784,137908,83821,72944,10877,2320078,393938,294218,1295300,1909550,1760252,162416,3205910,3195373,2379765,684482,21998,109129,10538,12065683,42329502
1998:Q3,GenX,2157622,1081481,735290,346190,1076141,143061,19228,34794,21908,12886,36690,36086,604,249948,69192,12766,135549,103265,235281,36367,943677,941799,544731,388656,2255,6158,1878,1213945,21251148
1998:Q3,Millennial,0,0,0,0,0,0,0,0,0,0,0,0,0,0,0,0,0,0,0,0,0,0,0,0,0,0,0,0,0
1998:Q4,Silent,24060542,6255110,5040174,1214937,17805431,2007802,610354,1266721,886892,379829,517487,443180,74307,5068184,250577,389557,840582,4328896,2379888,145383,1577097,1571237,1029007,326467,11634,204129,5860,22483445,38702219
1998:Q4,BabyBoom,16420170,5613419,4363946,1249473,10806751,908881,298340,409700,286390,123310,78756,66623,12133,2906142,404635,342770,1455702,2065559,1772450,163818,3288962,3278856,2439363,708810,24567,106116,10106,13131208,42440906
1998:Q4,GenX,2595101,1158042,788689,369353,1437059,165242,24900,34419,23337,11082,36471,35988,484,437248,79516,18525,263818,106779,232648,37493,997626,995976,580219,405995,3125,6636,1650,1597475,21692690
1998:Q4,Millennial,0,0,0,0,0,0,0,0,0,0,0,0,0,0,0,0,0,0,0,0,0,0,0,0,0,0,0,0,0
1999:Q1,Silent,23990848,6275848,5061466,1214383,17715000,2001791,635057,1236494,819711,416784,517374,442414,74959,5043028,252691,378945,850167,4292810,2363530,143114,1566191,1559916,1022383,317254,11312,208966,6275,22424657,38419374
1999:Q1,BabyBoom,16767949,5739392,4471947,1267445,11028557,900104,325584,401194,272937,128257,75656,62258,13399,2944531,407654,363524,1494162,2197017,1753946,165184,3348491,3338050,2495113,714919,22445,105573,10441,13419458,42568958
1999:Q1,GenX,2716809,1235366,855925,379442,1481443,161971,30366,37913,25607,12306,36070,35732,338,453078,86582,18855,289474,109534,219025,38574,1032723,1030545,610141,410225,3112,7067,2177,1684087,22130327
1999:Q1,Millennial,0,0,0,0,0,0,0,0,0,0,0,0,0,0,0,0,0,0,0,0,0,0,0,0,0,0,0,0,0
1999:Q2,Silent,24262694,6366783,5158292,1208490,17895912,1991482,635217,1159853,766748,393105,516626,441398,75228,5302373,257178,367188,865638,4256263,2402932,141162,1565244,1559001,1017582,313354,12342,215724,6243,22697450,38123269
1999:Q2,BabyBoom,17502737,5901122,4604716,1296405,11601615,885313,313277,387031,266197,120834,76532,61891,14641,3260853,413947,397811,1560821,2338895,1800236,166900,3450858,3440461,2561021,734377,22783,122280,10398,14051879,42709873
1999:Q2,GenX,2940823,1300425,900475,399950,1640398,155581,22933,38614,27037,11577,35408,35168,240,554426,95268,21892,337057,112585,226832,39804,1081961,1079625,645088,423850,3630,7056,2336,1858863,22564237
1999:Q2,Millennial,0,0,0,0,0,0,0,0,0,0,0,0,0,0,0,0,0,0,0,0,0,0,0,0,0,0,0,0,0
1999:Q3,Silent,24069296,6424349,5207989,1216360,17644947,1999223,651715,1113274,732808,380466,515750,439925,75825,5058796,255645,358700,857192,4218528,2474397,141726,1567045,1560851,1018320,311361,10802,220369,6194,22502251,37817540
1999:Q3,BabyBoom,17727363,6088362,4767336,1321026,11639000,898266,328307,385021,268905,116116,99849,83941,15908,3088123,412914,393271,1522475,2455332,1884926,170516,3538622,3528281,2628666,759425,19009,121181,10341,14188740,42859863
1999:Q3,GenX,2975577,1391161,977845,413316,1584416,161082,24319,39233,27999,11233,33093,32992,101,504824,100883,16977,299700,114783,247537,41985,1148547,1146062,694272,441110,3150,7530,2485,1827030,22994598
1999:Q3,Millennial,0,0,0,0,0,0,0,0,0,0,0,0,0,0,0,0,0,0,0,0,0,0,0,0,0,0,0,0,0
1999:Q4,Silent,24763821,6475863,5267183,1208680,18287958,2023530,688243,964597,747498,217098,517150,440951,76198,5747893,271244,343123,886085,4182171,2494632,169291,1573638,1567235,1017648,309481,10687,229419,6403,23190183,37505821
1999:Q4,BabyBoom,19172761,6228696,4879578,1349119,12944065,937660,375108,375227,301147,74079,146747,129589,17159,3816346,434177,470110,1649529,2630964,1913633,194564,3631253,3620724,2661348,786016,17735,155624,10529,15541508,43015141
1999:Q4,GenX,3457261,1482539,1049245,433294,1974722,178513,36261,34476,28690,5786,29417,29417,0,734040,116533,28886,394632,118887,248981,54096,1216557,1213688,745267,458125,3225,7072,2869,2240704,23421587
1999:Q4,Millennial,0,0,0,0,0,0,0,0,0,0,0,0,0,0,0,0,0,0,0,0,0,0,0,0,0,0,0,0,0
2000:Q1,Silent,24965805,6599241,5384617,1214625,18366563,2036527,715205,858770,683663,175107,516063,440954,75109,5941663,274519,331009,899060,4144908,2479835,169005,1570244,1564172,1014440,300103,11581,238048,6073,23395561,37191747
2000:Q1,BabyBoom,19929592,6470736,5090383,1380354,13458856,960316,405998,341037,280399,60638,154801,136543,18258,4067015,439879,507019,1706897,2774970,1903056,197868,3684946,3674737,2678156,793492,18009,185079,10209,16244646,43171921
2000:Q1,GenX,3685228,1568539,1115599,452941,2116689,188549,42904,34035,29544,4491,28532,28456,77,816497,125523,32641,433351,121943,236413,56300,1267024,1264248,793617,460170,3704,6757,2776,2418204,23845383
2000:Q1,Millennial,0,0,0,0,0,0,0,0,0,0,0,0,0,0,0,0,0,0,0,0,0,0,0,0,0,0,0,0,0
2000:Q2,Silent,24799766,6722926,5505142,1217784,18076840,2036117,711470,833854,640408,193446,512981,438980,74000,5674197,272814,321663,894045,4107138,2542867,169696,1569385,1563314,1014228,298684,10604,239797,6071,23230382,36878955
2000:Q2,BabyBoom,20170543,6740895,5328322,1412574,13429648,961805,391035,335499,271527,63973,138730,119411,19320,3873970,438994,516974,1688862,2898751,1983046,201981,3748021,3737823,2735469,823162,15686,163506,10198,16422522,43326417
2000:Q2,GenX,3741775,1680466,1206116,474350,2061309,188820,34240,35179,30002,5177,29132,28962,170,761229,131845,30658,411592,124286,255403,58925,1342549,1339567,848399,479925,3437,7805,2982,2399226,24266162
2000:Q2,Millennial,0,0,0,0,0,0,0,0,0,0,0,0,0,0,0,0,0,0,0,0,0,0,0,0,0,0,0,0,0
2000:Q3,Silent,24815948,6798361,5571908,1226452,18017587,2036598,732714,805536,606351,199185,512560,439682,72878,5590278,273960,310658,897049,4070324,2617312,170600,1573503,1567551,1014342,299749,8643,244817,5952,23242445,36571079
2000:Q3,BabyBoom,20735642,7006546,5570796,1435750,13729096,964066,413994,331143,266891,64252,154588,134247,20341,3855489,441852,545528,1705278,3034078,2076795,206284,3839778,3829708,2790003,861302,12244,166159,10070,16895864,43474840
2000:Q3,GenX,3893754,1784612,1298640,485972,2109142,189347,38239,35783,30317,5466,27765,27495,270,760086,140039,32670,417348,127001,279171,61693,1426216,1423135,906101,506022,2785,8227,3081,2467538,24684104
2000:Q3,Millennial,0,0,0,0,0,0,0,0,0,0,0,0,0,0,0,0,0,0,0,0,0,0,0,0,0,0,0,0,0
2000:Q4,Silent,24460989,6921870,5701009,1220861,17539120,2063547,766901,866218,637941,228277,517495,445684,71811,5017885,271894,303424,880341,4033390,2649362,168662,1571085,1564927,1008524,301809,10741,243853,6158,22889904,36271754
2000:Q4,BabyBoom,20737342,7237060,5767869,1469191,13500282,1009228,456038,376360,305070,71290,204778,183449,21330,3359514,440135,538274,1640892,3144986,2121789,208289,3895973,3885712,2848056,903339,14181,120137,10260,16841369,43613406
2000:Q4,GenX,3816799,1876922,1365218,511704,1939877,210483,48780,38164,31608,6556,24519,24151,368,607793,146468,26826,358575,128833,286035,63401,1502026,1498531,948647,536119,3743,10021,3495,2314773,25099384
2000:Q4,Millennial,0,0,0,0,0,0,0,0,0,0,0,0,0,0,0,0,0,0,0,0,0,0,0,0,0,0,0,0,0
2001:Q1,Silent,24242654,7160655,5942991,1217665,17081999,2117397,816929,827054,531311,295743,515470,443124,72346,4554668,274127,295846,849053,3998660,2664178,168617,1552931,1547115,1001744,293577,6502,245292,5816,22689723,35984617
2001:Q1,BabyBoom,20886941,7637764,6140783,1496982,13249177,1098905,519474,337340,248435,88905,190388,167862,22526,2965707,444141,536599,1520348,3278488,2146043,211745,3920877,3910983,2898917,914144,8336,89586,9895,16966064,43738326
2001:Q1,GenX,3774313,1986063,1453961,532102,1788250,253885,66573,39197,30145,9052,24689,24434,255,487086,155685,22112,255993,131465,285688,65877,1547957,1544578,988964,542004,2166,11445,3379,2226356,25512182
2001:Q1,Millennial,0,0,0,0,0,0,0,0,0,0,0,0,0,0,0,0,0,0,0,0,0,0,0,0,0,0,0,0,0
2001:Q2,Silent,24584710,7239821,6024386,1215435,17344889,2126688,820726,775491,474173,301318,516406,443655,72751,4803471,281416,285631,862899,3988600,2710099,173461,1552201,1546537,1002293,289730,4173,250341,5664,23032509,35713301
2001:Q2,BabyBoom,21711380,7882077,6364592,1517486,13829302,1113984,516848,314503,224606,89897,195670,171981,23688,3259511,455132,565051,1579197,3404845,2205456,219105,4044131,4034420,3002436,935665,5124,91194,9711,17667248,43845815
2001:Q2,GenX,4053256,2082260,1536386,545874,1970996,261715,62200,38377,28974,9403,23783,23620,163,584822,168267,24082,295785,143594,297993,70378,1620928,1617483,1045289,558854,1382,11958,3444,2432328,25922675
2001:Q2,Millennial,0,0,0,0,0,0,0,0,0,0,0,0,0,0,0,0,0,0,0,0,0,0,0,0,0,0,0,0,0
2001:Q3,Silent,24068283,7281130,6064623,1216507,16787154,2143180,848217,837157,546776,290381,532466,459251,73215,4145371,273667,278239,828360,3979605,2741240,179651,1567981,1562145,1009874,283832,7065,261375,5836,22500303,35461444
2001:Q3,BabyBoom,21582112,8135875,6603194,1532681,13446237,1140286,547205,371508,285050,86459,276207,251365,24842,2671194,443973,567343,1449963,3505289,2245881,227387,4163273,4153441,3047231,953848,8044,144318,9832,17418839,43932085
2001:Q3,GenX,3902523,2179650,1624239,555411,1722872,275605,69088,41285,32131,9155,19078,19013,64,402824,171508,20183,188747,155082,303943,75531,1719145,1715297,1131675,570095,2557,10969,3848,2183378,26331041
2001:Q3,Millennial,25752,18003,11242,6761,7749,1235,0,0,0,0,0,0,0,267,4418,0,69,0,811,949,15477,15380,8772,6576,0,32,98,10275,771266
2001:Q4,Silent,24525302,7388324,6163618,1224707,17136978,2169481,863726,781041,496438,284603,526838,453407,73431,4518570,293737,277249,832323,4016282,2675738,181994,1544550,1538565,989907,297935,1529,249194,5985,22980752,35231549
2001:Q4,BabyBoom,22445054,8330141,6773350,1556791,14114913,1178447,589943,336628,243967,92660,236044,210167,25877,3112217,453403,585723,1542220,3591103,2258818,230367,4264687,4254972,3180634,975789,1692,96857,9715,18180368,43994523
2001:Q4,GenX,4212372,2272248,1698762,573486,1940124,292567,84494,39551,30245,9305,22041,21941,100,523401,172019,21420,237080,161060,309017,77474,1761467,1757820,1136089,608522,466,12744,3647,2450905,26737207
2001:Q4,Millennial,35110,24038,14721,9317,11072,1784,113,289,188,102,0,0,0,1523,5158,1,479,0,533,1191,14853,14736,5155,9581,0,0,117,20256,988997
2002:Q1,Silent,24609538,7476555,6252137,1224418,17132983,2200917,843254,745451,482056,263395,528389,454267,74122,4506316,312417,278856,833713,4053229,2646050,184391,1541566,1535274,992801,299066,438,242969,6293,23067972,35021609
2002:Q1,BabyBoom,22920126,8541212,6967508,1573705,14378913,1222677,581662,322815,229165,93649,221542,194559,26982,3180438,461103,579768,1621483,3641839,2312345,233241,4298592,4288827,3224557,962249,462,101558,9765,18621534,44035211
2002:Q1,GenX,4400337,2377074,1789082,587992,2023263,313178,82703,38329,29480,8849,23809,23738,71,524866,171800,16983,276629,165851,329692,79422,1849836,1846231,1222060,611066,123,12982,3605,2550500,27140105
2002:Q1,Millennial,45470,31273,19094,12179,14196,2532,225,707,337,371,1,0,1,1779,5781,0,963,0,772,1436,20660,20526,9392,11134,0,0,133,24810,1219053
2002:Q2,Silent,24382189,7549923,6321818,1228105,16832266,2206785,815847,830794,494314,336480,528711,454343,74368,4139378,326760,281127,793555,4091315,2627801,190193,1542454,1535994,999033,306386,-4521,235095,6460,22839735,34828483
2002:Q2,BabyBoom,22808920,8726621,7132795,1593826,14082299,1222438,563372,355102,231219,123883,186498,158511,27988,2889421,462242,569210,1536730,3680846,2377522,238918,4358026,4348368,3297220,967172,-4663,88638,9658,18450894,44057400
2002:Q2,GenX,4346734,2509659,1904183,605477,1837075,311427,77622,41824,29733,12091,27008,26897,111,403774,168494,11300,186822,170290,355639,82875,1961867,1958468,1315166,630620,-1105,13786,3399,2384867,27538417
2002:Q2,Millennial,52573,39416,23834,15582,13157,2721,357,467,467,0,0,0,0,143,6368,0,0,27,1337,1737,27234,27086,13620,13465,0,0,148,25339,1461077
2002:Q3,Silent,23880442,7599086,6350806,1248280,16281356,2244910,796874,856732,471533,385199,533544,458440,75104,3532827,338087,283314,749412,4130805,2619965,194886,1546019,1539131,1002938,313731,-5458,227920,6888,22334423,34649032
2002:Q3,BabyBoom,22532753,8947785,7337401,1610383,13584968,1273773,555485,360335,213041,147295,176687,147610,29077,2345950,458448,561330,1437217,3719090,2453077,243575,4464832,4454983,3408027,970223,-5427,82160,9849,18067921,44064346
2002:Q3,GenX,4226291,2647889,2033946,613943,1578402,336616,76182,43188,28666,14522,28800,28718,82,189652,162653,6071,88143,174771,386457,85870,2061662,2058169,1393727,651297,-1261,14406,3493,2164629,27930823
2002:Q3,Millennial,61497,45033,26856,18177,16463,3806,529,678,678,0,1,0,1,0,6919,0,0,153,2341,2036,30980,30824,14468,16357,0,0,156,30516,1714712
2002:Q4,Silent,24133158,7658140,6396060,1262081,16475017,2263472,815212,918937,441648,477290,539043,463245,75798,3659442,350530,281182,751819,4173328,2518360,203692,1551115,1544017,1008540,322541,-8754,221690,7098,22582042,34480118
2002:Q4,BabyBoom,23150246,9164574,7541774,1622800,13985671,1291669,594057,377437,192432,185005,158145,127993,30151,2545012,456147,597451,1507995,3785271,2420675,251813,4580898,4571112,3513693,978455,-8498,87462,9787,18569347,44059302
2002:Q4,GenX,4442044,2767823,2147378,620445,1674221,344752,90633,46205,27247,18957,31313,31252,61,225134,157251,11448,120373,180422,375879,90811,2170624,2167305,1478201,676319,-1846,14631,3319,2271420,28316006
2002:Q4,Millennial,67763,51445,30587,20858,16318,4380,792,904,904,0,4,0,4,0,7317,0,0,121,358,2442,35737,35573,15880,19693,0,0,164,32026,1979602
2003:Q1,Silent,24090557,7753918,6496960,1256958,16336638,2319699,789221,859069,424748,434320,544646,468781,75865,3494679,366620,281094,741515,4213764,2517984,208347,1550103,1542395,1010723,323727,-8593,216537,7709,22540453,34318602
2003:Q1,BabyBoom,23445938,9359740,7725440,1634300,14086199,1369113,575672,359977,180050,179927,165711,134630,31082,2444412,459680,613663,1529636,3808444,2503507,256384,4680956,4670744,3608978,963236,-8078,106607,10212,18764983,44045522
2003:Q1,GenX,4534234,2864472,2231193,633279,1669762,384672,85791,43907,26338,17569,32161,32022,139,152036,154493,12019,115406,184402,410998,93878,2247561,2243909,1551115,680204,-1772,14362,3651,2286673,28692645
2003:Q1,Millennial,83649,62725,37679,25045,20924,6434,1015,1122,1122,0,0,0,0,0,7434,0,0,408,1733,2777,38541,38381,16425,21956,0,0,160,45108,2255391
2003:Q2,Silent,24654994,7837035,6573317,1263718,16817959,2348121,769736,798151,387470,410681,553599,477141,76458,3921798,387239,278605,765369,4256128,2526971,212242,1575370,1567348,1026000,330452,-7494,218390,8022,23079624,34161343
2003:Q2,BabyBoom,24621471,9571871,7923343,1648529,15049600,1400950,565146,338654,158508,180146,260341,228218,32122,2972760,470900,652029,1679369,3853442,2595741,260269,4897247,4886964,3734024,965836,-6831,193935,10283,19724224,44026259
2003:Q2,GenX,4983278,3000124,2355353,644771,1983153,400792,83651,41433,24454,16980,26846,26708,138,309328,155465,18228,210908,189276,450624,96601,2382474,2378864,1668478,700178,-1539,11747,3609,2600804,29059424
2003:Q2,Millennial,98045,72967,43927,29040,25078,7616,1278,1335,1335,0,1,0,1,0,7174,0,176,572,3827,3101,45837,45679,19878,25463,0,338,158,52208,2541722
2003:Q3,Silent,24878454,7900319,6617079,1283241,16978134,2356423,743007,773833,435530,338303,556473,480714,75758,4059316,405980,277600,762479,4297616,2525909,219500,1587125,1578876,1042386,337951,-11080,209620,8248,23291329,34005204
2003:Q3,BabyBoom,25273443,9815565,8151997,1663568,15457878,1400795,545675,340824,179307,161517,255013,222158,32855,3203668,479203,676088,1727045,3886119,2676220,267228,4967154,4956908,3817174,971742,-9954,177946,10246,20306289,44004768
2003:Q3,GenX,5236890,3146664,2494784,651880,2090226,399693,78505,40645,26517,14128,28504,28164,340,359153,154821,20899,227189,193643,486170,101003,2536185,2532741,1800989,721238,-2107,12621,3443,2700706,29415023
2003:Q3,Millennial,109259,80173,48019,32155,29086,7936,1550,2055,1599,456,0,0,0,0,6773,0,484,886,5857,3545,59405,59251,30384,28744,0,124,154,49854,2838239
2003:Q4,Silent,25452708,7982357,6684306,1298051,17470350,2379204,721138,853974,478692,375282,560236,484409,75828,4397772,424257,274338,781870,4339650,2510686,227225,1610438,1601989,1047812,345724,9088,199365,8449,23842270,33847045
2003:Q4,BabyBoom,26320471,10064955,8384333,1680622,16255517,1423944,532163,380564,197865,182699,243427,209664,33764,3658784,486955,719057,1863131,3931381,2741385,274725,5077420,5067246,3933978,978641,7594,147033,10175,21243051,43984301
2003:Q4,GenX,5661542,3282998,2620240,662758,2378544,411044,75404,44427,28202,16225,30574,30149,425,498015,153700,28600,316557,198505,515997,105721,2648764,2645537,1883886,745357,2234,14060,3226,3012779,29758124
2003:Q4,Millennial,126194,89996,53826,36170,36198,8947,1856,1880,1880,0,0,0,0,2025,6167,0,2650,1124,7509,4040,63317,63172,29937,33210,25,0,146,62877,3144585
2004:Q1,Silent,26380176,8171014,6859521,1311493,18209162,2424564,698730,1345666,951897,393768,565903,489020,76883,4539262,437482,272131,777175,4386857,2531723,229669,1608869,1600208,1051590,346569,8306,193743,8661,24771307,33683727
2004:Q1,BabyBoom,27616993,10455072,8751320,1703752,17161921,1483037,518115,677143,479936,197207,258183,223253,34930,3910338,486058,751423,1903730,4050229,2846172,277494,5159744,5149627,4014037,965690,6843,163056,10118,22457248,43968114
2004:Q1,GenX,5982602,3439000,2758182,680817,2543602,442060,72138,53588,36069,17519,30642,30289,353,559677,147702,33641,327689,206458,562187,107821,2736395,2733385,1968933,748634,1980,13838,3010,3246207,30087409
2004:Q1,Millennial,149407,106672,64968,41704,42735,11324,2182,0,0,0,0,0,0,4171,5602,25,3092,533,11455,4350,69864,69731,34127,35579,25,0,133,79543,3460405
2004:Q2,Silent,26458057,8282078,6943211,1338868,18175979,2451996,675091,1228739,867700,361040,571435,493479,77956,4478336,453165,271270,770645,4423229,2620028,232044,1625117,1616021,1068638,350624,8115,188644,9096,24832940,33512112
2004:Q2,BabyBoom,28347171,10804200,9080670,1723530,17542971,1515173,502831,604279,412738,191541,283739,247615,36124,3948879,489688,771310,1937301,4186254,3023192,280325,5286150,5275784,4120698,963363,6597,185125,10366,23061022,43959460
2004:Q2,GenX,6242637,3639588,2951682,687905,2603050,458145,68471,53048,36685,16363,29866,29591,275,534465,143754,35352,332736,199831,637494,109889,2886718,2883593,2106708,761613,1894,13378,3126,3355919,30401557
2004:Q2,Millennial,168908,114846,70036,44811,54061,12897,2524,1782,1046,736,278,278,0,3416,4677,33,3397,457,19948,4652,84370,84263,45229,38939,27,68,108,84537,3785341
2004:Q3,Silent,26796205,8470833,7133065,1337768,18325372,2465878,651650,1317512,932073,385439,576086,497201,78885,4412739,468044,269293,759306,4458225,2708335,238305,1626076,1616661,1078536,358720,-2337,181743,9415,25170129,33329059
2004:Q3,BabyBoom,29162202,11171269,9432787,1738482,17990933,1527981,488070,657003,448141,208861,269629,232319,37310,3988425,492180,799095,1952043,4328515,3201019,286973,5410051,5399583,4236194,974229,-1920,191080,10468,23752151,43961592
2004:Q3,GenX,6464190,3824169,3123478,700690,2640022,463098,64995,54825,36858,17967,32127,31912,215,505725,138793,39204,321601,192950,712669,114035,3018582,3015516,2214759,787741,-476,13492,3066,3445608,30699252
2004:Q3,Millennial,196676,134666,83746,50919,62010,13724,2883,1224,908,316,0,0,0,2360,3554,76,3211,306,29523,5149,94367,94287,50003,44185,-3,102,80,102308,4119038
2004:Q4,Silent,27340440,8624437,7277390,1347048,18716002,2482410,652901,1355164,1073883,281282,575276,495491,79785,4719365,470151,262049,790319,4413698,2748228,246441,1666067,1656643,1106109,362255,-3084,191364,9423,25674373,33132086
2004:Q4,BabyBoom,30559780,11520222,9758443,1761779,19039558,1611896,489843,747659,576388,171270,329943,290777,39166,4325969,506254,839950,2098175,4522920,3272815,294135,5541500,5530821,4317635,995677,-2678,220187,10680,25018280,43976707
2004:Q4,GenX,6998990,4063040,3329791,733248,2935951,489228,63577,53598,39657,13942,31477,31477,0,613998,149116,51813,401334,226101,735803,119905,3182882,3179572,2356644,810373,-672,13228,3310,3816109,30979513
2004:Q4,Millennial,237640,158051,101907,56144,79589,16592,3016,3380,0,3380,1352,1269,83,6251,3649,185,5570,0,33650,5943,112759,112672,60191,51815,-6,672,87,124881,4461092
2005:Q1,Silent,27431304,8764037,7420292,1343745,18667267,2495329,637057,1296725,1010338,286387,572827,492223,80604,4743007,465218,258376,789837,4361446,2796388,251057,1674670,1665295,1122258,354988,-8893,196943,9375,25756633,32921334
2005:Q1,BabyBoom,31182797,11826747,10045060,1781687,19356051,1695596,471418,734125,552656,181469,317405,276354,41051,4354332,507884,850927,2116059,4653672,3356394,298241,5672846,5662025,4471962,986731,-8297,211630,10821,25509951,44002773
2005:Q1,GenX,7293388,4314764,3547818,766946,2978624,514583,54918,60502,45182,15320,36960,36960,0,588378,152446,56159,370709,256931,763055,123985,3253124,3249653,2432311,804903,-1944,14382,3471,4040264,31242718
2005:Q1,Millennial,269385,183629,120867,62762,85756,19694,3062,3481,0,3481,872,684,187,4351,4239,165,4254,266,38771,6603,100980,100884,42029,58352,-9,511,96,168405,4810912
2005:Q2,Silent,27805876,8937995,7606996,1330999,18867881,2489175,628770,1343958,1045833,298125,570059,489120,80938,4862957,461652,252696,802226,4307950,2894632,253807,1710914,1701477,1149884,354181,-5321,202733,9437,26094962,32697601
2005:Q2,BabyBoom,32129503,12115830,10310575,1805256,20013673,1753097,461496,804408,609115,195294,322048,279152,42896,4494585,512477,877847,2190596,4798916,3497433,300769,5782695,5771573,4574310,996646,-5244,205860,11122,26346808,44036701
2005:Q2,GenX,7711399,4581465,3772010,809456,3129934,524040,48653,66753,49627,17126,41284,41284,0,610140,157360,65021,388201,288855,812513,127113,3413074,3409260,2579534,815604,-1329,15452,3813,4298325,31489582
2005:Q2,Millennial,316152,217365,144715,72650,98786,21579,3108,3347,0,3347,804,505,300,4498,4753,222,4556,582,48148,7189,115453,115352,49031,65958,-20,383,102,200698,5167861
2005:Q3,Silent,28086124,9081399,7752515,1328884,19004725,2492139,635912,1185934,972266,213668,566165,485748,80417,5072667,460610,248132,819543,4251884,3008335,263403,1745775,1736648,1177089,355657,-4957,208859,9128,26340349,32461684
2005:Q3,BabyBoom,33189044,12477553,10659269,1818284,20711491,1830220,470440,732309,574290,158019,318797,274202,44595,4743437,522121,894941,2289357,4940310,3659307,310251,5900815,5889899,4676706,1014042,-5229,204380,10916,27288229,44075402
2005:Q3,GenX,8245916,4869644,4036312,833332,3376272,544051,48719,67857,54564,13292,46584,46584,0,681345,165068,71155,426642,321035,869664,134153,3582880,3579310,2730762,833534,-1361,16374,3570,4663036,31720820
2005:Q3,Millennial,363331,241353,163937,77416,121978,24652,3191,6356,610,5746,423,20,403,7290,5064,232,5710,1032,59738,8289,132906,132785,57325,75152,-28,337,122,230424,5531302
2005:Q4,Silent,28324237,9191646,7862815,1328831,19132591,2485328,661623,1229648,969827,259821,560585,481882,78703,5135916,456801,242752,833398,4194080,3057758,274702,1775941,1767047,1200410,356516,-2544,212664,8894,26548296,32214379
2005:Q4,BabyBoom,34133391,12814726,10980067,1834659,21318664,1895213,503821,790691,599270,191421,319065,273033,46032,4827848,527011,918489,2376283,5084773,3753668,321800,5979213,5968396,4761190,1030081,-2871,179996,10817,28154178,44115785
2005:Q4,GenX,8643542,5125538,4265481,860057,3518003,556149,57699,76496,59329,17167,51769,51769,0,675893,170080,79172,454590,353742,900084,142330,3744026,3740581,2873720,849462,-794,18194,3445,4899516,31937150
2005:Q4,Millennial,399275,266023,183300,82723,133251,27119,3339,5649,667,4982,478,0,478,5956,5617,280,6513,1489,67195,9618,152160,152020,67547,84497,-24,0,140,247115,5900598
2006:Q1,Silent,28785516,9151720,7840369,1311351,19633795,2513619,662998,1251629,1002292,249338,552579,477659,74920,5658252,433273,237155,845670,4135535,3068534,274552,1813621,1804803,1228666,354072,2017,220048,8818,26971895,31956485
2006:Q1,BabyBoom,35257586,12810430,10955561,1854870,22447156,2026499,506628,851072,657713,193359,336882,289981,46901,5458727,495298,943639,2459003,5240224,3807116,322069,6083499,6072558,4840922,1036274,2432,192930,10941,29174087,44154762
2006:Q1,GenX,9178314,5283153,4382505,900648,3895161,607401,55320,82202,64582,17620,55255,55255,0,928711,154283,87712,478668,387288,914235,144085,3926261,3922678,3048576,854764,743,18595,3583,5252053,32139285
2006:Q1,Millennial,453432,290141,196199,93942,163291,34235,3338,5584,0,5584,475,0,475,20174,8175,342,7189,1764,71858,10158,181435,181282,88774,92475,33,0,153,271997,6275110
2006:Q2,Silent,28628238,9167149,7856867,1310281,19461090,2498784,676836,1219289,918892,300398,542546,473125,69420,5537727,427906,233331,843127,4074174,3133031,274339,1844684,1835948,1254353,349739,5407,226450,8735,26783555,31688799
2006:Q2,BabyBoom,35695214,12985024,11113820,1871204,22710191,2086421,526488,839061,608173,230888,366057,318954,47104,5336435,497636,953151,2477257,5382459,3922888,322337,6203564,6192504,4950138,1037901,7023,197441,11060,29491651,44189244
2006:Q2,GenX,9366289,5504273,4576389,927884,3862016,615360,59322,90413,68187,22226,57754,57431,323,826196,157802,91808,444212,420613,952716,145819,4093461,4089745,3208219,859869,2334,19324,3715,5272828,32327944
2006:Q2,Millennial,476362,307279,207419,99860,169082,36770,3369,5686,1775,3911,908,509,399,13036,9045,306,5084,2361,81819,10698,201837,201671,99379,102103,132,57,166,274524,6654201
2006:Q3,Silent,28701271,9146882,7835139,1311743,19554389,2488682,699695,1170786,915677,255109,530482,468124,62358,5680762,427999,227806,854577,4013051,3186866,273682,1868947,1860326,1271316,349194,7195,232622,8621,26832324,31412118
2006:Q3,BabyBoom,36520232,13127659,11240106,1887553,23392572,2158406,559976,845753,632868,212886,358792,312391,46401,5530323,510480,977271,2560174,5540411,4028804,322182,6316502,6305368,5040102,1054350,10201,200715,11134,30203730,44216140
2006:Q3,GenX,9749159,5693354,4739443,953911,4055805,630058,68806,93360,73040,20319,65182,63742,1440,873267,167375,100186,468008,454936,987325,147304,4250069,4246272,3333170,889390,3602,20111,3797,5499090,32503840
2006:Q3,Millennial,507810,320106,215034,105072,187704,40279,3422,7864,1908,5956,259,0,259,15153,9314,369,5659,2621,91562,11202,222879,222698,103836,118508,243,111,181,284931,7037235
2006:Q4,Silent,28861399,9087542,7788022,1299519,19773857,2478282,731103,1064243,825771,238472,519962,462720,57242,6012206,430256,221733,872738,3951925,3212651,278760,1889542,1881011,1279346,348458,12672,240534,8531,26971857,31127240
2006:Q4,BabyBoom,37458042,13161936,11260838,1901098,24296106,2233363,607275,783962,573491,210471,360245,313997,46248,5960565,527520,1006270,2676399,5708329,4104098,328079,6401669,6390424,5077460,1068197,19400,225368,11245,31056373,44232363
2006:Q4,GenX,10222153,5823214,4838964,984251,4398939,646197,84143,94744,74478,20266,71490,69329,2160,1037841,179384,110081,522784,489991,1010015,152268,4369874,4365949,3429868,908218,7812,20051,3926,5852279,32667690
2006:Q4,Millennial,552866,336734,223343,113391,216132,44184,3507,10730,3876,6853,184,0,184,25853,9295,476,7904,2615,99115,12269,246239,246043,112670,131843,652,878,196,306627,7423572
2007:Q1,Silent,28915195,8955893,7677972,1277921,19959303,2496430,746433,1089600,834396,255204,509997,457254,52742,6230199,427791,217522,878749,3888651,3194450,279482,1894769,1886236,1293180,338752,8674,245630,8533,27020427,30834961
2007:Q1,BabyBoom,38106552,13016429,11099638,1916791,25090123,2366018,633182,836931,607390,229541,381610,335421,46189,6259228,535682,1018648,2738080,5862382,4128912,329451,6395895,6384411,5095487,1054609,15235,219080,11484,31710657,44234822
2007:Q1,GenX,10514280,5885430,4861984,1023446,4628850,698453,91172,102435,79694,22741,75321,72564,2757,1139625,186397,115231,527810,524773,1012960,154674,4503319,4499108,3567179,904768,5928,21234,4211,6010960,32820210
2007:Q1,Millennial,588262,352181,225706,126474,236081,53412,3455,10378,3914,6464,126,0,126,32781,9811,463,7566,2928,102208,12953,284826,284621,141409,142042,522,648,205,303436,7812577
2007:Q2,Silent,28833222,8866010,7601597,1264413,19967212,2461312,764831,1017637,812862,204775,500481,452556,47924,6365028,428795,210466,896303,3819575,3215836,286949,1913768,1905358,1305332,337712,7692,254621,8410,26919454,30536079
2007:Q2,BabyBoom,38717291,12935057,11003332,1931725,25782234,2400359,664707,814349,611682,202667,439179,393405,45774,6459637,550410,1056815,2855934,6002817,4199916,338112,6492707,6481163,5140953,1066157,15538,258516,11544,32224584,44220428
2007:Q2,GenX,10845772,5983201,4925091,1058110,4862571,688811,100737,103247,83420,19827,74302,70902,3400,1194519,197244,128065,585926,593913,1034493,161314,4640007,4635720,3690741,918209,6170,20599,4288,6205764,32962115
2007:Q2,Millennial,625107,363121,225748,137373,261986,54200,3389,13246,4563,8683,2217,2173,43,36541,9873,661,10244,7320,109895,14402,315931,315709,158167,154888,598,2055,222,309176,8203612
2007:Q3,Silent,28929330,8744005,7490763,1253242,20185325,2439201,829924,1241575,890466,351109,491489,447339,44150,6394357,426030,205506,903366,3751038,3212494,290345,1926800,1918407,1314215,338083,10049,256059,8394,27002530,30231391
2007:Q3,BabyBoom,39385247,12858257,10916105,1942152,26526991,2461429,767280,1031960,723530,308429,464698,418980,45719,6528879,557929,1076194,2924981,6129627,4241557,342455,6534011,6522257,5202125,1086050,23148,210934,11754,32851237,44186093
2007:Q3,GenX,11071859,6037204,4950491,1086713,5034655,695875,140247,125956,92851,33104,77241,73389,3851,1184236,204114,135532,599203,661881,1044825,165546,4786814,4782265,3794133,954481,10182,23469,4549,6285046,33094122
2007:Q3,Millennial,630433,363304,217469,145835,267129,57451,3700,3583,2716,867,3080,3080,0,35093,10399,719,10396,12319,114911,15479,340781,340549,162199,176938,1136,276,232,289652,8596039
2007:Q4,Silent,28346452,8580600,7339968,1240632,19765852,2473462,875610,1254992,890112,364880,483455,440438,43017,6027958,419493,205948,867242,3740637,3120131,296925,1912917,1904702,1314508,333958,11841,244396,8214,26433535,29921749
2007:Q4,BabyBoom,39457100,12778520,10808708,1969811,26678580,2558143,855177,1051150,731391,319760,589612,546199,43413,6296490,569547,1073357,2902397,6222451,4210468,349789,6610011,6598122,5236963,1102768,26496,231895,11888,32847089,44130018
2007:Q4,GenX,10952315,5956977,4853311,1103666,4995338,741521,172165,132899,95736,37163,63512,59140,4372,1076184,205590,135984,587127,686164,1025224,168968,4869905,4865332,3845568,982769,10974,26020,4573,6082410,33216960
2007:Q4,Millennial,687668,402704,242025,160679,284964,68182,4375,4298,4298,0,9033,9001,32,27880,11653,881,10434,17537,113506,17186,372537,372284,180095,189982,1270,937,253,315131,8989454
2008:Q1,Silent,27438957,8304090,7064735,1239355,19134868,2509990,937858,1275829,898335,377495,486523,444268,42256,5555763,408881,210711,814545,3728081,2905557,301130,1891113,1882747,1311766,321117,14200,235664,8366,25547844,29608217
2008:Q1,BabyBoom,38950625,12540075,10542603,1997473,26410550,2659953,964142,1079362,749106,330256,704551,663107,41444,5920779,573174,1033995,2793250,6299286,4027470,354589,6665685,6653193,5243261,1091262,30887,287784,12493,32284940,44055579
2008:Q1,GenX,10560228,5820845,4706095,1114749,4739383,791188,211913,140374,99097,41277,53417,48644,4773,891639,202565,125383,496277,709865,945766,170995,4924206,4919051,3889770,989985,12210,27086,5155,5636022,33331411
2008:Q1,Millennial,692199,416545,244744,171801,275654,80243,5229,5714,5714,0,14715,14631,84,13070,13577,709,5293,23581,94824,18701,409827,409575,205326,199644,1473,3132,252,282372,9384393
2008:Q2,Silent,26737974,8037227,6797488,1239738,18700747,2472477,905729,1323728,966044,357684,474422,426790,47632,5275003,403267,212923,785872,3717695,2826060,303570,1853912,1845625,1302253,314100,10801,218472,8287,24884062,29291913
2008:Q2,BabyBoom,38725661,12362130,10345177,2016952,26363532,2615711,937680,1159959,838674,321284,709063,666007,43057,5784000,586079,1018500,2796552,6396715,4001797,357475,6490028,6477269,5111015,1098065,23905,244283,12759,32235633,43967441
2008:Q2,GenX,10380539,5725377,4611032,1114346,4655162,746544,197871,148361,105814,42547,53001,48697,4304,834253,204962,121890,511302,734497,930532,171948,4989310,4983964,3941035,1002489,7926,32514,5346,5391229,33438273
2008:Q2,Millennial,700111,423552,245847,177706,276559,76696,5246,5294,5294,0,14817,14342,474,9040,14853,761,6941,29311,93533,20067,493115,492849,284980,205799,915,1155,266,206996,9781621
2008:Q3,Silent,25804610,7802305,6574631,1227674,18002305,2497995,897536,1430509,1032659,397851,466087,412016,54070,4657558,394556,216826,729382,3704849,2697718,309290,1834288,1826221,1287923,304192,20051,214056,8068,23970322,28973956
2008:Q3,BabyBoom,38015791,12169640,10132709,2036931,25846151,2697117,944843,1280827,932404,348423,722103,677069,45035,5207610,592874,991420,2657182,6475517,3912444,364215,6653686,6640869,5156996,1095204,41464,347206,12817,31362104,43870273
2008:Q3,GenX,9867900,5599097,4476167,1122930,4268803,783880,197354,161728,112226,49502,51616,48009,3608,532791,203863,114639,398801,758392,890553,175186,4978801,4973501,3903683,1023083,15324,31412,5300,4889099,33538343
2008:Q3,Millennial,721055,448103,257905,190198,272952,87414,5483,4599,4599,0,15513,14521,991,0,16693,692,0,36019,84572,21967,492617,492326,263240,221335,2025,5726,291,228438,10181908
2008:Q4,Silent,24629354,7566190,6366662,1199528,17063164,2546332,968966,1562955,1153763,409192,405828,349298,56530,3799676,383950,228176,650646,3687983,2513978,314674,1778471,1770176,1270158,294427,20777,184814,8295,22850883,28655466
2008:Q4,BabyBoom,36715273,11970903,9928518,2042385,24744370,2825170,1064933,1468144,1109862,358282,519686,474738,44948,4307152,595848,913356,2405902,6523453,3749971,370755,6455301,6441781,5149140,1089922,42705,160014,13520,30259972,43768739
2008:Q4,GenX,9061541,5445603,4323159,1122444,3615938,852006,241183,173907,119978,53929,70674,67140,3534,0,200516,90612,205787,780977,821945,178330,4956708,4950706,3862325,1029615,14594,44171,6002,4104833,33632418
2008:Q4,Millennial,746226,479176,277287,201889,267050,104442,6533,497,497,0,2351,1056,1295,0,18965,11,0,44240,66078,23934,490513,490229,258443,229825,1961,0,284,255712,10586021
2009:Q1,Silent,23735269,7329271,6153141,1176130,16405997,2520581,951810,1696878,1190304,506574,381961,321380,60581,3314780,377879,229838,610903,3667132,2340012,314222,1732083,1724081,1259929,277120,16778,170255,8002,22003186,28337559
2009:Q1,BabyBoom,35970308,11776603,9729438,2047164,24193705,2805786,1058926,1591115,1174162,416953,474980,429356,45624,3902484,607323,910135,2337054,6541525,3593748,370629,6448631,6435168,5198837,1055264,35250,145817,13463,29521677,43667507
2009:Q1,GenX,8832730,5310215,4192491,1117724,3522515,823665,235603,191902,124738,67164,74840,71660,3180,0,202168,90292,167617,802235,756680,177513,4922645,4916817,3846162,1011594,10039,49023,5828,3910085,33721294
2009:Q1,Millennial,763681,503280,292243,211037,260402,103924,6714,497,497,0,1744,0,1744,0,20578,181,0,54088,47558,25117,477412,477096,241660,234163,1273,0,316,286269,10994727
2009:Q2,Silent,23489895,7089872,5926273,1163599,16400023,2507617,904768,1519487,1017054,502433,373155,308630,64525,3775725,375104,221844,623062,3652491,2131470,315301,1698483,1691056,1246354,266273,20305,158123,7427,21791412,28021355
2009:Q2,BabyBoom,36498474,11636093,9579685,2056408,24862381,2812441,1009929,1358215,939679,418536,501887,455657,46229,4691221,624998,970317,2520198,6612580,3388187,372410,6402580,6389589,5134743,1043565,41823,169458,12991,30095894,43571244
2009:Q2,GenX,9163186,5247246,4136022,1111224,3915940,811937,213403,191995,121392,70603,71022,68194,2828,307080,207493,111304,325745,825743,672444,177774,4921538,4916376,3849353,1003576,11732,51714,5162,4241648,33805768
2009:Q2,Millennial,780859,520090,302806,217284,260769,106472,6564,11710,11710,0,2228,0,2228,0,21673,1218,0,62528,21790,26585,518526,518152,281123,235459,1570,0,374,262332,11408795
2009:Q3,Silent,23587093,6883024,5732812,1150212,16704069,2492461,844245,1568669,1117684,450985,366805,298566,68238,4200669,372937,212731,634952,3638234,2054516,317851,1665011,1657845,1230365,256382,24686,146411,7166,21922081,27707973
2009:Q3,BabyBoom,37539156,11557018,9495178,2061840,25982138,2815186,941097,1480891,1087732,393159,532075,485346,46729,5418226,643803,1033993,2709275,6688723,3342755,376115,6435030,6422057,5139605,1036638,49800,196014,12974,31104126,43484616
2009:Q3,GenX,9707172,5191771,4093095,1098676,4515402,797025,183746,198905,129987,68918,67139,64637,2502,739651,213460,134117,498961,849415,653860,179124,4901044,4896021,3811229,1016570,14008,54214,5023,4806128,33886638
2009:Q3,Millennial,821860,536861,316322,220539,284999,108349,6231,9626,9626,0,2736,0,2736,6279,22702,2418,9893,71295,17104,28366,523756,523347,272228,249120,1999,0,409,298103,11828992
2009:Q4,Silent,23212370,6745843,5613118,1132725,16466527,2528330,809285,1468974,1093450,375524,357802,285785,72017,4195012,369345,206501,624077,3620933,1963429,322838,1631076,1624644,1215419,246170,27320,135735,6432,21581294,27398530
2009:Q4,BabyBoom,37812430,11508839,9427913,2080927,26303591,2923790,908519,1414885,1063983,350902,545479,498221,47258,5591211,659894,1076251,2781934,6742644,3275971,383013,6405913,6393646,5079004,1028755,54599,231288,12267,31406517,43412289
2009:Q4,GenX,9893562,5135318,4026425,1108894,4758243,851684,168356,196101,132395,63706,64948,62798,2150,852595,217731,150132,575104,871998,627270,182325,4900791,4896767,3803533,1022233,14821,56180,4025,4992771,33964699
2009:Q4,Millennial,922163,587400,349812,237588,334763,124943,6159,13394,13394,0,3294,0,3294,20692,24054,3427,17077,81538,9521,30667,569341,568848,308797,257859,2192,0,493,352821,12256086
2010:Q1,Silent,23177744,6617479,5504149,1113330,16560265,2509948,734199,1580263,1144564,435699,349176,274404,74772,4297249,363022,201680,614649,3620769,1971242,318068,1601138,1594268,1192528,230857,46038,124845,6870,21576606,27094146
2010:Q1,BabyBoom,38561262,11533040,9444215,2088825,27028222,2922169,817794,1540876,1149010,391866,559785,512382,47404,5898559,670766,1107906,2861909,6934216,3336060,378183,6338420,6325155,4978127,999982,85084,261962,13265,32222842,43358931
2010:Q1,GenX,10120481,5084782,3982391,1102391,5035699,832338,131220,213111,138547,74564,62890,60905,1985,1028040,218747,162787,657089,900680,650492,178305,4855692,4850571,3758180,1003929,30157,58305,5120,5264790,34040749
2010:Q1,Millennial,1014762,630028,383771,246257,384734,126216,5578,13530,13530,0,3794,0,3794,43036,26022,4369,25222,86601,19085,31281,611461,610998,346625,258289,5424,660,463,403301,12690845
2010:Q2,Silent,22631242,6485071,5396478,1088594,16146171,2492498,692823,1628592,1236194,392399,341722,265490,76231,3875608,351456,203196,572911,3615710,2055401,316254,1565690,1558769,1175403,221271,48837,113258,6921,21065552,26795938
2010:Q2,BabyBoom,38567082,11547202,9453698,2093504,27019880,2923273,775267,1671222,1302190,369031,578916,531813,47103,5528532,671485,1100238,2762191,7131395,3500262,377100,6255140,6241432,4874162,993871,90010,283389,13708,32311943,43329208
2010:Q2,GenX,9870103,5059210,3965681,1093529,4810893,813590,112939,218846,146090,72756,60763,58697,2065,860592,213470,161813,580039,900197,712249,176395,4851597,4846083,3751987,1002371,30848,60876,5514,5018507,34115585
2010:Q2,Millennial,1054951,674074,418790,255284,380878,127517,5371,10816,10816,0,4192,0,4192,25928,29201,4770,19813,78309,42525,32437,680211,679739,411304,260940,5744,1750,472,374740,13134036
2010:Q3,Silent,22789034,6388202,5316748,1071454,16400831,2497255,683973,1556358,1267526,288832,336271,258345,77926,4194151,350608,192916,577421,3617624,2078701,315554,1523020,1516957,1156870,213084,45631,101372,6063,21266014,26505026
2010:Q3,BabyBoom,39777095,11519119,9416163,2102956,28257976,2972295,779463,1668540,1366586,301954,601422,554469,46953,6112980,693277,1162979,2917536,7385163,3586732,377589,6210948,6198144,4818423,994497,86043,299180,12804,33566148,43327787
2010:Q3,GenX,10313415,4989382,3905565,1083817,5324033,825510,112137,212599,151187,61412,58409,56311,2097,1164570,220624,185656,724668,902113,742479,175270,4830592,4826321,3716427,1020380,25716,63799,4270,5482823,34190003
2010:Q3,Millennial,1167682,714252,452114,262138,453430,135877,5560,14211,11684,2527,5566,928,4638,65181,30247,6359,34222,66971,55401,33835,723653,723075,440035,275765,4731,2544,578,444028,13586428
2010:Q4,Silent,22984466,6243186,5187764,1055422,16741281,2483251,718372,1631835,1172436,459399,354065,279007,75059,4496455,358685,177480,586499,3565044,2055511,314083,1489060,1482395,1112892,221028,43510,104965,6665,21495406,26222241
2010:Q4,BabyBoom,40519784,11359386,9260650,2098736,29160398,2941823,859337,1619316,1205181,414136,598112,550662,47450,6550730,684268,1221306,3039291,7639993,3626513,379708,6180320,6167009,4725466,1039824,89153,312567,13310,34339465,43357775
2010:Q4,GenX,10906969,5009227,3905309,1103918,5897742,832479,139006,235528,152223,83305,64785,61436,3349,1396068,233555,204212,844144,940981,828651,178332,4842684,4837354,3672659,1075218,26813,62664,5330,6064285,34264512
2010:Q4,Millennial,1246637,744846,467419,277427,501790,137222,6727,18426,18426,0,6225,1990,4235,89735,31583,7560,45019,65775,58025,35495,766970,766407,446880,310741,5300,3486,563,479667,14048591
2011:Q1,Silent,22974001,6112988,5061608,1051380,16861013,2513483,689533,1593663,1181015,412648,367811,293210,74601,4751646,368275,169749,589034,3497566,2007905,312349,1449495,1442658,1080474,213632,38592,109959,6838,21524506,25947269
2011:Q1,BabyBoom,40955469,11160259,9057757,2102502,29795210,3008348,846184,1592308,1208335,383974,579329,530536,48794,6937819,679143,1234083,3128449,7773507,3634371,381667,6087550,6074356,4626578,1019529,87415,340835,13194,34867918,43416038
2011:Q1,GenX,11421930,5024933,3900609,1124324,6396997,904864,131958,233034,157564,75470,71707,67603,4105,1603129,248503,206510,937862,973992,904286,181152,4864817,4859203,3706651,1066768,25040,60744,5614,6557113,34338466
2011:Q1,Millennial,1316313,760045,469988,290057,556268,154618,7052,18453,18453,0,5696,1593,4103,112521,32586,8027,53935,70402,55836,37143,846052,845456,506423,328379,5190,5463,596,470261,14520307
2011:Q2,Silent,22824553,6036091,4997385,1038705,16788462,2533037,669281,1670905,1175595,495310,389426,315664,73762,4703322,377149,161197,577501,3429491,1966622,310531,1411036,1404006,1047266,212823,32210,111707,7030,21413516,25679509
2011:Q2,BabyBoom,41091796,11048577,8941416,2107160,30043220,3053796,844550,1627902,1191465,436437,596219,546298,49921,6923051,673340,1253339,3137270,7897782,3652315,383656,6023572,6010449,4566781,1023877,81866,337925,13123,35068224,43497883
2011:Q2,GenX,11740871,5101416,3949235,1152182,6639454,963399,129190,246579,162040,84539,76196,71319,4877,1618682,262800,210890,956160,1006344,985348,183865,4872431,4866489,3714265,1069988,21452,60784,5942,6868440,34410932
2011:Q2,Millennial,1384344,802054,491028,311026,582290,169236,7485,19312,19312,0,7847,3914,3933,111027,33759,8620,55669,75834,54689,38813,889314,888686,532356,346389,4593,5347,628,495030,15001162
2011:Q3,Silent,22105071,5941141,4896763,1044378,16163930,2554789,648929,1836963,1283279,553684,401066,326947,74120,4032573,383464,160726,534293,3355572,1942015,313540,1376427,1369602,1014920,211063,31459,112160,6825,20728644,25418359
2011:Q3,BabyBoom,40286012,10990316,8878784,2111532,29295696,3106240,841668,1819306,1346104,473202,578038,526490,51548,6054684,662792,1221680,2953513,7970623,3694976,392175,5947061,5934650,4496508,1027887,87581,322675,12411,34338951,43598619
2011:Q3,GenX,11458411,5184136,4022995,1161142,6274274,1027190,126126,263752,173514,90237,82655,77213,5442,1213447,274161,197059,785825,1036045,1077565,190450,4904969,4899444,3727235,1086920,23745,61543,5526,6553442,34480976
2011:Q3,Millennial,1334217,806472,492895,313577,527746,185828,7907,12203,12203,0,7202,3304,3898,50063,35577,8291,37649,84220,57122,41684,956575,955864,569730,376304,5507,4322,711,377642,15490741
2011:Q4,Silent,22176076,5858330,4828109,1030221,16317746,2576661,646425,1838541,1283172,555369,401413,327940,73473,4232997,395362,149337,538466,3291899,1928132,318513,1344453,1337562,983622,211298,31012,111631,6891,20831623,25163219
2011:Q4,BabyBoom,40864713,10865767,8756307,2109460,29998946,3160926,864755,1812523,1336566,475957,526523,473843,52680,6373554,664616,1261088,3058540,8118686,3754167,403569,5901428,5889294,4459505,1037797,94697,297295,12134,34963285,43713551
2011:Q4,GenX,12024053,5206011,4028891,1177119,6818043,1093134,131835,267863,178843,89020,90855,84737,6118,1392931,292543,208288,895000,1069047,1177890,198655,4926533,4920919,3728963,1102205,26852,62898,5614,7097521,34547663
2011:Q4,Millennial,1428731,840514,512660,327854,588217,203688,8601,12652,12652,0,3753,0,3753,69114,36014,9277,48480,89194,62274,45171,997735,996971,582849,404925,6727,2470,764,430996,15988629
2012:Q1,Silent,22366491,5776434,4763181,1013254,16590056,2582844,615744,1815891,1214014,601876,410062,339934,70128,4669018,400172,132883,549471,3231061,1869177,313734,1304807,1297430,950292,204968,26790,115381,7377,21061684,24913488
2012:Q1,BabyBoom,41661936,10723357,8611289,2112068,30938580,3179248,843927,1730850,1224331,506520,517469,465094,52374,7032717,651676,1337410,3211152,8283011,3749188,401933,5786742,5774160,4341998,1021982,92720,317460,12582,35875194,43837988
2012:Q1,GenX,12745456,5229730,4027163,1202568,7515726,1134961,123079,272519,179250,93269,96624,89564,7061,1738956,302347,232374,1057800,1102594,1255579,198892,4929442,4922923,3742824,1093431,25066,61602,6519,7816014,34610060
2012:Q1,Millennial,1558114,886301,535275,351026,671813,215419,8837,18410,18410,0,3314,0,3314,114118,38290,11019,65919,93561,56618,46309,1088824,1088063,652848,424660,6589,3966,761,469290,16494412
2012:Q2,Silent,22097052,5728970,4720517,1008453,16368083,2574471,589931,1886861,1323342,563519,420546,353918,66628,4504209,399066,131440,530925,3163404,1857202,310028,1271527,1263665,918809,204570,23927,116359,7862,20825525,24668564
2012:Q2,BabyBoom,41721012,10779708,8668148,2111560,30941303,3160799,829025,1866560,1381311,485249,518532,466744,51788,6849472,625749,1312801,3178523,8385733,3812430,401677,5729057,5715997,4283662,1029398,93838,309099,13060,35991955,43967237
2012:Q2,GenX,12966144,5390446,4179168,1211278,7575698,1152441,116686,279395,192019,87376,101690,93791,7898,1672588,304797,220800,1033176,1133009,1361192,199924,4938462,4931032,3740378,1103736,24963,61955,7430,8027681,34667233
2012:Q2,Millennial,1580353,911841,554168,357673,668513,220293,9127,9942,9942,0,3697,831,2866,97842,42283,10831,62716,101460,62606,47716,1142755,1141997,678982,452763,6942,3310,758,437599,17007674
2012:Q3,Silent,22302443,5709875,4708248,1001627,16592568,2570261,595255,1953198,1299019,654178,427381,363703,63678,4713200,406072,120819,530628,3101294,1866988,307473,1241971,1233950,890044,204407,21185,118314,8021,21060472,24427847
2012:Q3,BabyBoom,42536839,10866001,8755090,2110911,31670837,3150405,861727,1879665,1335445,544220,507667,456349,51318,7200728,617732,1352547,3264283,8524861,3908291,402933,5742049,5729071,4286143,1036178,95086,311664,12978,36794790,44096603
2012:Q3,GenX,13631882,5530664,4309070,1221594,8101219,1176457,125325,292624,195680,96945,107098,98520,8578,1868985,317483,231846,1133630,1164933,1480995,201842,4943046,4935325,3728366,1120316,24936,61706,7721,8688836,34718248
2012:Q3,Millennial,1690999,953850,587375,366475,737149,226971,9962,12584,12584,0,3106,619,2487,122259,44155,11938,74059,107646,75021,49447,1162240,1161440,661078,489551,7330,3481,800,528759,17528001
2012:Q4,Silent,22176059,5687874,4692032,995842,16488185,2603084,618098,1878198,1320846,557352,437546,376761,60785,4718916,412049,113035,519806,3038116,1840774,308562,1205833,1198482,858068,204208,18723,117483,7351,20970226,24190735
2012:Q4,BabyBoom,42970992,10925079,8810649,2114430,32045913,3236027,922450,1846492,1360422,486071,510462,459752,50710,7259886,607513,1373670,3282294,8646619,3951235,409265,5567537,5556161,4125042,1049593,97142,284384,11376,37403454,44221396
2012:Q4,GenX,14094494,5646695,4409260,1237435,8447799,1267651,142489,286771,202543,84228,111751,102595,9156,1924074,328974,236307,1164486,1195832,1582682,206783,4982817,4976444,3751051,1137008,25314,63071,6373,9111677,34762171
2012:Q4,Millennial,1788473,1001669,621936,379733,786804,254647,11163,10970,10970,0,3630,1509,2122,124438,46374,12703,77399,115002,78215,52262,1304987,1304018,772833,522096,7869,1219,969,483486,18054978
2013:Q1,Silent,22473091,5713703,4731227,982476,16759389,2605258,584617,1773340,1281783,491556,440477,380650,59827,5190845,418814,101117,523520,3007013,1807294,307094,1180416,1172777,834856,201201,16237,120483,7639,21292675,23956627
2013:Q1,BabyBoom,44298863,11091602,8976763,2114839,33207261,3241010,891800,1738127,1294120,444007,485370,434190,51180,8012730,599148,1426563,3398448,9019519,3982621,411926,5739030,5727518,4295694,1033252,99012,299560,11512,38559833,44336922
2013:Q1,GenX,14983034,5806425,4550108,1256317,9176609,1304965,131421,279491,204501,74990,117235,107652,9583,2314409,341579,251889,1305442,1238570,1682077,209530,4926981,4920062,3704882,1127443,25606,62131,6919,10056053,34798068
2013:Q1,Millennial,1961172,1083934,684476,399458,877238,266183,11284,14977,14977,0,1953,0,1953,183706,48413,14181,94782,107923,79424,54412,1181138,1180142,617466,551876,8404,2396,996,780034,18588190
2013:Q2,Silent,22269803,5724890,4750403,974486,16544913,2608354,564264,1533682,1190974,342708,457757,399042,58715,5219942,423835,94092,512199,2969912,1854123,306751,1155176,1147064,808409,201620,14314,122722,8112,21114627,23724923
2013:Q2,BabyBoom,44876194,11288881,9178148,2110734,33587313,3246740,880778,1493392,1158595,334797,510524,459042,51482,8111788,586726,1444443,3414027,9348103,4134695,416097,5716479,5704466,4252447,1041666,103553,306800,12013,39159715,44438487
2013:Q2,GenX,15557026,6042827,4778885,1263942,9514199,1344437,126782,254953,200457,54496,120925,110943,9982,2392402,352026,255269,1339009,1287078,1828123,213195,4943779,4935930,3712959,1134114,27209,61649,7849,10613247,34825005
2013:Q2,Millennial,2100012,1139899,732241,407658,960113,278653,11637,33563,22654,10909,4346,2576,1770,191427,51043,14958,98989,113008,105526,56963,1236956,1235962,640784,582794,9440,2945,994,863056,19127223
2013:Q3,Silent,22457018,5747518,4771997,975521,16709499,2617537,563543,1474284,1171083,303201,461680,404034,57646,5429883,431805,82412,512522,2936160,1892063,307611,1129327,1121352,785770,201007,10998,123577,7975,21327691,23495021
2013:Q3,BabyBoom,46071161,11509359,9398535,2110824,34561802,3268131,901134,1428390,1125341,303049,492675,440936,51739,8485702,581190,1499516,3509635,9699724,4273789,421915,5683330,5671981,4224802,1047372,100556,299251,11349,40387831,44521400
2013:Q3,GenX,16403274,6266772,4996900,1269872,10136502,1396432,131517,250809,202659,48151,125878,115531,10347,2602216,366407,271642,1466260,1336692,1970782,217866,4987817,4980271,3739880,1153283,25193,61915,7546,11415457,34842048
2013:Q3,Millennial,2264093,1195879,785634,410245,1068214,295709,12406,41044,24561,16483,3113,1521,1592,223036,52791,16605,115956,116786,130786,59980,1309883,1308789,668754,628635,9169,2232,1094,954210,19671662
2013:Q4,Silent,22647346,5776786,4812806,963980,16870560,2589645,563931,1373542,1074636,298906,456511,398684,57828,5673650,426413,73773,525202,2953658,1921402,312833,1144656,1136627,779900,203223,12173,141332,8029,21502690,23266183
2013:Q4,BabyBoom,47527236,11663026,9542888,2120138,35864210,3364247,908900,1381601,1073941,307660,524352,474641,49711,9049365,604022,1546042,3652615,10000998,4400210,431859,5761694,5749590,4193769,1050312,107866,397643,12104,41765542,44582032
2013:Q4,GenX,16845409,6348243,5080356,1267887,10497166,1391741,135214,243932,196026,47906,126220,115692,10528,2765696,364481,298917,1599132,1400195,1948685,222951,5010263,5002450,3735970,1179574,29579,57327,7813,11835146,34848641
2013:Q4,Millennial,2446382,1277065,851735,425330,1169317,309601,13696,54981,36862,18119,6059,4577,1482,255110,55072,19708,141560,111042,138284,64203,1367257,1366130,685405,657359,11678,11688,1126,1079125,20221269
2014:Q1,Silent,22799642,5801630,4858229,943401,16998012,2583661,559110,1339035,1049310,289725,453355,395649,57706,5891379,420126,69582,523710,2943021,1902872,312161,1141696,1133639,771430,199604,11964,150642,8057,21657946,23037125
2014:Q1,BabyBoom,48589078,11775662,9652860,2122802,36813416,3518687,907477,1419152,1111201,307951,567379,519755,47624,9574610,624378,1557111,3695810,10066033,4449779,433000,5666956,5654152,4110011,1028759,106923,408458,12804,42922122,44621014
2014:Q1,GenX,17128574,6411081,5144543,1266538,10717494,1428227,136333,244474,197519,46955,125937,115250,10687,2911931,361234,314168,1619192,1452327,1900759,222909,5013102,5005075,3729766,1188341,30067,56902,8027,12115472,34845727
2014:Q1,Millennial,2634649,1371751,925424,446327,1262899,338750,14923,65262,44953,20309,10322,8969,1354,284911,57729,22150,152184,119910,130161,66597,1445997,1444832,738259,680111,12806,13655,1165,1188653,20776517
2014:Q2,Silent,23057415,5838783,4904883,933900,17218632,2556124,536418,1339685,1004894,334791,438638,381078,57559,6127350,415429,64247,527679,2933615,1966485,312963,1145320,1137153,764735,201851,12267,158300,8167,21912096,22806426
2014:Q2,BabyBoom,49816628,11949885,9816672,2133213,37866743,3608945,874881,1471711,1116097,355614,572049,526388,45660,10131622,648253,1577678,3776898,10139148,4629268,436292,5584866,5571205,4024668,1033806,108588,404143,13661,44231763,44640042
2014:Q2,GenX,17566125,6558659,5292089,1266570,11007466,1422259,128504,249620,196032,53588,126842,116017,10825,3073300,360006,332840,1681439,1504858,1903611,224188,5052798,5044390,3737971,1217027,32250,57142,8408,12513327,34834632
2014:Q2,Millennial,2827881,1456538,992677,463861,1371344,353308,15724,70199,53673,16526,11128,9894,1234,318496,59923,24947,169275,128452,150296,69595,1548144,1546953,806512,711318,14801,14322,1190,1279737,21338055
2014:Q3,Silent,22937055,5890071,4966867,923204,17046984,2534809,541760,1312708,983602,329106,431495,374300,57195,5973094,408647,63373,519237,2921200,2028571,312088,1139761,1131903,759872,202418,11842,157770,7857,21797295,22572663
2014:Q3,BabyBoom,50331889,12111553,9964809,2146744,38220336,3714138,890308,1510029,1150181,359848,607438,563744,43694,10070536,666881,1560728,3768234,10186805,4808236,437003,5428282,5414590,3962558,1033319,106223,312490,13692,44903607,44640811
2014:Q3,GenX,17583753,6657601,5383954,1273647,10926152,1427776,134657,250672,197519,53153,126453,115515,10938,2955834,355948,339033,1646840,1556183,1908749,224007,5106191,5098266,3752320,1252651,32232,61063,7926,12477562,34816676
2014:Q3,Millennial,2999375,1570005,1080072,489933,1429370,372584,17328,80113,61631,18482,15139,14035,1105,299610,62916,26997,172535,138895,171154,72099,1643228,1641936,864604,754557,15965,6810,1292,1356147,21906533
2014:Q4,Silent,23036378,5915689,5009195,906494,17120689,2512174,545443,1256275,953594,302681,411486,354554,56932,6113877,404473,58608,519654,2910815,2076022,311863,1142365,1134778,754609,204468,12107,163593,7588,21894013,22334416
2014:Q4,BabyBoom,51250362,12199232,10046667,2152565,39051130,3813719,903003,1512317,1167128,345189,595605,553687,41917,10478668,691652,1576250,3822882,10253264,4965047,438724,5348842,5335045,3900016,1037031,107178,290820,13796,45901520,44625016
2014:Q4,GenX,17835037,6701350,5424732,1276618,11133688,1430721,140135,247240,197460,49780,127977,116939,11037,3053346,355397,356401,1681667,1608516,1907814,224475,5148579,5141057,3764350,1280057,34622,62029,7522,12686459,34793182
2014:Q4,Millennial,3213680,1681208,1165124,516084,1532472,391446,18978,92932,69760,23172,14431,13438,993,321964,65053,29953,186359,148366,188040,74949,1735990,1734599,922533,787984,18435,5647,1391,1477690,22482602
2015:Q1,Silent,23086255,5941631,5048990,892641,17144624,2524088,531807,1219340,971563,247776,396126,340401,55725,6178738,399966,55296,519713,2898396,2110075,311079,1138336,1130694,746968,200523,12561,170641,7642,21947919,22090263
2015:Q1,BabyBoom,52167989,12322720,10163184,2159536,39845268,4007127,885241,1561766,1260361,301405,606302,566594,39707,10767564,715557,1579291,3875225,10306432,5101126,439637,5267295,5252757,3845349,1013471,108549,285388,14538,46900693,44594354
2015:Q1,GenX,18127252,6792960,5513817,1279143,11334292,1498655,136791,247061,204919,42142,128466,117389,11077,3098628,354468,369768,1714482,1660325,1901126,224523,5144863,5137067,3754243,1282576,37939,62309,7796,12982389,34765472
2015:Q1,Millennial,3441350,1787691,1246672,541019,1653659,436555,20166,107963,77640,30323,16130,15315,816,334531,67359,32751,200327,159048,201121,77708,1794003,1792572,954376,810532,21638,6025,1430,1647347,23066909
2015:Q2,Silent,22993040,5989638,5102528,887110,17003402,2496473,521941,1135360,948593,186767,376246,321716,54530,6143742,392466,52125,513129,2883658,2177517,310746,1146088,1138443,744448,202979,13160,177856,7645,21846952,21838783
2015:Q2,BabyBoom,52761603,12495082,10315188,2179894,40266521,4091046,874026,1530112,1284470,245642,600442,562801,37641,10895278,732097,1580871,3878682,10345850,5296734,441382,5250410,5235231,3821981,1019025,109849,284375,15179,47511193,44550520
2015:Q2,GenX,18314251,6958462,5664994,1293467,11355790,1493273,135421,239018,205861,33157,129772,118681,11090,3073733,349552,382851,1696920,1711626,1918511,225113,5199658,5191692,3777325,1309778,42155,62434,7966,13114594,34734870
2015:Q2,Millennial,3647210,1908459,1333844,574615,1738751,453741,21518,121310,86122,35188,16058,15407,651,332984,70846,35656,206639,171069,228144,80787,1872806,1871325,992857,845959,25651,6858,1482,1774403,23660105
2015:Q3,Silent,22542946,6020828,5132524,888304,16522118,2464749,538179,1220446,1040255,180191,355828,303014,52814,5633276,382722,53908,489290,2864226,2206941,312553,1149366,1141942,741657,203785,13429,183070,7425,21393580,21578553
2015:Q3,BabyBoom,52627879,12694482,10499132,2195350,39933397,4163794,909882,1768354,1522931,245424,595615,560203,35412,10232181,743043,1538686,3751818,10353213,5430043,446768,5200496,5185119,3792958,1020787,109076,262298,15376,47427383,44495209
2015:Q3,GenX,17995207,7103068,5810530,1292538,10892139,1481380,147898,257969,225573,32395,131067,120024,11042,2699068,341639,381637,1547767,1761528,1914296,227891,5264735,5257063,3803697,1344346,45543,63477,7673,12730471,34702698
2015:Q3,Millennial,3714831,1999810,1412306,587504,1715022,468627,23880,131739,94342,37397,16089,15626,463,257631,75299,37595,191303,185861,242052,84946,1970874,1969296,1040024,894149,29595,5529,1578,1743957,24262841
2015:Q4,Silent,22537499,6039123,5155070,884054,16498375,2462205,542804,1099029,1031483,67546,336024,284587,51437,5780206,376656,47433,492900,2849651,2196534,314934,1147317,1140075,738199,198610,14875,188390,7242,21390182,21308154
2015:Q4,BabyBoom,53543143,12832588,10624865,2207722,40710555,4317643,925633,1687001,1578129,108872,593866,560363,33503,10660739,763189,1568582,3832415,10412641,5495418,453428,5098669,5083021,3738990,989195,111155,243681,15648,48444474,44430117
2015:Q4,GenX,18354904,7198088,5904839,1293249,11156816,1525449,154621,242894,229386,13508,132324,121328,10996,2813440,338954,404531,1612361,1814394,1886378,231470,5285250,5277789,3839039,1320228,54114,64408,7460,13069654,34670277
2015:Q4,Millennial,3925449,2101137,1495537,605600,1824313,507535,25966,131694,104025,27669,16486,16176,311,283655,78417,41512,211060,197387,240985,89616,2054892,2053221,1119577,892197,36961,4486,1671,1870557,24875764
2016:Q1,Silent,22483428,6044307,5170420,873887,16439122,2462794,530959,1106463,1047720,58744,325238,274392,50846,5804546,370726,43726,491265,2831950,2155914,315539,1143389,1136088,731872,195035,15084,194098,7301,21340039,21026163
2016:Q1,BabyBoom,54290967,12931435,10710086,2221349,41359532,4481967,911816,1786756,1687239,99517,630977,598838,32139,10891359,783902,1574189,3875291,10458191,5507494,457590,5034230,5017815,3706808,970579,108102,232327,16415,49256737,44356940
2016:Q1,GenX,18585934,7298414,5995151,1303263,11287520,1577361,152576,249421,237406,12015,131297,120288,11009,2840818,336694,419556,1638945,1866944,1840271,233636,5301029,5293255,3843968,1325877,58333,65077,7774,13284904,34638931
2016:Q1,Millennial,4140783,2224485,1585740,638744,1916298,551237,27510,140892,113849,27044,21860,21642,219,291390,81535,44969,224964,210441,227723,93776,2118425,2116709,1149435,920745,42360,4169,1715,2022358,25499526
2016:Q2,Silent,22558130,6103193,5245217,857976,16454937,2420894,506528,1101870,1064769,37101,308987,258446,50541,5897297,367090,38240,490304,2809235,2197425,317068,1147515,1140233,728452,196372,14678,200732,7282,21410615,20731158
2016:Q2,BabyBoom,55252114,13122628,10889346,2233283,42129486,4531748,874916,1872098,1804109,67989,645872,614849,31023,11248405,810829,1596220,3925979,10488378,5671300,463741,5027374,5010341,3697986,974202,102707,235446,17032,50224740,44277373
2016:Q2,GenX,18962461,7462971,6144919,1318052,11499489,1552725,143728,253765,245842,7923,131628,120576,11052,2924680,337985,440126,1673659,1952291,1851879,237024,5353021,5345088,3870539,1348943,60410,65195,7933,13609440,34609981
2016:Q2,Millennial,4412919,2398953,1716540,682413,2013966,562477,28563,145027,124185,20843,24659,24509,150,311718,83734,49026,240732,219550,249824,98656,2192321,2190544,1180881,957276,46945,5442,1778,2220598,26134775
2016:Q3,Silent,22551462,6113339,5251800,861539,16438123,2413701,491810,1027400,1017100,10300,286968,237230,49738,5999695,361467,32414,493451,2785565,2228423,317230,1149183,1142278,724492,196308,14283,207196,6905,21402279,20421720
2016:Q3,BabyBoom,56252914,13361413,11112579,2248835,42891500,4681046,856157,1793891,1772909,20982,639267,609533,29734,11635880,833182,1622179,4012656,10527396,5821694,468152,5000156,4983241,3671075,975794,96598,239774,16915,51252758,44193112
2016:Q3,GenX,19472656,7654070,6341077,1312992,11818587,1595978,140310,246013,243671,2342,133429,122382,11047,3022164,336835,462107,1744205,2038391,1859713,239443,5423696,5416375,3907040,1381029,62975,65331,7321,14048960,34584751
2016:Q3,Millennial,4627574,2485004,1797179,687825,2142570,604626,30064,142935,135481,7454,24678,24623,54,335610,86771,53368,263538,228382,269385,103212,2310355,2308437,1240741,1008460,52336,6900,1919,2317219,26782161
2016:Q4,Silent,22116935,6052234,5198430,853804,16064701,2401644,474383,967455,967455,0,277769,229000,48769,5882942,349999,35857,493679,2723934,2142429,314611,1124906,1118502,709055,200072,13458,195917,6404,20992029,20097016
2016:Q4,BabyBoom,56384478,13520027,11273185,2246841,42864451,4726881,846734,1696052,1696052,0,616650,586676,29974,11773344,824524,1583246,3994360,10559306,5765762,477591,4966388,4950172,3634627,989323,101560,224662,16217,51418090,44105623
2016:Q4,GenX,20269710,7848444,6510984,1337460,12421266,1674970,142125,248311,248311,0,143955,132311,11643,3211136,350110,472505,1799650,2132799,1999521,246186,5470719,5463748,3938342,1394869,58636,71901,6971,14798991,34564317
2016:Q4,Millennial,4827065,2618899,1920277,698622,2208166,630947,31119,134417,134417,0,21838,21719,119,333350,92859,55236,274751,246731,278425,108493,2418353,2416247,1309906,1052174,49643,4524,2106,2408711,27441847
2017:Q1,Silent,21995905,5979012,5136074,842938,16016893,2403188,451869,946670,946670,0,275192,227908,47284,6030302,342532,33088,506060,2664860,2054852,308280,1095946,1089510,692252,197504,12405,187349,6436,20899959,19758579
2017:Q1,BabyBoom,57342554,13666136,11417801,2248335,43676418,4817597,827456,1687056,1687056,0,626909,596926,29983,12397101,826681,1603430,4078390,10624046,5706748,481004,4923427,4906779,3581669,974830,105480,244801,16648,52419127,44015454
2017:Q1,GenX,21494043,8089095,6718163,1370932,13404949,1783875,141075,258042,258042,0,151921,139684,12237,3618355,369450,501986,1960601,2229545,2140652,249445,5485379,5477566,3967418,1379812,53306,77030,7813,16008665,34548774
2017:Q1,Millennial,5138076,2769779,2046782,722997,2368297,672381,31934,133574,133574,0,23573,23413,160,381780,97297,58821,306393,263140,287288,112117,2528092,2525917,1395190,1078279,46156,6292,2175,2609983,28112041
2017:Q2,Silent,21818426,5910494,5079538,830956,15907931,2352950,436132,956817,956817,0,268365,221669,46696,6025340,332922,32178,512586,2603890,2083749,303002,1073832,1067553,676431,199597,12827,178698,6279,20744593,19408532
2017:Q2,BabyBoom,58167461,13857120,11613567,2243553,44310341,4765384,821167,1753504,1753504,0,614597,584068,30529,12764980,823368,1605772,4120152,10680149,5874778,486489,4912830,4896147,3537295,982047,112935,263869,16683,53254632,43922924
2017:Q2,GenX,22616222,8374981,6979417,1395564,14241241,1797170,143908,274899,274899,0,161474,148457,13017,3919081,385833,525690,2082336,2326355,2370513,253982,5535116,5526876,4004758,1385068,54828,82221,8241,17081106,34537970
2017:Q2,Millennial,5413365,2902608,2166612,735996,2510757,668165,33124,132709,132709,0,22076,21792,285,404649,102813,62012,331496,280878,356353,116482,2657644,2655353,1484075,1115997,47261,8021,2291,2755721,28790468
2017:Q3,Silent,21536221,5834046,5015213,818832,15702175,2321785,440752,913337,913337,0,259795,215452,44343,6031877,324822,31063,520671,2542203,2013355,302515,1048913,1042862,661489,200161,11938,169274,6051,20487308,19048997
2017:Q3,BabyBoom,58842078,14050348,11813573,2236775,44791730,4771568,856243,1691143,1691143,0,601708,571575,30133,13168878,824287,1610206,4179855,10735793,5851318,500731,4897323,4880761,3505547,986183,116697,272334,16562,53944755,43828353
2017:Q3,GenX,23730282,8630837,7213817,1417020,15099444,1849707,159297,279516,279516,0,170593,156974,13619,4241236,404650,550039,2225969,2423678,2531029,263730,5590279,5581769,4047353,1396181,50345,87890,8510,18140002,34531755
2017:Q3,Millennial,5685254,3046798,2303273,743525,2638455,682728,35560,131657,131657,0,20426,20147,280,432265,107735,65356,361779,299261,377906,123782,2790149,2787721,1568412,1166658,44165,8485,2427,2895105,29474847
2017:Q4,Silent,21431946,5735396,4919899,815497,15696550,2303311,448963,904736,904736,0,245884,203264,42619,6172675,316756,29399,529625,2480404,1967506,297290,1027790,1021990,645750,202787,11676,161777,5800,20404156,18682098
2017:Q4,BabyBoom,59923489,14210797,11965575,2245222,45712693,4819250,900630,1714470,1714470,0,561453,531331,30122,13840944,825415,1620579,4252338,10794198,5876568,506847,4914565,4898182,3471511,999283,122074,305314,16383,55008924,43732060
2017:Q4,GenX,25046003,8886172,7436677,1449496,16159831,1930151,178058,292631,292631,0,181249,166868,14381,4687607,423672,576243,2386726,2521696,2713035,268763,5646221,5637498,4084557,1411650,48814,92478,8723,19399782,34529977
2017:Q4,Millennial,6007980,3181808,2424385,757422,2826172,711600,38371,130446,130446,0,14615,14277,338,491894,112733,68970,396542,317970,414381,128650,2925396,2922822,1650527,1217066,43039,12190,2573,3082584,30162903
2018:Q1,Silent,20969182,5666790,4859956,806834,15302392,2306164,429280,905310,905310,0,237964,197367,40596,5954064,307350,31737,522160,2416501,1899594,292268,997038,991027,627057,199106,11633,153230,6011,19972144,18309957
2018:Q1,BabyBoom,60237537,14449792,12197370,2252422,45787745,4936021,887552,1762881,1762881,0,550324,520358,29966,13846270,822732,1588167,4189129,10834349,5856834,513486,4856895,4839630,3405283,982989,128150,323208,17265,55380641,43634363
2018:Q1,GenX,25994162,9205290,7718608,1486682,16788871,2056821,179178,308828,308828,0,189885,174716,15169,4844709,440645,589038,2406036,2619110,2880458,274165,5657176,5647144,4105854,1395187,48374,97729,10032,20336986,34532485
2018:Q1,Millennial,6302969,3376414,2593471,782943,2926555,765434,39546,128776,128776,0,13034,12655,379,474696,118511,71366,402559,338803,440025,133805,3052375,3049771,1750496,1242594,42628,14054,2604,3250594,30852356
2018:Q2,Silent,20595345,5568708,4770383,798326,15026637,2255467,426523,923511,923511,0,231074,192703,38371,5851579,299376,32239,522236,2353808,1844914,285910,971679,965936,610659,199509,12520,143248,5744,19623666,17934698
2018:Q2,BabyBoom,60733395,14588487,12330340,2258147,46144908,4893583,910809,1861447,1861447,0,544914,515204,29710,14077311,823993,1574521,4193054,10884610,5862915,517751,4813579,4796530,3352980,985546,137601,320402,17049,55919817,43535581
2018:Q2,GenX,27003266,9474671,7953632,1521039,17528595,2077740,191903,331182,331182,0,198041,182045,15995,5106997,459912,607780,2498647,2717602,3060566,278227,5705823,5695610,4143973,1395249,52486,103902,10213,21297444,34539128
2018:Q2,Millennial,6532449,3511228,2707840,803388,3021220,763505,41881,125814,125814,0,12275,11866,408,483372,123675,74384,424068,359249,474746,138251,3198473,3195714,1859239,1277870,45448,13158,2759,3333976,31540930
2018:Q3,Silent,20391348,5472557,4685484,787073,14918791,2196197,413701,958329,958329,0,224961,188864,36097,5920229,291879,32526,528212,2292880,1778726,281152,946711,941054,595357,199697,11918,134082,5657,19444637,17558442
2018:Q3,BabyBoom,61652485,14747264,12488352,2258912,46905222,4824009,912420,2014250,2014250,0,543406,513961,29446,14652959,826491,1562657,4252561,10948353,5843088,525028,4789301,4772046,3312682,991441,141812,326111,17255,56863185,43436034
2018:Q3,GenX,28186011,9717394,8165740,1551654,18468617,2080853,197937,360262,360262,0,205929,189032,16897,5527957,479968,627119,2654008,2817403,3233054,284128,5766815,5755985,4187407,1409420,49472,109686,10830,22419196,34549755
2018:Q3,Millennial,6835153,3681426,2861348,820078,3153728,750560,43595,120062,120062,0,12090,11648,442,535336,128683,77509,459735,378899,503435,143824,3356949,3354080,1963574,1334007,43082,13417,2869,3478204,32226345
2018:Q4,Silent,18940744,5256115,4471724,784391,13684629,2179102,440896,991633,991633,0,214672,180854,33818,4860591,277256,41410,489606,2225506,1686417,277540,921830,916626,578738,201280,13256,123351,5205,18018913,17183314
2018:Q4,BabyBoom,59511108,14534008,12263792,2270215,44977100,4887916,1005925,2175150,2175150,0,521710,492505,29204,12973090,807192,1452672,3912428,10942804,5763676,534536,4745607,4729045,3265818,1002110,153282,307834,16562,54765502,43336041
2018:Q4,GenX,27786346,9756262,8170454,1585809,18030084,2173342,234477,390881,390881,0,214535,196639,17896,4949084,487684,616300,2375126,2913064,3384178,291413,5821861,5811331,4217417,1421239,56100,116574,10530,21964485,34564215
2018:Q4,Millennial,6609911,3676065,2844875,831190,2933846,786629,48365,111481,111481,0,8721,8232,489,294075,137740,77518,398771,405303,514940,150305,3503046,3499964,2059644,1382412,47688,10219,3082,3106866,32906326
2019:Q1,Silent,19360822,5110229,4345462,764767,14250592,2168530,456280,1017821,1017821,0,208463,176663,31800,5503325,272249,35681,512112,2172095,1633795,270242,888584,883356,560595,197414,11267,114079,5228,18472238,16811435
2019:Q1,BabyBoom,61852240,14424763,12152327,2272435,47427477,4975456,1075825,2326196,2326196,0,518320,489132,29187,14712688,816349,1507204,4125922,11066442,5766229,536848,4671403,4654377,3209713,986684,151841,306139,17026,57180837,43235920
2019:Q1,GenX,29709608,9866714,8236963,1629751,19842894,2281989,264319,421135,421135,0,222414,203314,19099,5900694,511662,656154,2702360,3017657,3570019,294492,5815592,5804175,4230887,1404475,46144,122669,11418,23894016,34582357
2019:Q1,Millennial,7145397,3826191,2945212,880979,3319206,832490,52481,100725,100725,0,8196,7601,595,499891,141632,82844,473463,420022,553207,154253,3604193,3601027,2145742,1405897,40055,9332,3166,3541205,33578593
2019:Q2,Silent,19178060,5082483,4332878,749604,14095577,2109934,433242,1053268,1053268,0,204437,174793,29645,5495443,263979,33321,515801,2098147,1623803,264201,867876,862993,547225,198305,11369,106094,4883,18310184,16444929
2019:Q2,BabyBoom,63044275,14827903,12557558,2270345,48216371,4905649,1055594,2520834,2520834,0,526004,496874,29131,15151946,815054,1524910,4172149,11141114,5861731,541386,4695003,4678450,3205804,995126,158685,318834,16554,58349272,43135990
2019:Q2,GenX,31075579,10265140,8603186,1661954,20810439,2286050,263759,456702,456702,0,229989,209566,20423,6277580,529729,684680,2850155,3137326,3795527,298942,5868791,5857442,4272204,1410566,46643,128029,11349,25206788,34604029
2019:Q2,Millennial,7597129,4113130,3208436,904694,3483999,817461,53720,84513,84513,0,9441,8728,714,535776,147464,87058,508610,457086,623829,159041,3707834,3704477,2205731,1448110,40041,10595,3357,3889295,34240869
2019:Q3,Silent,18606169,4924683,4174703,749981,13681486,2068253,473423,1041556,1041556,0,201990,174625,27365,5250750,256056,32491,511777,2025302,1562327,257560,844436,839626,533620,197668,10376,97963,4809,17761734,16085918
2019:Q3,BabyBoom,63182919,14834217,12552582,2281634,48348702,4888759,1190281,2559397,2559397,0,541975,512925,29051,15093891,814155,1524963,4147058,11204783,5839012,544427,4687243,4670484,3184990,999505,160148,325841,16759,58495677,43036572
2019:Q3,GenX,31972175,10466325,8774179,1692146,21505851,2325767,317597,476593,476593,0,237540,215644,21896,6437705,548066,707789,2920651,3256011,3975580,302552,5924394,5912417,4314431,1422840,41539,133608,11977,26047781,34629081
2019:Q3,Millennial,7689595,4128576,3227614,900962,3561019,822150,60187,76975,76975,0,12065,11215,851,502822,153227,90727,525978,495786,657827,163276,3843326,3839854,2288937,1504135,35738,11043,3472,3846269,34890876
2019:Q4,Silent,18861851,4815611,4065003,750608,14046240,2086314,493232,991241,991241,0,191925,166409,25516,5708693,254259,31495,495729,1959198,1575713,258440,816620,811915,520939,189746,11374,89856,4705,18045231,15736407
2019:Q4,BabyBoom,64443833,14767791,12466064,2301727,49676042,5056758,1256978,2466276,2466276,0,550135,520875,29261,16056180,821961,1504979,4296901,11227628,5881587,556658,4686043,4669325,3162663,1008664,156570,341429,16718,59757790,42938029
2019:Q4,GenX,32785674,10448917,8749596,1699321,22336757,2462451,342993,478417,478417,0,226008,204701,21307,6745196,551050,750373,3125789,3433056,3911848,309578,5964715,5952849,4325411,1448645,47885,130909,11866,26820959,34657410
2019:Q4,Millennial,8323109,4210868,3291181,919686,4112241,917724,64653,102077,102077,0,13145,10641,2504,743920,158978,103563,603875,542842,689654,171810,3982298,3978692,2382307,1545136,38369,12878,3606,4340811,35526434
2020:Q1,Silent,17368474,4834585,4086559,748026,12533889,2105350,583035,950698,948072,2626,202984,179046,23938,4233965,250142,42003,419307,1878441,1613883,254083,783303,778275,506733,174761,14077,82704,5028,16585171,15397929
2020:Q1,BabyBoom,61316709,15165687,12848279,2317408,46151021,5232544,1505591,2401812,2394558,7254,660045,630575,29470,12748722,821950,1337511,3827389,11071560,5985931,557967,4639325,4621491,3117940,976878,161227,365447,17834,56677383,42840910
2020:Q1,GenX,31332271,10730606,9025765,1704840,20601665,2605743,434397,482367,480723,1644,215182,194379,20803,5142378,549514,748782,2642038,3597261,3873887,310117,5952754,5939809,4322577,1425729,63702,127801,12945,25379517,34689111
2020:Q1,Millennial,8444200,4488872,3549611,939261,3955328,1019736,75397,123689,123528,162,30614,26585,4030,386110,166230,111780,513886,608408,743364,176113,4089530,4085921,2485844,1535751,48181,16144,3609,4354671,36145753
2020:Q2,Silent,18361632,4807113,4068423,738690,13554519,2179249,619582,855123,821757,33366,194615,172239,22376,5291113,252812,33273,429591,1811028,1634089,254043,750343,745552,493935,163735,13882,74000,4791,17611289,15071897
2020:Q2,BabyBoom,64622076,15378008,13060620,2317388,49244068,5609212,1623654,2118071,2037423,80648,668973,639499,29474,15107657,844593,1415892,4204281,11032625,6050828,568281,4571543,4554117,3077240,960398,153540,362939,17426,60050533,42745809
2020:Q2,GenX,33395473,10892203,9193661,1698542,22503270,2885640,479070,459327,440222,19105,205938,185672,20266,6090464,561330,820427,3093975,3770630,3820367,316101,5943982,5931521,4329699,1411875,64155,125792,12461,27451491,34724327
2020:Q2,Millennial,9563959,4685945,3739949,945996,4878013,1210072,81972,150756,150756,0,31747,26377,5370,821838,169185,128410,652476,663443,784078,184037,4191859,4188074,2599693,1526459,46687,15235,3785,5372100,36747141
2020:Q3,Silent,18838763,4871498,4119013,752486,13967265,2177372,578464,794391,794391,0,182401,161257,21144,5822905,255093,28603,419341,1742887,1708814,256995,727710,723063,484596,154994,13452,70021,4647,18111054,14759726
2020:Q3,BabyBoom,66666450,15911267,13536599,2374669,50755183,5718461,1538836,2010243,2010243,0,653249,623633,29616,16360100,866186,1446260,4364854,10958388,6253456,585150,4592670,4575415,3049109,959332,145269,421706,17254,62073781,42653321
2020:Q3,GenX,34749356,11277999,9539745,1738254,23471356,2987082,449195,443803,443803,0,197073,177213,19860,6546724,572630,877550,3305977,3941483,3823741,326100,5997740,5985521,4369892,1431045,63316,121269,12219,28751615,34763203
2020:Q3,Millennial,10553411,5045008,4040784,1004224,5508403,1290864,81652,164456,164456,0,29040,22374,6665,1100706,172287,143676,733356,722765,874862,194739,4382998,4379065,2748022,1562250,44402,24391,3933,6170412,37328905
2020:Q4,Silent,19913368,4921981,4158206,763775,14991388,2223577,551757,782032,782032,0,180647,160710,19937,6827428,260258,24968,423176,1687403,1775027,255115,705758,701354,472096,147698,14102,67458,4404,19207610,14462828
2020:Q4,BabyBoom,70470323,16385109,13958352,2426758,54085214,6005453,1489106,2028932,2028932,0,688913,659305,29608,18811217,898075,1465665,4667076,10998469,6440991,591316,4571039,4554260,2953285,962291,142346,496338,16779,65899284,42564040
2020:Q4,GenX,36940182,11638634,9864490,1774144,25301548,3209766,432462,454162,454162,0,189200,169769,19431,7547356,590112,931182,3674188,4122030,3821400,329691,6038471,6026806,4391738,1450209,68548,116312,11665,30901711,34805881
2020:Q4,Millennial,11780817,5363698,4306100,1057598,6417119,1451108,82300,177199,177199,0,34499,26686,7813,1550311,173307,158767,855345,771143,962056,201085,4642158,4638043,2966076,1588828,46691,36448,4116,7138659,37889353
2021:Q1,Silent,20476962,5028730,4263011,765719,15448232,2284841,562972,629095,629095,0,176551,157006,19545,7388548,257567,26761,408499,1627704,1833250,252444,680872,676219,460562,137629,14153,63874,4653,19796090,14182619
2021:Q1,BabyBoom,72768180,17066547,14601143,2465403,55701633,6352814,1540808,1588104,1588104,0,706516,676078,30438,20271608,902067,1408935,4761165,10961552,6612740,595323,4537257,4519532,2882418,946902,137190,553023,17725,68230923,42478561
2021:Q1,GenX,38530408,12125503,10319778,1805724,26404905,3474887,452677,382921,382921,0,182097,162642,19455,8107065,591178,962006,3810630,4296494,3812947,332003,6052871,6040293,4407922,1449764,70452,112154,12578,32477537,34852506
2021:Q1,Millennial,13000235,5840281,4721910,1118371,7159954,1641799,86648,180584,180584,0,37371,28087,9283,1864417,179718,171456,918814,827706,1044957,206485,4836277,4832143,3141504,1598195,46648,45796,4134,8163958,38426793
2021:Q2,Silent,21355738,5296087,4503615,792472,16059651,2262128,553508,602941,583163,19778,174532,155523,19009,7984003,259353,24388,403089,1572849,1973230,249631,676632,672173,463132,136220,14225,58595,4459,20679106,13920512
2021:Q2,BabyBoom,76251421,18373212,15802688,2570525,57878209,6381011,1535178,1533340,1488407,44933,733634,702626,31008,21864086,921607,1413051,4947234,10949512,7001060,598493,4626393,4609033,2905479,989414,132523,581617,17360,71625028,42397477
2021:Q2,GenX,40654943,13029171,11138017,1891155,27625772,3525157,452062,380395,368161,12234,175566,156183,19383,8730761,601511,1010699,4049023,4473281,3893493,333825,6290446,6278307,4569446,1527337,72473,109052,12139,34364497,34903221
2021:Q2,Millennial,14525179,6631358,5392548,1238810,7893822,1693277,88780,185159,184829,330,41693,31092,10601,2201638,182999,186294,1009358,881991,1211180,211452,5213545,5209244,3414635,1697259,46780,50571,4301,9311634,38939532
2021:Q3,Silent,21586433,5429944,4619006,810938,16156488,2249772,534681,616477,574678,41799,175730,157165,18565,8039312,258434,24324,378975,1515435,2113383,249964,663929,659537,460718,130314,15089,53415,4392,20922503,13677922
2021:Q3,BabyBoom,77668936,19128858,16479882,2648976,58540078,6441045,1501374,1590061,1500030,90031,776327,744717,31610,22129766,930673,1383995,4907283,10873310,7397775,608467,4711119,4693767,2956427,998047,131667,607626,17352,72957817,42321383
2021:Q3,GenX,41597216,13578069,11625687,1952382,28019147,3597673,441275,399851,374688,25163,169837,150483,19353,8758898,605667,1049405,4034805,4644341,3977566,339830,6400432,6388364,4647375,1555732,79201,106056,12069,35196784,34958169
2021:Q3,Millennial,15550424,7144101,5819218,1324883,8406323,1759065,89658,193509,193509,0,48488,36583,11904,2347820,188265,200098,1032822,943021,1384279,219299,5361964,5357539,3511214,1741000,50342,54984,4425,10188460,39425878
2021:Q4,Silent,21946662,5465154,4632529,832625,16481508,2275669,547129,525559,525377,182,173830,155692,18137,8393901,257694,25357,373231,1467708,2192518,248913,654578,650216,458802,126254,17612,47549,4361,21292084,13456262
2021:Q4,BabyBoom,79451964,19440734,16706798,2733935,60011231,6644053,1554554,1381430,1381015,414,799816,767667,32150,23156082,939471,1338404,5066940,10878988,7636862,614631,4788393,4770953,2998422,1015869,137268,619393,17440,74663572,42250874
2021:Q4,GenX,42843093,13861537,11843776,2017761,28981556,3768510,462044,353975,353855,119,164126,144808,19318,9133691,609689,1083079,4242731,4822894,3997282,343533,6531144,6519046,4730048,1589212,96243,103543,12097,36311949,35017494
2021:Q4,Millennial,16495436,7416488,6004854,1411634,9078948,1890876,94033,193137,193116,21,52248,39105,13142,2606592,193484,213384,1115376,995528,1498879,225412,5531418,5526883,3627218,1781385,61309,56971,4535,10964019,39884139
2022:Q1,Silent,21725518,5713343,4859562,853781,16012175,2281243,536213,538318,538318,0,182614,165726,16888,7956484,252841,31945,336426,1381374,2267091,247627,646412,641855,460904,120846,18259,41846,4557,21079106,13256946
2022:Q1,BabyBoom,79235210,20644374,17821608,2822766,58590836,6758810,1539324,1452302,1452302,0,887008,855633,31375,22125509,931501,1205633,4838348,10369638,7863247,619515,4932243,4914020,3129631,1019399,135536,629454,18223,74302967,42186544
2022:Q1,GenX,43195989,14723858,12634015,2089843,28472131,3880051,458019,372560,372560,0,159259,140554,18705,8580797,603673,1091207,4017382,4950876,4011839,346467,6643308,6630459,4826306,1601072,102001,101079,12849,36552680,35081340
2022:Q1,Millennial,17514509,8161857,6650412,1511444,9352652,1982801,95474,205184,205184,0,65551,51988,13562,2557005,201921,223815,1079182,1101324,1609555,230841,5555457,5550893,3627147,1800903,64188,58655,4564,11959052,40312623
2022:Q2,Silent,20545168,5901190,5034366,866824,14643978,2244672,542532,577871,577871,0,173192,157553,15638,6595933,245587,39797,281591,1313784,2380637,248384,635457,631063,460100,117848,19461,33653,4395,19909710,13081388
2022:Q2,BabyBoom,75950010,21622823,18750073,2872750,54327188,6691004,1572059,1610759,1610759,0,866075,835684,30390,18602847,912615,1051233,4353379,9844661,8193986,628569,4950672,4932810,3157556,1042467,135770,597017,17863,70999338,42128986
2022:Q2,GenX,41917269,15454920,13331872,2123048,26462349,3866916,471414,409631,409631,0,152855,134843,18013,6911173,591043,1093605,3512909,5031751,4069058,351993,6785386,6772972,4916200,1645568,111293,99911,12414,35131883,35149850
2022:Q2,Millennial,17785202,8694523,7143147,1551376,9090679,1988573,98896,223359,223359,0,61476,47701,13775,2126354,212337,233666,963150,1182032,1762822,238014,5752199,5747480,3771858,1853244,69598,52780,4719,12033003,40709637
2022:Q3,Silent,20191972,5906353,5026376,879977,14285619,2203256,554776,669148,669148,0,161790,147176,14614,6267204,243156,45031,253891,1259164,2378210,249992,620398,616043,454908,112983,20059,28093,4355,19571574,12931003
2022:Q3,BabyBoom,74003356,20972042,18045999,2926042,53031314,6586252,1620482,1956408,1956408,0,828746,799179,29567,17732958,910521,936696,4177520,9442467,8200385,638881,4901464,4883599,3095441,1053260,134027,600871,17865,69101892,42078796
2022:Q3,GenX,40997037,15083009,12920750,2162259,25914028,3828190,490568,483697,483697,0,146225,128812,17413,6442537,588458,1107710,3350672,5124215,3993433,358324,6879906,6867552,4968292,1684967,116708,97585,12354,34117131,35223169
2022:Q3,Millennial,17687073,8531545,6928332,1603213,9155527,1974588,102966,250971,250971,0,55051,41046,14006,2088275,219256,244799,938761,1249572,1785658,245630,6024934,6020105,3991549,1903077,72216,53263,4829,11662139,41073488
2022:Q4,Silent,19885271,5530771,4666800,863971,14354499,2121920,572648,805131,805131,0,152041,138259,13782,6443451,241268,43351,259745,1211860,2253488,249596,604360,600441,444549,111652,20579,23661,3919,19280910,12614777
2022:Q4,BabyBoom,74987258,20685674,17736805,2948869,54301584,6465497,1717223,2546891,2546891,0,795732,766936,28796,18658433,927388,949296,4343784,9218598,8024665,654077,4825651,4808851,3061108,1069154,137380,541209,16800,70161607,42115974
2022:Q4,GenX,41281302,14841348,12664332,2177016,26439954,3733134,524113,591237,591237,0,145299,128276,17023,6830613,597495,1110737,3520313,5104315,3915934,366763,6933337,6922140,4989598,1709906,123276,99361,11197,34347964,35176679
2022:Q4,Millennial,17924491,8537374,6887915,1649459,9387117,1938805,109033,272770,272770,0,49961,36249,13712,2256572,220937,249237,1002721,1299463,1731602,256016,6252935,6247890,4158838,1967727,78215,43110,5044,11671556,41705930
2023:Q1,Silent,20135486,5470481,4609995,860485,14665006,2058508,628937,893446,893446,0,147163,133556,13608,6741227,243511,38333,269258,1204419,2191214,248990,584668,580680,431618,107653,18490,22918,3989,19550818,12403522
2023:Q1,BabyBoom,76881599,20762468,17791460,2971007,56119131,6311598,1914290,2971641,2971641,0,777863,749043,28820,19731018,949569,1021628,4519077,9325527,7935699,661222,4653563,4636348,2918132,1052331,131320,534565,17215,72228036,41976874
2023:Q1,GenX,42204126,14945934,12744305,2201628,27258192,3639046,598693,663754,663754,0,145724,128625,17099,7330643,613112,1134625,3724779,5140573,3894755,372488,6886324,6874660,4962317,1700719,111502,100123,11664,35317801,35186993
2023:Q1,Millennial,18462265,8766010,7063784,1702226,9696255,1902916,120349,279166,279166,0,47989,33964,14025,2472630,221900,256829,1080227,1320102,1729180,264966,6510021,6504907,4399987,1991282,70914,42724,5114,11952244,42479267
2023:Q2,Silent,20549049,5583468,4729249,854219,14965581,2013876,658031,890022,890022,0,145562,132320,13243,7039736,243906,34231,278328,1197869,2216053,247968,574691,570761,423426,106599,17529,23207,3930,19974358,12180446
2023:Q2,BabyBoom,79420301,21715693,18732630,2983063,57704608,6223012,2027025,3000855,3000855,0,779070,750641,28429,20782178,962458,1076409,4679555,9430581,8077649,665815,4598150,4580994,2855092,1054158,128288,543457,17156,74822151,41690728
2023:Q2,GenX,43718513,15545816,13316725,2229091,28172697,3603524,645263,673030,673030,0,146655,129640,17016,7856140,625033,1154465,3932736,5178991,3978869,377990,6906880,6895181,4974421,1713143,107178,100439,11700,36811633,35184480
2023:Q2,Millennial,19839847,9696957,7935484,1761473,10142891,1902372,128019,285176,285176,0,48988,34893,14095,2696845,223238,263325,1157730,1333305,1830733,273160,6710938,6705726,4558803,2032773,68752,45398,5213,13128909,43119882
2023:Q3,Silent,20122048,5542805,4698607,844198,14579243,1974758,688902,896948,896948,0,136417,123324,13094,6729443,239280,23166,267935,1171952,2203227,247214,568987,565015,417835,105851,17020,24308,3973,19553060,11978334
2023:Q3,BabyBoom,78636951,21793527,18827628,2965899,56843424,6126554,2138976,3064185,3064185,0,728435,700128,28307,20045810,950807,1252227,4559688,9228020,8080285,668438,4569393,4552012,2809300,1052172,126385,564155,17380,74067558,41296659
2023:Q3,GenX,43617667,15689770,13456778,2232992,27927897,3568345,693681,688095,688095,0,145910,128834,17076,7587281,622769,1210762,3838182,5180409,4009550,382912,6931848,6919784,4999417,1714561,105488,100318,12065,36685818,35134362
2023:Q3,Millennial,20204195,10005841,8217556,1788286,10198354,1902237,135882,290135,290135,0,42189,27823,14366,2639303,228891,274276,1146882,1376202,1881291,281068,6888883,6883614,4709131,2055360,68505,50619,5269,13315312,43704100
2023:Q4,Silent,20436669,5406311,4582195,824116,15030358,1941966,710893,933020,933020,0,136720,123986,12734,7224064,237161,31981,285835,1180079,2101025,247615,557166,553188,408566,104234,16675,23713,3978,19879503,11707072
2023:Q4,BabyBoom,81212793,21617675,18650318,2967358,59595118,6162958,2256558,3327190,3327190,0,749172,721005,28167,21891087,963242,1087478,4887024,9669346,7917390,683674,4542614,4524914,2776199,1059433,126396,562887,17700,76670179,41238302
2023:Q4,GenX,44784137,15588033,13349601,2238432,29196104,3591868,738467,728704,728704,0,146870,129860,17011,8424193,630356,1161080,4205651,5234168,3942373,392375,6953709,6941317,5007846,1727484,105599,100387,12392,37830429,35078539
2023:Q4,Millennial,20674732,10041101,8214435,1826666,10633631,1941317,142825,287951,287951,0,45655,31221,14434,2977301,229716,271402,1271545,1346477,1827522,291920,7059530,7054227,4836789,2097075,69421,50942,5303,13615202,44156600
2024:Q1,Silent,20697230,5361272,4551289,809983,15335958,1921489,708506,899368,899368,0,133337,121012,12325,7674302,237804,28215,296102,1161360,2030324,245151,541369,537289,396228,99483,16574,25003,4080,20155861,11433416
2024:Q1,BabyBoom,84073423,22084363,19092079,2992284,61989059,6278299,2306843,3265511,3265511,0,749313,721294,28019,23762937,991339,1145693,5135652,9789806,7869684,693982,4508485,4490044,2723780,1042261,127750,596253,18441,79564937,41303417
2024:Q1,GenX,46244906,15823410,13567087,2256322,30421497,3663261,755721,720061,720061,0,147239,130312,16927,9257344,646773,1178872,4476435,5257901,3919850,398040,6914429,6901306,4986098,1707890,107687,99630,13124,39330477,35078384
2024:Q1,Millennial,21741099,10537993,8661023,1876970,11203107,2021245,147246,296514,296514,0,45650,31149,14501,3330247,228970,277726,1373057,1361392,1820383,300678,7206934,7201615,4964821,2106729,72043,58022,5319,14534165,44801087
2024:Q2,Silent,20577763,5353749,4559859,793890,15224014,1856196,709909,909127,909127,0,129436,117523,11913,7663433,234996,25933,294020,1142130,2016241,242594,529155,525159,386648,97403,15675,25433,3996,20048608,11159655
2024:Q2,BabyBoom,85446646,22723167,19730547,2992620,62723479,6149597,2359525,3404599,3404599,0,741693,713987,27706,24200947,1000067,1174990,5190429,9844302,7956615,700714,4486125,4467691,2688391,1040938,125366,612996,18435,80960521,41144611
2024:Q2,GenX,47004058,16201045,13936147,2264898,30803013,3584470,778304,744221,744221,0,147707,130874,16833,9486289,654460,1190605,4556374,5286008,3970904,403669,6918827,6905666,4994664,1707536,103906,99560,13161,40085231,35066651
2024:Q2,Millennial,22771340,11288470,9371809,1916661,11482869,1989581,152747,299458,299458,0,44852,30274,14578,3470804,232142,284053,1420512,1384470,1894103,310148,7380010,7374581,5106831,2134977,70242,62531,5429,15391330,45522037
2024:Q3,Silent,20893274,5250503,4466680,783823,15642771,1829323,734444,936180,936180,0,135013,123513,11500,8070202,235393,23190,303419,1134270,1999180,242157,519191,515453,380276,94938,14907,25332,3738,20374083,10947968
2024:Q3,BabyBoom,87423290,22497314,19509197,2988117,64925976,6130068,2471066,3605035,3605035,0,791181,764031,27150,25713694,1014066,1214039,5372317,9932982,7974095,707432,4452606,4434970,2666570,1029441,122610,616348,17637,82970683,40838223
2024:Q3,GenX,48222176,16186295,13907774,2278521,32035882,3598078,827650,778882,778882,0,150249,133586,16664,10257715,667749,1207570,4804493,5326843,4005698,410955,6937416,6924990,5011959,1712661,100304,100065,12427,41284760,35055710
2024:Q3,Millennial,23480729,11394778,9431857,1962920,12085952,2028687,161443,298449,298449,0,53965,39412,14553,3823101,233552,291280,1522100,1402275,1949933,321166,7555844,7550215,5226238,2190722,68498,64756,5630,15924885,46247193
2024:Q4,Silent,20711179,5145840,4365732,780108,15565339,1818113,774730,914432,914432,0,108239,97133,11107,8039747,233212,25171,298126,1125949,1985657,241964,501560,497873,372437,90904,7690,26842,3688,20209619,10745906
2024:Q4,BabyBoom,87489737,22277709,19272629,3005079,65212028,6191204,2641569,3547465,3547465,0,620267,593628,26639,25931167,1017533,1164783,5346757,10026761,8008978,715545,4354171,4336557,2602279,1001692,83087,649500,17614,83135565,40591007
2024:Q4,GenX,48634808,16186833,13878357,2308477,32447975,3669039,901420,776585,776585,0,143943,127429,16514,10432513,674641,1198043,4814224,5369970,4048418,419179,6868767,6856261,5024806,1682780,49022,99653,12507,41766040,35093490
2024:Q4,Millennial,23804883,11431792,9414266,2017526,12373092,2105079,172316,307584,307584,0,26299,11812,14486,3935679,236528,293963,1543326,1414346,2006162,331810,7677333,7671612,5396008,2172683,29856,73065,5722,16127550,46847669
2025:Q1,Silent,20251676,5094902,4329327,765575,15156774,1803260,775776,913439,913439,0,110012,99384,10628,7740384,225088,26430,283848,1104038,1935698,238799,485300,481358,363026,87977,4030,26325,3942,19766376,10547570
2025:Q1,BabyBoom,87211686,22420577,19396456,3024121,64791109,6278151,2697750,3628604,3628604,0,647839,621722,26117,25486757,1000742,1135205,5222250,9993240,7980471,720100,4289818,4270934,2576737,991401,52369,650427,18885,82921868,40628346
2025:Q1,GenX,48722909,16357741,14010292,2347450,32365168,3750163,928257,795366,795366,0,146902,130544,16358,10273760,668456,1198496,4694076,5420257,4064945,424491,6849786,6835867,5027336,1682856,24780,100895,13920,41873123,35341224
2025:Q1,Millennial,24361210,11861178,9757200,2103977,12500032,2184399,178315,313110,313110,0,30137,15784,14353,3915013,246969,298490,1521548,1456109,2016171,339771,7775361,7769660,5481001,2201073,13417,74168,5701,16585849,47700990
2025:Q2,Silent,20669246,5090665,4326032,764633,15578581,1775786,773683,915828,915828,0,107132,96900,10233,8226960,223272,23173,299918,1091658,1904691,236480,477124,473308,356931,86785,2054,27539,3816,20192122,10385057
2025:Q2,BabyBoom,90120629,22841677,19774852,3066825,67278952,6269142,2733266,3712757,3712757,0,640290,614642,25648,27436741,1008495,1195870,5536062,10036057,7985904,724368,4287741,4269094,2564711,992425,30136,681822,18647,85832888,40636032
2025:Q2,GenX,50504035,16658516,14264657,2393859,33845519,3754621,945033,812607,812607,0,147559,131375,16184,11226172,676128,1224292,5077518,5466428,4086422,428739,6858201,6844510,5045011,1686374,12277,100849,13691,43645834,35485150
2025:Q2,Millennial,25669181,12466793,10275174,2191619,13202387,2211530,183598,318168,318168,0,28574,14308,14266,4349099,251919,307116,1668867,1489857,2045606,348052,7922735,7916868,5598090,2230712,5984,82082,5867,17746446,48570028
2025:Q3,Silent,21118668,5003636,4236854,766782,16115031,1759255,795701,920436,920436,0,105785,96048,9737,8740936,221908,20221,311594,1083914,1920640,234642,471953,468512,352220,84939,1602,29751,3441,20646715,10235596
2025:Q3,BabyBoom,92456088,22643548,19551320,3092228,69812540,6273384,2839509,3787107,3787107,0,639810,615022,24788,29352843,1012199,1247347,5756092,10077322,8101264,725663,4298471,4281166,2544225,983530,24354,729058,17305,88157616,40440106
2025:Q3,GenX,52058880,16679742,14252381,2427361,35379138,3783053,994303,829389,829389,0,148369,132543,15826,12214146,682953,1246974,5376369,5507971,4163139,432470,6881400,6869063,5066776,1692646,9608,100034,12337,45177480,35548358
2025:Q3,Millennial,26449302,12475346,10227729,2247617,13973956,2257495,192239,321549,321549,0,28339,14403,13936,4802096,255777,314766,1789109,1513637,2143397,355551,8102726,8096591,5718600,2279209,4575,94206,6136,18346576,49266067
2025:Q4,Silent,20937244,4866403,4103337,763066,16070841,1724377,826972,912361,912361,0,101238,91970,9268,8779135,216503,20812,309007,1068818,1878045,233572,463195,459637,343882,83144,1391,31220,3558,20474049,9956579
2025:Q4,BabyBoom,93388262,22493754,19370034,3123720,70894508,6284976,3014263,3850221,3850221,0,623753,599575,24178,30062377,1007948,1218323,5808969,10201506,8085201,736971,4317256,4299210,2525581,982976,21822,768830,18047,89071005,40152681
2025:Q4,GenX,52766828,16702491,14239837,2462654,36064336,3814565,1071841,843094,843094,0,147977,132404,15573,12623992,683900,1240220,5477236,5541503,4177632,442375,6909498,6896266,5084622,1704236,8515,98892,13232,45857330,35490377
2025:Q4,Millennial,26874528,12504553,10200215,2304338,14369975,2307985,203777,323642,323642,0,25833,12080,13753,5025546,259895,317562,1844037,1516563,2176699,368436,8273452,8267329,5829124,2329052,4037,105116,6122,18601077,49763300
2026:Q1,Silent,20098487,4750222,4001049,749172,15348266,1683829,810873,869858,869858,0,103338,94702,8637,8266603,208623,21075,289414,1029885,1839356,225411,444272,440334,330090,78366,1377,30501,3938,19654215,9558574
2026:Q1,BabyBoom,94162738,23057564,19837289,3220275,71105174,6477161,3100103,3835975,3835975,0,676254,652514,23740,29710630,1018615,1202380,5730028,10335100,8273143,745786,4320887,4300506,2517497,976492,22593,783924,20380,89841851,40424053
2026:Q1,GenX,52241517,16756836,14249459,2507377,35484681,3882662,1087273,829363,829363,0,148699,133601,15098,12229418,679517,1219875,5282942,5491397,4193225,440309,6843387,6827926,5043868,1678432,8708,96918,15460,45398130,35133776
2026:Q1,Millennial,27503071,13058522,10635545,2422977,14444549,2408853,208012,328398,328398,0,33823,20433,13390,4939499,261174,318000,1805893,1514798,2253700,372400,8387648,8381762,5929528,2339742,4211,108281,5886,19115423,50016969
